{"brand": {"avg_time": 200.80497687780385, "loss": 0.0012297531831173547}, "estimate": {"accuracy": 0.9999180395200045, "entropy": 4.4382337859511365, "index": 36.12923170940437, "meanscore": 0.9993318982707562, "prediction_time": 29.13894903627017}, "mark": {"avg_time": 9.575694033704055, "falsepos": 0.0097775069216115}, "product": {"accuracy": 0.9999989797409488}, "reports": {"auc": 0.9999927387882827, "benchmark": 3.2392697899793568, "f1-score": 0.9998537796720135}, "train_full": {"benchmark": 4.593290330346036}}