{"brand": {"avg_time": 5071.3065052132115, "loss": 9.92195706706056e-08}, "estimate": {"accuracy": 0.9999999998156518, "entropy": 7.538560484829707, "index": 486.7336455134803, "meanscore": 0.9999999120830898, "prediction_time": 320.03433451246383}, "mark": {"avg_time": 50.68360518599312, "falsepos": 1.1425834168021787e-05}, "product": {"accuracy": 0.9999999999999942}, "reports": {"auc": 0.9999999999999336, "benchmark": 4.848997474733795, "f1-score": 0.9999999921122156}, "train_full": {"benchmark": 7.479209163959915}}