{"brand": {"avg_time": 152.51700454436258, "loss": 0.0016634678900372402}, "estimate": {"accuracy": 0.9998570336872501, "entropy": 4.366321833196473, "index": 30.13612076916095, "meanscore": 0.9988871481323829, "prediction_time": 26.064911637504807}, "mark": {"avg_time": 7.859204636516014, "falsepos": 0.012361216974768663}, "product": {"accuracy": 0.9999967955730524}, "reports": {"auc": 0.999986964156783, "benchmark": 3.205196819301204, "f1-score": 0.9999061010067783}, "train_full": {"benchmark": 4.480650552964502}}