{"brand": {"avg_time": 34.54952270003561, "loss": 0.022053446065121385}, "estimate": {"accuracy": 0.9960324552393259, "entropy": 2.9668262422783642, "index": 8.872790075639044, "meanscore": 0.9802568301969367, "prediction_time": 9.833447929699965}, "mark": {"avg_time": 4.426787042279999, "falsepos": 0.07630925987878623}, "product": {"accuracy": 0.9995940907048739}, "reports": {"auc": 0.9976040938532997, "benchmark": 2.463926837165506, "f1-score": 0.9952451602303918}, "train_full": {"benchmark": 3.0752480658426173}}