{"brand": {"avg_time": 1170.716541704242, "loss": 8.742288823970767e-06}, "estimate": {"accuracy": 0.9999997535227941, "entropy": 6.2067026856921546, "index": 155.4831123883315, "meanscore": 0.9999944038607707, "prediction_time": 116.05466472175937}, "mark": {"avg_time": 24.312516017906876, "falsepos": 0.00020946505531538318}, "product": {"accuracy": 0.9999999999023431}, "reports": {"auc": 0.9999999997471682, "benchmark": 4.2263475890958, "f1-score": 0.9999996388758474}, "train_full": {"benchmark": 6.226569028679167}}