{"brand": {"avg_time": 58.322889440538376, "loss": 0.013545634777312743}, "estimate": {"accuracy": 0.9982244504322312, "entropy": 3.316289000042321, "index": 12.786867529143265, "meanscore": 0.98669219181165, "prediction_time": 13.619462842042264}, "mark": {"avg_time": 4.780252696016867, "falsepos": 0.05308229750480864}, "product": {"accuracy": 0.999915544252139}, "reports": {"auc": 0.9994579806037541, "benchmark": 2.724094743019456, "f1-score": 0.9977583307625466}, "train_full": {"benchmark": 3.5008475073585728}}