{"brand": {"avg_time": 8.873759392132808, "loss": 0.17189828453838651}, "estimate": {"accuracy": 0.9301565446166886, "entropy": 1.6208056438417096, "index": 2.4949642874866265, "meanscore": 0.8250855824277882, "prediction_time": 3.3398898081090573}, "mark": {"avg_time": 1.9119837607067756, "falsepos": 0.30604597186778093}, "product": {"accuracy": 0.9717340357295926}, "reports": {"auc": 0.9257247697781168, "benchmark": 1.663505650029101, "f1-score": 0.9468296682213758}, "train_full": {"benchmark": 1.7415811134116086}}