{"brand": {"avg_time": 5032.156538187275, "loss": 8.89929734348982e-08}, "estimate": {"accuracy": 0.9999999992904972, "entropy": 7.440222694385195, "index": 460.6644084911131, "meanscore": 0.9999999378720057, "prediction_time": 291.570342887812}, "mark": {"avg_time": 51.88317031959101, "falsepos": 1.5954712203503085e-05}, "product": {"accuracy": 0.9999999999999597}, "reports": {"auc": 0.999999999999888, "benchmark": 4.813328374050269, "f1-score": 0.9999999902075098}, "train_full": {"benchmark": 7.390025353195103}}