{"brand": {"avg_time": 12.483977290410373, "loss": 0.1175745603353957}, "estimate": {"accuracy": 0.9741123653568573, "entropy": 1.9619509430467867, "index": 3.3083524245377345, "meanscore": 0.898259820559101, "prediction_time": 4.838545420635651}, "mark": {"avg_time": 2.2914403716677922, "falsepos": 0.26848506517318693}, "product": {"accuracy": 0.9890998732897689}, "reports": {"auc": 0.9610737625828658, "benchmark": 1.754488991941534, "f1-score": 0.9630014992333663}, "train_full": {"benchmark": 2.062230480538117}}