{"brand": {"avg_time": 8.759908812009083, "loss": 0.17191014810517324}, "estimate": {"accuracy": 0.9472228279772135, "entropy": 1.6890661132734885, "index": 2.702591717500761, "meanscore": 0.8581022147043407, "prediction_time": 3.237440152330393}, "mark": {"avg_time": 2.246892207449306, "falsepos": 0.2933366386585562}, "product": {"accuracy": 0.9820047118760143}, "reports": {"auc": 0.9346939981451837, "benchmark": 1.6307050967011398, "f1-score": 0.94788779263886}, "train_full": {"benchmark": 1.837416073851501}}