{"brand": {"avg_time": 5.748950334814529, "loss": 0.21666543626417378}, "estimate": {"accuracy": 0.8979794698334325, "entropy": 1.1502178695298406, "index": 1.7102367151000106, "meanscore": 0.754115960267109, "prediction_time": 2.4107867366301017}, "mark": {"avg_time": 1.6392415087187104, "falsepos": 0.3925521560567323}, "product": {"accuracy": 0.9487637953820252}, "reports": {"auc": 0.8584480591499513, "benchmark": 1.3114559608197416, "f1-score": 0.8577180117301622}, "train_full": {"benchmark": 1.4054494362156804}}