{"brand": {"avg_time": 20449.60790873525, "loss": 7.181624184227076e-10}, "estimate": {"accuracy": 0.9999999999994562, "entropy": 8.687328741379433, "index": 1427.0032977525573, "meanscore": 0.9999999997345218, "prediction_time": 891.7789186876528}, "mark": {"avg_time": 95.13942329323373, "falsepos": 2.0475322748403357e-07}, "product": {"accuracy": 1.0}, "reports": {"auc": 1.0, "benchmark": 5.682848486019945, "f1-score": 0.9999999998163673}, "train_full": {"benchmark": 8.645716315673159}}