{"brand": {"avg_time": 8182.276179401119, "loss": 1.7888886927330816e-08}, "estimate": {"accuracy": 0.9999999999324232, "entropy": 7.952422781887261, "index": 719.8289883811162, "meanscore": 0.999999973180733, "prediction_time": 464.86361437695587}, "mark": {"avg_time": 62.74404778326854, "falsepos": 2.5680870612276863e-06}, "product": {"accuracy": 0.9999999999999994}, "reports": {"auc": 0.9999999999999984, "benchmark": 5.218985345391079, "f1-score": 0.999999998197765}, "train_full": {"benchmark": 7.796845448795573}}