{"brand": {"avg_time": 134.37983470949675, "loss": 0.002452256164179545}, "estimate": {"accuracy": 0.9997890675456524, "entropy": 4.197495321799126, "index": 25.43797394338839, "meanscore": 0.9979435007311959, "prediction_time": 24.79139262619916}, "mark": {"avg_time": 7.351663101000964, "falsepos": 0.012262509037497593}, "product": {"accuracy": 0.9999960165758633}, "reports": {"auc": 0.9999715646895968, "benchmark": 3.051863072099993, "f1-score": 0.9997367533938545}, "train_full": {"benchmark": 4.195428489389522}}