{"brand": {"avg_time": 48343.79923671221, "loss": 2.2237656160939423e-11}, "estimate": {"accuracy": 0.9999999999999888, "entropy": 9.427252067587979, "index": 2788.7630522853065, "meanscore": 0.999999999980006, "prediction_time": 1677.0327449590843}, "mark": {"avg_time": 153.96346589539564, "falsepos": 1.1676841937813265e-08}, "product": {"accuracy": 1.0}, "reports": {"auc": 1.0, "benchmark": 6.045147922103583, "f1-score": 0.9999999999982195}, "train_full": {"benchmark": 9.423639369057472}}