{"brand": {"avg_time": 9.691865214472239, "loss": 0.139947865133623}, "estimate": {"accuracy": 0.9581891855921735, "entropy": 1.762443596524787, "index": 3.0301578297039007, "meanscore": 0.8713295309623951, "prediction_time": 4.451684272558572}, "mark": {"avg_time": 2.4460039668134876, "falsepos": 0.2862893322471065}, "product": {"accuracy": 0.9799474859353016}, "reports": {"auc": 0.9511936407093653, "benchmark": 1.7330043983703298, "f1-score": 0.9387679950787475}, "train_full": {"benchmark": 1.9949049921796407}}