{"brand": {"avg_time": 304596.35858547076, "loss": 5.329070518200751e-15}, "estimate": {"accuracy": 1.0, "entropy": 11.11833046050459, "index": 10796.471241764686, "meanscore": 0.9999999999999891, "prediction_time": 5664.017106149855}, "mark": {"avg_time": 426.32287038640163, "falsepos": 2.7622459874976357e-11}, "product": {"accuracy": 1.0}, "reports": {"auc": 1.0, "benchmark": 6.955399511395851, "f1-score": 0.9999999999999996}, "train_full": {"benchmark": 11.063400452082735}}