{"brand": {"avg_time": 1798404.9972921724, "loss": 0.0}, "estimate": {"accuracy": 1.0, "entropy": 12.58192343478952, "index": 43932.58069995945, "meanscore": 1.0, "prediction_time": 20934.432532896415}, "mark": {"avg_time": 1042.2016905356613, "falsepos": 5.906386491005833e-14}, "product": {"accuracy": 1.0}, "reports": {"auc": 1.0, "benchmark": 7.749948573159684, "f1-score": 1.0}, "train_full": {"benchmark": 12.376112251137009}}