{"brand": {"avg_time": 180.8615098452469, "loss": 0.001231610056672272}, "estimate": {"accuracy": 0.999938861308665, "entropy": 4.425829654331699, "index": 33.983221087267275, "meanscore": 0.9989726863432732, "prediction_time": 27.372698364374372}, "mark": {"avg_time": 9.764378076790912, "falsepos": 0.010267552954005277}, "product": {"accuracy": 0.9999984550423664}, "reports": {"auc": 0.9999916683259391, "benchmark": 3.2116747317400987, "f1-score": 0.9998685710442164}, "train_full": {"benchmark": 4.583410090437767}}