{"brand": {"avg_time": 25240.13313677685, "loss": 2.179036950877844e-10}, "estimate": {"accuracy": 0.9999999999998772, "entropy": 8.935697236573429, "index": 1733.8169618471113, "meanscore": 0.9999999997612005, "prediction_time": 1001.5724051467251}, "mark": {"avg_time": 106.7568381067614, "falsepos": 7.40372301244463e-08}, "product": {"accuracy": 1.0}, "reports": {"auc": 1.0, "benchmark": 5.7522600520752345, "f1-score": 0.9999999999796424}, "train_full": {"benchmark": 8.983262083936047}}