{"brand": {"avg_time": 137.50688382121984, "loss": 0.0021992671594819324}, "estimate": {"accuracy": 0.9997939446016294, "entropy": 4.218744442866125, "index": 26.500877620809288, "meanscore": 0.9978170822467074, "prediction_time": 24.650246714844958}, "mark": {"avg_time": 7.708945389880354, "falsepos": 0.011619052096231153}, "product": {"accuracy": 0.9999953866095136}, "reports": {"auc": 0.9999803571318998, "benchmark": 3.0893444952496107, "f1-score": 0.9997978541898462}, "train_full": {"benchmark": 4.254895261610354}}