{"brand": {"avg_time": 339594.2286032189, "loss": 1.1102230246251565e-15}, "estimate": {"accuracy": 1.0, "entropy": 11.247890204169831, "index": 12866.038449963262, "meanscore": 0.999999999999997, "prediction_time": 6748.582123396203}, "mark": {"avg_time": 385.09968538394764, "falsepos": 1.0291767438275201e-11}, "product": {"accuracy": 1.0}, "reports": {"auc": 1.0, "benchmark": 6.961882761325338, "f1-score": 0.9999999999999987}, "train_full": {"benchmark": 11.19846738031372}}