{"brand": {"avg_time": 16.28628695764023, "loss": 0.08699213088254809}, "estimate": {"accuracy": 0.9793800435739627, "entropy": 2.190441902655575, "index": 4.25828828098964, "meanscore": 0.9247250029858687, "prediction_time": 5.517451896654704}, "mark": {"avg_time": 2.4012158739719522, "falsepos": 0.1825182577968879}, "product": {"accuracy": 0.9925358648088841}, "reports": {"auc": 0.9796736191088801, "benchmark": 1.9512346933051166, "f1-score": 0.9818235517276626}, "train_full": {"benchmark": 2.3396012786346647}}