{"brand": {"avg_time": 664769.3022428417, "loss": 0.0}, "estimate": {"accuracy": 1.0, "entropy": 11.77461914926307, "index": 20995.423390789823, "meanscore": 1.0, "prediction_time": 10213.184961057395}, "mark": {"avg_time": 670.1225383169389, "falsepos": 1.4293011219024265e-12}, "product": {"accuracy": 1.0}, "reports": {"auc": 1.0, "benchmark": 7.288310837657833, "f1-score": 0.9999999999999999}, "train_full": {"benchmark": 11.587412708540311}}