{"brand": {"avg_time": 18027.674189813795, "loss": 8.691353192702422e-10}, "estimate": {"accuracy": 0.9999999999976064, "entropy": 8.632588722273981, "index": 1238.5259343791208, "meanscore": 0.9999999975887901, "prediction_time": 757.019175416244}, "mark": {"avg_time": 93.15379222664046, "falsepos": 2.2718013426015204e-07}, "product": {"accuracy": 1.0}, "reports": {"auc": 1.0, "benchmark": 5.463757735598406, "f1-score": 0.9999999999236515}, "train_full": {"benchmark": 8.525121293577577}}