{"brand": {"avg_time": 100.51296116673882, "loss": 0.004847184526754589}, "estimate": {"accuracy": 0.9994999428891657, "entropy": 3.8275091692098298, "index": 19.859065771778535, "meanscore": 0.9959895638552714, "prediction_time": 20.721524754873215}, "mark": {"avg_time": 6.721541387492641, "falsepos": 0.025309511976991272}, "product": {"accuracy": 0.9999784405865654}, "reports": {"auc": 0.9999374337843653, "benchmark": 2.904597244179259, "f1-score": 0.9993105822346209}, "train_full": {"benchmark": 3.8869107904058353}}