{"brand": {"avg_time": 1788188.8004688774, "loss": 0.0}, "estimate": {"accuracy": 1.0, "entropy": 12.53474510388725, "index": 42795.369472072154, "meanscore": 1.0, "prediction_time": 19827.205238184215}, "mark": {"avg_time": 956.3326543771046, "falsepos": 8.248957072964913e-14}, "product": {"accuracy": 1.0}, "reports": {"auc": 1.0, "benchmark": 7.780237639667154, "f1-score": 1.0}, "train_full": {"benchmark": 12.361961024458456}}