{"brand": {"avg_time": 635822.6886766815, "loss": 0.0}, "estimate": {"accuracy": 1.0, "entropy": 11.77335944541004, "index": 19038.050555695438, "meanscore": 0.9999999999999999, "prediction_time": 10622.492159429727}, "mark": {"avg_time": 638.2097196050564, "falsepos": 1.7817969322209137e-12}, "product": {"accuracy": 1.0}, "reports": {"auc": 1.0, "benchmark": 7.291181137945561, "f1-score": 0.9999999999999998}, "train_full": {"benchmark": 11.5694471892146}}