{"brand": {"avg_time": 137.59537482524112, "loss": 0.0021979727787146963}, "estimate": {"accuracy": 0.9997940726269839, "entropy": 4.218894618661394, "index": 26.48142146195206, "meanscore": 0.9978201899284096, "prediction_time": 24.6714013356904}, "mark": {"avg_time": 7.700840832727979, "falsepos": 0.011619616949694378}, "product": {"accuracy": 0.9999953909550963}, "reports": {"auc": 0.9999803396348963, "benchmark": 3.0902220879950857, "f1-score": 0.9997980010451138}, "train_full": {"benchmark": 4.254568502269225}}