{"brand": {"avg_time": 165057.17352970768, "loss": 3.574918139293004e-14}, "estimate": {"accuracy": 1.0, "entropy": 10.632100903682167, "index": 7269.656628839291, "meanscore": 0.9999999999999782, "prediction_time": 3868.591250407065}, "mark": {"avg_time": 265.8049690497707, "falsepos": 1.9060020228778285e-10}, "product": {"accuracy": 1.0}, "reports": {"auc": 1.0, "benchmark": 6.7445214477036854, "f1-score": 0.9999999999999895}, "train_full": {"benchmark": 10.575908626176611}}