{"brand": {"avg_time": 17435.546733309653, "loss": 8.53398240963088e-10}, "estimate": {"accuracy": 0.9999999999972408, "entropy": 8.566144915475991, "index": 1141.1946685902203, "meanscore": 0.9999999981769193, "prediction_time": 711.0397984809033}, "mark": {"avg_time": 93.6917807785026, "falsepos": 3.304614698551589e-07}, "product": {"accuracy": 1.0}, "reports": {"auc": 1.0, "benchmark": 5.502020693201609, "f1-score": 0.9999999999361597}, "train_full": {"benchmark": 8.481764198045596}}