{"brand": {"avg_time": 109.59590025040349, "loss": 0.004108159819250168}, "estimate": {"accuracy": 0.9996805505395716, "entropy": 3.885492257934493, "index": 21.326672222414953, "meanscore": 0.9960187479053331, "prediction_time": 22.593311418726252}, "mark": {"avg_time": 6.64729766065283, "falsepos": 0.021314248438643157}, "product": {"accuracy": 0.9999898454104444}, "reports": {"auc": 0.999934560968674, "benchmark": 2.9276955047328816, "f1-score": 0.9994961175682644}, "train_full": {"benchmark": 3.9919566645418625}}