{"brand": {"avg_time": 69634.72303580657, "loss": 3.3538727350901354e-12}, "estimate": {"accuracy": 0.9999999999999977, "entropy": 9.796726992731447, "index": 3450.938099488181, "meanscore": 0.9999999999937305, "prediction_time": 2024.3881720493423}, "mark": {"avg_time": 172.60292153653467, "falsepos": 3.477462096057593e-09}, "product": {"accuracy": 1.0}, "reports": {"auc": 1.0, "benchmark": 6.23811679675049, "f1-score": 0.9999999999996227}, "train_full": {"benchmark": 9.740328050232176}}