{"brand": {"avg_time": 26.379006284191338, "loss": 0.027757299271668923}, "estimate": {"accuracy": 0.9949908729952694, "entropy": 2.757838901296522, "index": 7.739650743514864, "meanscore": 0.9697626901129301, "prediction_time": 8.713584335114357}, "mark": {"avg_time": 4.283226346653089, "falsepos": 0.10289675403015675}, "product": {"accuracy": 0.99932737874219}, "reports": {"auc": 0.9967440070856382, "benchmark": 2.295173676513902, "f1-score": 0.9937242864221059}, "train_full": {"benchmark": 2.8529079352471673}}