{"brand": {"avg_time": 609794.0835767394, "loss": 2.220446049250313e-16}, "estimate": {"accuracy": 1.0, "entropy": 11.739581394699119, "index": 17909.39344295199, "meanscore": 0.9999999999999998, "prediction_time": 9138.871146313364}, "mark": {"avg_time": 546.4352569228911, "falsepos": 2.87347923233483e-12}, "product": {"accuracy": 1.0}, "reports": {"auc": 1.0, "benchmark": 7.236338326554499, "f1-score": 0.9999999999999999}, "train_full": {"benchmark": 11.538877444932883}}