{"brand": {"avg_time": 1105.3997510000797, "loss": 8.193613683982193e-06}, "estimate": {"accuracy": 0.9999997712916323, "entropy": 6.135549939927073, "index": 150.18156349888082, "meanscore": 0.999992629268587, "prediction_time": 120.4330516372018}, "mark": {"avg_time": 22.294487544937983, "falsepos": 0.00021842775503677636}, "product": {"accuracy": 0.9999999997543972}, "reports": {"auc": 0.9999999996869997, "benchmark": 4.188907524616074, "f1-score": 0.9999994173252333}, "train_full": {"benchmark": 6.186326562831919}}