{"brand": {"avg_time": 19118.861401486618, "loss": 8.45488679068751e-10}, "estimate": {"accuracy": 0.9999999999984186, "entropy": 8.643995871374557, "index": 1329.0123290438482, "meanscore": 0.9999999989445219, "prediction_time": 928.9682803366214}, "mark": {"avg_time": 94.16322286229547, "falsepos": 2.05886997228788e-07}, "product": {"accuracy": 1.0}, "reports": {"auc": 1.0, "benchmark": 5.564645748412749, "f1-score": 0.9999999998642872}, "train_full": {"benchmark": 8.57307090570282}}