{"brand": {"avg_time": 1871758.502491022, "loss": 0.0}, "estimate": {"accuracy": 1.0, "entropy": 12.834579132819027, "index": 50140.0610244394, "meanscore": 1.0, "prediction_time": 19311.13565573447}, "mark": {"avg_time": 1117.889208071049, "falsepos": 2.1760371282653068e-14}, "product": {"accuracy": 1.0}, "reports": {"auc": 1.0, "benchmark": 7.874931896041862, "f1-score": 1.0}, "train_full": {"benchmark": 12.524645820511726}}