{"brand": {"avg_time": 6859.923538085477, "loss": 4.0174375715018584e-08}, "estimate": {"accuracy": 0.9999999998093485, "entropy": 7.6254257682496105, "index": 557.9239352178903, "meanscore": 0.9999999549910596, "prediction_time": 390.72315422831167}, "mark": {"avg_time": 63.6557272106841, "falsepos": 9.383951195651719e-06}, "product": {"accuracy": 0.9999999999999972}, "reports": {"auc": 0.9999999999999803, "benchmark": 4.96239425063546, "f1-score": 0.9999999844388862}, "train_full": {"benchmark": 7.590989164717201}}