{"brand": {"avg_time": 3447.0053251681384, "loss": 3.045546875801719e-07}, "estimate": {"accuracy": 0.9999999985785385, "entropy": 7.1603893201864945, "index": 360.5054434931999, "meanscore": 0.9999998162605275, "prediction_time": 248.96508874141279}, "mark": {"avg_time": 40.77804893485516, "falsepos": 2.5903034522434254e-05}, "product": {"accuracy": 0.9999999999998272}, "reports": {"auc": 0.9999999999993804, "benchmark": 4.702385929757403, "f1-score": 0.9999999792936475}, "train_full": {"benchmark": 7.183343175114127}}