{"brand": {"avg_time": 41407.50081071221, "loss": 5.970390848375473e-11}, "estimate": {"accuracy": 0.9999999999999727, "entropy": 9.234143357703731, "index": 2240.8724548533296, "meanscore": 0.9999999999107217, "prediction_time": 1197.9161469856322}, "mark": {"avg_time": 138.782964895312, "falsepos": 3.063477649334345e-08}, "product": {"accuracy": 1.0}, "reports": {"auc": 1.0, "benchmark": 5.972002293848758, "f1-score": 0.9999999999895299}, "train_full": {"benchmark": 9.186148438557206}}