{"brand": {"avg_time": 661252.109781436, "loss": 0.0}, "estimate": {"accuracy": 1.0, "entropy": 11.769353397805345, "index": 21357.455747433916, "meanscore": 1.0, "prediction_time": 9976.844891208091}, "mark": {"avg_time": 665.590981445744, "falsepos": 1.5432100042289676e-12}, "product": {"accuracy": 1.0}, "reports": {"auc": 1.0, "benchmark": 7.259791021988261, "f1-score": 0.9999999999999998}, "train_full": {"benchmark": 11.615659883166431}}