{"brand": {"avg_time": 8265.682799035538, "loss": 1.644324032490374e-08}, "estimate": {"accuracy": 0.9999999999405891, "entropy": 7.964105434179066, "index": 719.182124802139, "meanscore": 0.9999999710030585, "prediction_time": 446.40230273672057}, "mark": {"avg_time": 68.71237469638459, "falsepos": 3.2057822716424766e-06}, "product": {"accuracy": 0.9999999999999994}, "reports": {"auc": 0.9999999999999982, "benchmark": 5.169171996423589, "f1-score": 0.9999999982449681}, "train_full": {"benchmark": 7.790430509645327}}