{"brand": {"avg_time": 314603.0526357428, "loss": 5.218048215738236e-15}, "estimate": {"accuracy": 1.0, "entropy": 11.170291735326627, "index": 11133.722605475186, "meanscore": 0.9999999999999905, "prediction_time": 6436.9335841533275}, "mark": {"avg_time": 441.2540960057267, "falsepos": 2.009536981262272e-11}, "product": {"accuracy": 1.0}, "reports": {"auc": 1.0, "benchmark": 6.949506147673412, "f1-score": 0.9999999999999996}, "train_full": {"benchmark": 11.075676460976279}}