{"brand": {"avg_time": 8320.683353633722, "loss": 1.7567443721944187e-08}, "estimate": {"accuracy": 0.9999999999313597, "entropy": 7.956664789643138, "index": 726.5977623689114, "meanscore": 0.999999973536842, "prediction_time": 472.5170587313126}, "mark": {"avg_time": 64.4217756191863, "falsepos": 2.7866905878415338e-06}, "product": {"accuracy": 0.9999999999999994}, "reports": {"auc": 0.9999999999999984, "benchmark": 5.215704258024909, "f1-score": 0.9999999982782036}, "train_full": {"benchmark": 7.807809781500909}}