{"brand": {"avg_time": 673.5082774240193, "loss": 4.430800857402328e-05}, "estimate": {"accuracy": 0.9999984295257114, "entropy": 5.649487317650075, "index": 98.9928109364027, "meanscore": 0.9999731280581754, "prediction_time": 77.39583628745295}, "mark": {"avg_time": 18.331046130845333, "falsepos": 0.0008373269747430356}, "product": {"accuracy": 0.9999999977597737}, "reports": {"auc": 0.9999999879826111, "benchmark": 3.818266046562019, "f1-score": 0.9999959268290091}, "train_full": {"benchmark": 5.732034040158709}}