{"brand": {"avg_time": 2.932006617354011, "loss": 0.3417989780888524}, "estimate": {"accuracy": 0.804294753800758, "entropy": 0.6077664391133357, "index": 0.9835392254171875, "meanscore": 0.5901087082793184, "prediction_time": 1.6010780624880285}, "mark": {"avg_time": 1.0870240344141517, "falsepos": 0.48922338359860673}, "product": {"accuracy": 0.8464122095439395}, "reports": {"auc": 0.716823359331532, "benchmark": 1.0497123860428437, "f1-score": 0.7811283735689261}, "train_full": {"benchmark": 0.8741070531639529}}