{"brand": {"avg_time": 76.69897750727777, "loss": 0.004832260500694074}, "estimate": {"accuracy": 0.9994815804536377, "entropy": 3.787426596306374, "index": 17.747361979840786, "meanscore": 0.9941431138199623, "prediction_time": 18.383964949310514}, "mark": {"avg_time": 6.96957236086684, "falsepos": 0.03201341503621746}, "product": {"accuracy": 0.999974610635215}, "reports": {"auc": 0.9999060464124566, "benchmark": 2.783587152423593, "f1-score": 0.9995763125405461}, "train_full": {"benchmark": 3.85336488133458}}