{"brand": {"avg_time": 193798.93772322894, "loss": 2.2870594307278225e-14}, "estimate": {"accuracy": 1.0, "entropy": 10.66714144327412, "index": 8058.333987194831, "meanscore": 0.9999999999999496, "prediction_time": 4232.3313301414155}, "mark": {"avg_time": 270.02762068408947, "falsepos": 1.4171952500419138e-10}, "product": {"accuracy": 1.0}, "reports": {"auc": 1.0, "benchmark": 6.731833206844395, "f1-score": 0.9999999999999833}, "train_full": {"benchmark": 10.67694961567031}}