{"brand": {"avg_time": 66.1985845373671, "loss": 0.008519154264439943}, "estimate": {"accuracy": 0.9986281556582214, "entropy": 3.5381335361364212, "index": 15.075101705349555, "meanscore": 0.993119388327329, "prediction_time": 15.45126514126436}, "mark": {"avg_time": 5.490005410821517, "falsepos": 0.0341136003849013}, "product": {"accuracy": 0.9999161735470761}, "reports": {"auc": 0.9997080406816865, "benchmark": 2.7018568145914585, "f1-score": 0.9986543561112029}, "train_full": {"benchmark": 3.6367235221686833}}