{"brand": {"avg_time": 1716072.8680161545, "loss": 0.0}, "estimate": {"accuracy": 1.0, "entropy": 12.524146733702569, "index": 41675.349351216704, "meanscore": 1.0, "prediction_time": 18108.183145311956}, "mark": {"avg_time": 878.473527873196, "falsepos": 8.748557434046234e-14}, "product": {"accuracy": 1.0}, "reports": {"auc": 1.0, "benchmark": 7.791456950539437, "f1-score": 1.0}, "train_full": {"benchmark": 12.348520992439628}}