{"brand": {"avg_time": 648235.6722506761, "loss": 0.0}, "estimate": {"accuracy": 1.0, "entropy": 11.778093793456037, "index": 19678.077614354806, "meanscore": 0.9999999999999999, "prediction_time": 10142.05691100568}, "mark": {"avg_time": 629.005885915662, "falsepos": 1.7741363933510002e-12}, "product": {"accuracy": 1.0}, "reports": {"auc": 1.0, "benchmark": 7.303348389676103, "f1-score": 0.9999999999999999}, "train_full": {"benchmark": 11.56294721214945}}