{"brand": {"avg_time": 70.19043414381113, "loss": 0.005387734637091857}, "estimate": {"accuracy": 0.9992425703479125, "entropy": 3.7272252362107494, "index": 17.01422285397698, "meanscore": 0.9937211361500415, "prediction_time": 17.804199123764846}, "mark": {"avg_time": 6.481654373131452, "falsepos": 0.031818084847123895}, "product": {"accuracy": 0.9999521702621827}, "reports": {"auc": 0.9998940544491057, "benchmark": 2.757046891521654, "f1-score": 0.9995049421062686}, "train_full": {"benchmark": 3.8142208588619315}}