{"brand": {"avg_time": 7824.123325665464, "loss": 2.714869462572267e-08}, "estimate": {"accuracy": 0.9999999998948255, "entropy": 7.855268445897991, "index": 657.1152049610465, "meanscore": 0.9999999727360303, "prediction_time": 425.00659855425204}, "mark": {"avg_time": 60.86189132322244, "falsepos": 6.82504031002118e-06}, "product": {"accuracy": 0.9999999999999993}, "reports": {"auc": 0.999999999999994, "benchmark": 5.127740306135678, "f1-score": 0.9999999944303068}, "train_full": {"benchmark": 7.689566350905388}}