{"brand": {"avg_time": 1780.6130861078586, "loss": 2.5390487391474537e-06}, "estimate": {"accuracy": 0.999999967985459, "entropy": 6.600370888154043, "index": 214.38583783243098, "meanscore": 0.9999971243872878, "prediction_time": 179.19798664881264}, "mark": {"avg_time": 28.890190473983356, "falsepos": 0.00011687094355483651}, "product": {"accuracy": 0.9999999999834571}, "reports": {"auc": 0.999999999924562, "benchmark": 4.30623767461524, "f1-score": 0.9999998155093472}, "train_full": {"benchmark": 6.588532134219264}}