{"brand": {"avg_time": 408309.64340125816, "loss": 1.1102230246251565e-15}, "estimate": {"accuracy": 1.0, "entropy": 11.314231290800034, "index": 13633.84232133033, "meanscore": 0.999999999999998, "prediction_time": 7408.410360836398}, "mark": {"avg_time": 408.48153643835826, "falsepos": 9.944267631567527e-12}, "product": {"accuracy": 1.0}, "reports": {"auc": 1.0, "benchmark": 7.09426347969656, "f1-score": 0.9999999999999991}, "train_full": {"benchmark": 11.270518983586731}}