{"brand": {"avg_time": 2062.189399153058, "loss": 2.481542354715316e-06}, "estimate": {"accuracy": 0.9999999687386945, "entropy": 6.723194293973963, "index": 229.69340925387863, "meanscore": 0.999996248337102, "prediction_time": 177.59319291907295}, "mark": {"avg_time": 34.18081959174842, "falsepos": 0.00010980217231759681}, "product": {"accuracy": 0.999999999996668}, "reports": {"auc": 0.9999999999513005, "benchmark": 4.4273724176103055, "f1-score": 0.9999998949156004}, "train_full": {"benchmark": 6.658807696566971}}