{"brand": {"avg_time": 2506.5438308249454, "loss": 9.160834786303695e-07}, "estimate": {"accuracy": 0.9999999810857358, "entropy": 6.745633383081707, "index": 259.0484334425785, "meanscore": 0.9999974336482345, "prediction_time": 191.84557514787556}, "mark": {"avg_time": 36.24544642036189, "falsepos": 8.562688850277667e-05}, "product": {"accuracy": 0.9999999999969269}, "reports": {"auc": 0.9999999999750357, "benchmark": 4.415394561022545, "f1-score": 0.999999782626716}, "train_full": {"benchmark": 6.709341700105835}}