{"brand": {"avg_time": 4112.749897658425, "loss": 2.7876478103650015e-07}, "estimate": {"accuracy": 0.9999999984613165, "entropy": 7.276918117023459, "index": 394.6513874942789, "meanscore": 0.9999998647600213, "prediction_time": 259.08449083902104}, "mark": {"avg_time": 48.94661869846006, "falsepos": 2.2800430645397718e-05}, "product": {"accuracy": 0.9999999999998623}, "reports": {"auc": 0.9999999999996961, "benchmark": 4.690674041067081, "f1-score": 0.9999999800349844}, "train_full": {"benchmark": 7.309112251598453}}