{"brand": {"avg_time": 3038.659530195844, "loss": 3.340586693934e-07}, "estimate": {"accuracy": 0.9999999975223237, "entropy": 7.059102201457208, "index": 332.02307567636194, "meanscore": 0.9999995134780229, "prediction_time": 252.4877080253109}, "mark": {"avg_time": 39.68548326263072, "falsepos": 2.4473554040005396e-05}, "product": {"accuracy": 0.9999999999998733}, "reports": {"auc": 0.9999999999982738, "benchmark": 4.655636191046485, "f1-score": 0.9999999816131327}, "train_full": {"benchmark": 7.057959377471217}}