{"brand": {"avg_time": 41.7062683730209, "loss": 0.02026772086868822}, "estimate": {"accuracy": 0.9951767390378413, "entropy": 3.0592965757832578, "index": 9.498017908689095, "meanscore": 0.9770679252052745, "prediction_time": 9.860712098151295}, "mark": {"avg_time": 4.374125636698033, "falsepos": 0.06776210946716898}, "product": {"accuracy": 0.9995262350824011}, "reports": {"auc": 0.9980593181345633, "benchmark": 2.4243446248165825, "f1-score": 0.9959428646472968}, "train_full": {"benchmark": 3.1066320986775016}}