{"brand": {"avg_time": 1774.0271607446086, "loss": 3.5027955572752845e-06}, "estimate": {"accuracy": 0.9999999060203647, "entropy": 6.469249269525729, "index": 197.15313663752406, "meanscore": 0.9999946231348384, "prediction_time": 154.48963159159035}, "mark": {"avg_time": 28.9308401143283, "falsepos": 0.0001635934462239641}, "product": {"accuracy": 0.9999999999760822}, "reports": {"auc": 0.9999999998557927, "benchmark": 4.315237528935653, "f1-score": 0.999999663267689}, "train_full": {"benchmark": 6.4581579538564}}