{"brand": {"avg_time": 552.9033561333633, "loss": 7.80026043564197e-05}, "estimate": {"accuracy": 0.9999983977724014, "entropy": 5.509270435921698, "index": 81.81950523145521, "meanscore": 0.9999332906503052, "prediction_time": 70.09664280019192}, "mark": {"avg_time": 15.278346127027705, "falsepos": 0.0010061879681603214}, "product": {"accuracy": 0.9999999772398197}, "reports": {"auc": 0.9999999738829171, "benchmark": 3.8341823325881195, "f1-score": 0.9999970115645624}, "train_full": {"benchmark": 5.562990376395814}}