{"brand": {"avg_time": 3.6032997632890176, "loss": 0.28536343134411946}, "estimate": {"accuracy": 0.8429794840275312, "entropy": 0.8929376543272584, "index": 1.2547906798643003, "meanscore": 0.6956482784608553, "prediction_time": 1.9334931660998331}, "mark": {"avg_time": 1.4934707170909443, "falsepos": 0.4113916089880081}, "product": {"accuracy": 0.9191237569885736}, "reports": {"auc": 0.7624352242135093, "benchmark": 1.1648818992483365, "f1-score": 0.8374264327566511}, "train_full": {"benchmark": 1.1411352355567568}}