{"brand": {"avg_time": 34645.07438202819, "loss": 7.350575703668483e-11}, "estimate": {"accuracy": 0.999999999999953, "entropy": 9.133721552479232, "index": 2025.2839061502639, "meanscore": 0.9999999998570138, "prediction_time": 1124.0150583802556}, "mark": {"avg_time": 138.35213523752856, "falsepos": 5.242465772603566e-08}, "product": {"accuracy": 1.0}, "reports": {"auc": 1.0, "benchmark": 5.850340297924063, "f1-score": 0.9999999999911674}, "train_full": {"benchmark": 9.07734082845736}}