{"brand": {"avg_time": 115.7408637328439, "loss": 0.0032931937132589795}, "estimate": {"accuracy": 0.9997824940020705, "entropy": 3.9845827033884422, "index": 22.576983823991743, "meanscore": 0.9968386216289318, "prediction_time": 20.480091620760728}, "mark": {"avg_time": 6.757095984578906, "falsepos": 0.019128734333595965}, "product": {"accuracy": 0.9999929565983536}, "reports": {"auc": 0.9999429819351114, "benchmark": 2.9718081986573806, "f1-score": 0.9996524764800905}, "train_full": {"benchmark": 4.0839630631212005}}