{"brand": {"avg_time": 1583575.8961774432, "loss": 0.0}, "estimate": {"accuracy": 1.0, "entropy": 12.52720727013525, "index": 40483.9981844673, "meanscore": 1.0, "prediction_time": 18093.66085756629}, "mark": {"avg_time": 833.9191039356268, "falsepos": 8.37108160567368e-14}, "product": {"accuracy": 1.0}, "reports": {"auc": 1.0, "benchmark": 7.737728301690095, "f1-score": 1.0}, "train_full": {"benchmark": 12.327021127506999}}