{"brand": {"avg_time": 480.7530173494586, "loss": 0.0002587756601126756}, "estimate": {"accuracy": 0.9999950440881954, "entropy": 5.246689831869477, "index": 66.92967765518958, "meanscore": 0.9998741023378817, "prediction_time": 62.980838294127246}, "mark": {"avg_time": 14.768057254433362, "falsepos": 0.0016065511712204383}, "product": {"accuracy": 0.9999999638364341}, "reports": {"auc": 0.999999929150337, "benchmark": 3.666470999192305, "f1-score": 0.9999785238164178}, "train_full": {"benchmark": 5.413565136614475}}