{"brand": {"avg_time": 164.96559994483238, "loss": 0.001215750379405467}, "estimate": {"accuracy": 0.9999268725655559, "entropy": 4.42905078005835, "index": 32.618160596309146, "meanscore": 0.9988092249657098, "prediction_time": 28.08844618134464}, "mark": {"avg_time": 9.313706474803036, "falsepos": 0.010173631328612487}, "product": {"accuracy": 0.9999968824938261}, "reports": {"auc": 0.9999903283103868, "benchmark": 3.2391485738955583, "f1-score": 0.9999008032246262}, "train_full": {"benchmark": 4.561992223300096}}