{"brand": {"avg_time": 1085548.8275630856, "loss": 0.0}, "estimate": {"accuracy": 1.0, "entropy": 12.259118453468785, "index": 30503.25185619145, "meanscore": 1.0, "prediction_time": 13536.841912657175}, "mark": {"avg_time": 726.2815475332029, "falsepos": 3.3795188869589765e-13}, "product": {"accuracy": 1.0}, "reports": {"auc": 1.0, "benchmark": 7.5212869944011915, "f1-score": 1.0}, "train_full": {"benchmark": 12.044894182678014}}