{"brand": {"avg_time": 33451.182073392316, "loss": 7.055167561276221e-11}, "estimate": {"accuracy": 0.9999999999998835, "entropy": 9.125328476971898, "index": 1944.4559232904005, "meanscore": 0.999999999910435, "prediction_time": 1128.3109636041313}, "mark": {"avg_time": 133.61537713455422, "falsepos": 6.147499487241248e-08}, "product": {"accuracy": 1.0}, "reports": {"auc": 1.0, "benchmark": 5.778622354201559, "f1-score": 0.9999999999942165}, "train_full": {"benchmark": 9.062319618828667}}