{"brand": {"avg_time": 268.31676674974506, "loss": 0.0005733135515317844}, "estimate": {"accuracy": 0.9999666728439427, "entropy": 4.855671475253417, "index": 43.520299018704286, "meanscore": 0.9996181096718109, "prediction_time": 40.32933463095105}, "mark": {"avg_time": 10.507389662183414, "falsepos": 0.0040511990508727}, "product": {"accuracy": 0.9999997567720119}, "reports": {"auc": 0.9999985217455666, "benchmark": 3.3460954157642955, "f1-score": 0.999942802741137}, "train_full": {"benchmark": 4.879013994667269}}