{"brand": {"avg_time": 739.7802552612155, "loss": 4.439866722494301e-05}, "estimate": {"accuracy": 0.9999985825594474, "entropy": 5.713025009991913, "index": 104.17467053921123, "meanscore": 0.9999582097132519, "prediction_time": 88.1727447805169}, "mark": {"avg_time": 19.39133172991114, "falsepos": 0.0005909896109342894}, "product": {"accuracy": 0.9999999973770807}, "reports": {"auc": 0.9999999957929078, "benchmark": 3.8744339435715336, "f1-score": 0.9999952446426508}, "train_full": {"benchmark": 5.867118058376304}}