{"brand": {"avg_time": 15.917569639200492, "loss": 0.08602799488711366}, "estimate": {"accuracy": 0.9776115693371081, "entropy": 2.207342335370728, "index": 4.462512819628616, "meanscore": 0.9410305067257216, "prediction_time": 5.18163186137698}, "mark": {"avg_time": 2.610698326003239, "falsepos": 0.17157901388549623}, "product": {"accuracy": 0.9936831505897884}, "reports": {"auc": 0.9812468546479722, "benchmark": 2.000368589809665, "f1-score": 0.9797249156421434}, "train_full": {"benchmark": 2.375883309631267}}