{"brand": {"avg_time": 591.5685324896674, "loss": 4.875659355829676e-05}, "estimate": {"accuracy": 0.9999975179761991, "entropy": 5.5739130126584, "index": 90.68834183755871, "meanscore": 0.9999449140981399, "prediction_time": 77.12189434587953}, "mark": {"avg_time": 16.77863877122603, "falsepos": 0.0010039330227489263}, "product": {"accuracy": 0.9999999960602247}, "reports": {"auc": 0.9999999904046466, "benchmark": 3.84898601063418, "f1-score": 0.9999953488135667}, "train_full": {"benchmark": 5.688818908504578}}