{"brand": {"avg_time": 446011.3829039282, "loss": 6.661338147750939e-16}, "estimate": {"accuracy": 1.0, "entropy": 11.508467525557496, "index": 14448.239931712209, "meanscore": 0.9999999999999984, "prediction_time": 8466.37081428815}, "mark": {"avg_time": 527.1149538007633, "falsepos": 5.879741138414829e-12}, "product": {"accuracy": 1.0}, "reports": {"auc": 1.0, "benchmark": 7.053162518335931, "f1-score": 0.9999999999999998}, "train_full": {"benchmark": 11.317465438974498}}