{"brand": {"avg_time": 12.798977306684662, "loss": 0.12045314002277308}, "estimate": {"accuracy": 0.9718417337729497, "entropy": 2.006511756823818, "index": 3.4102798412095643, "meanscore": 0.894712269148288, "prediction_time": 5.0553352326613075}, "mark": {"avg_time": 2.318908039436726, "falsepos": 0.2621272216938664}, "product": {"accuracy": 0.9879937776944143}, "reports": {"auc": 0.9637798555426209, "benchmark": 1.7688676384664, "f1-score": 0.9650181274137404}, "train_full": {"benchmark": 2.096221328416765}}