{"brand": {"avg_time": 50.376366430516875, "loss": 0.017318866362392882}, "estimate": {"accuracy": 0.9979832376960522, "entropy": 3.1974677504056697, "index": 11.308106716258159, "meanscore": 0.9892259044614169, "prediction_time": 12.381198254093823}, "mark": {"avg_time": 4.452486191988291, "falsepos": 0.065376711654906}, "product": {"accuracy": 0.9998665162246271}, "reports": {"auc": 0.9989045353308335, "benchmark": 2.534505138731002, "f1-score": 0.9961945779236764}, "train_full": {"benchmark": 3.2227026691808613}}