{"brand": {"avg_time": 141.48742052538836, "loss": 0.0020931302871911583}, "estimate": {"accuracy": 0.9997877684517262, "entropy": 4.273615814880836, "index": 27.871799062762957, "meanscore": 0.9981448665746581, "prediction_time": 27.271727796232298}, "mark": {"avg_time": 7.983422538555528, "falsepos": 0.012540073588831024}, "product": {"accuracy": 0.9999965206390733}, "reports": {"auc": 0.9999897225905339, "benchmark": 3.1422473850318755, "f1-score": 0.9998413259523735}, "train_full": {"benchmark": 4.371600053889927}}