{"brand": {"avg_time": 13.963072438732652, "loss": 0.09200075388836093}, "estimate": {"accuracy": 0.9763792272848952, "entropy": 2.104057644344894, "index": 3.8626506285821742, "meanscore": 0.9038181170705605, "prediction_time": 5.17752721444823}, "mark": {"avg_time": 2.405889253310186, "falsepos": 0.22026042533304568}, "product": {"accuracy": 0.9901134228584882}, "reports": {"auc": 0.9706276415096613, "benchmark": 1.8128417723494965, "f1-score": 0.9817044288588785}, "train_full": {"benchmark": 2.1779437740391905}}