{"brand": {"avg_time": 234272.0795406125, "loss": 1.4432899320127035e-14}, "estimate": {"accuracy": 1.0, "entropy": 10.821667775825977, "index": 8907.386413254968, "meanscore": 0.9999999999999837, "prediction_time": 4446.7055073810425}, "mark": {"avg_time": 366.89136266848027, "falsepos": 9.419565127899432e-11}, "product": {"accuracy": 1.0}, "reports": {"auc": 1.0, "benchmark": 6.708484287309101, "f1-score": 0.9999999999999963}, "train_full": {"benchmark": 10.777178649452331}}