{"brand": {"avg_time": 3.293256727519299, "loss": 0.3126992585293388}, "estimate": {"accuracy": 0.8091588699865354, "entropy": 0.7321594723368484, "index": 1.0746134738452848, "meanscore": 0.6707606066917362, "prediction_time": 1.7525063604909514}, "mark": {"avg_time": 1.161137715090282, "falsepos": 0.44072507059945676}, "product": {"accuracy": 0.8886558762612093}, "reports": {"auc": 0.7199141944928233, "benchmark": 1.0351803686674856, "f1-score": 0.8208248368978004}, "train_full": {"benchmark": 0.9849198017343473}}