{"brand": {"avg_time": 8046.421549745728, "loss": 2.5192327002265813e-08}, "estimate": {"accuracy": 0.9999999998881148, "entropy": 7.869007089942883, "index": 678.7127784745148, "meanscore": 0.9999999616122488, "prediction_time": 472.6694996635139}, "mark": {"avg_time": 61.65523285568506, "falsepos": 5.826078021131664e-06}, "product": {"accuracy": 0.9999999999999997}, "reports": {"auc": 0.9999999999999898, "benchmark": 5.16852618414006, "f1-score": 0.9999999951973371}, "train_full": {"benchmark": 7.7010012624547235}}