{"brand": {"avg_time": 30716.552229298428, "loss": 8.719136523893667e-11}, "estimate": {"accuracy": 0.9999999999997911, "entropy": 9.086210836692791, "index": 1842.7988100291393, "meanscore": 0.9999999998764955, "prediction_time": 1171.7255121030837}, "mark": {"avg_time": 125.70136882004277, "falsepos": 6.004183750185632e-08}, "product": {"accuracy": 1.0}, "reports": {"auc": 1.0, "benchmark": 5.716349330720914, "f1-score": 0.9999999999943786}, "train_full": {"benchmark": 9.045023365838713}}