{"brand": {"avg_time": 2784.108782438036, "loss": 7.465839247933204e-07}, "estimate": {"accuracy": 0.9999999896982243, "entropy": 6.818776568226946, "index": 283.8867678976508, "meanscore": 0.9999991061721123, "prediction_time": 206.742201730704}, "mark": {"avg_time": 38.525578797243156, "falsepos": 4.969144515842849e-05}, "product": {"accuracy": 0.9999999999987456}, "reports": {"auc": 0.9999999999898398, "benchmark": 4.5237342963171026, "f1-score": 0.9999998244278978}, "train_full": {"benchmark": 6.822289102491361}}