{"brand": {"avg_time": 1794566.1134995834, "loss": 0.0}, "estimate": {"accuracy": 1.0, "entropy": 12.581324852229951, "index": 44008.431620185926, "meanscore": 1.0, "prediction_time": 20889.93631950848}, "mark": {"avg_time": 1041.547550502824, "falsepos": 6.039613253960852e-14}, "product": {"accuracy": 1.0}, "reports": {"auc": 1.0, "benchmark": 7.750713079593037, "f1-score": 1.0}, "train_full": {"benchmark": 12.377418579848985}}