{"brand": {"avg_time": 677.5900403134366, "loss": 4.8987294960056715e-05}, "estimate": {"accuracy": 0.999998476832939, "entropy": 5.641365715097733, "index": 99.2200963681282, "meanscore": 0.9999709904841718, "prediction_time": 77.31831435926797}, "mark": {"avg_time": 18.351400760970428, "falsepos": 0.0008579484511257451}, "product": {"accuracy": 0.9999999976693064}, "reports": {"auc": 0.9999999880984242, "benchmark": 3.830417097198929, "f1-score": 0.9999957426233509}, "train_full": {"benchmark": 5.758946834139335}}