{"brand": {"avg_time": 20.60420589028974, "loss": 0.050305071259675316}, "estimate": {"accuracy": 0.985009784816855, "entropy": 2.4716291318195247, "index": 5.737232529205251, "meanscore": 0.9595155987059615, "prediction_time": 5.93545214618591}, "mark": {"avg_time": 3.2926912551268632, "falsepos": 0.15467582161113969}, "product": {"accuracy": 0.9969518608745302}, "reports": {"auc": 0.9921194024565672, "benchmark": 2.0441244616994867, "f1-score": 0.9849696636387943}, "train_full": {"benchmark": 2.6380123306262724}}