{"brand": {"avg_time": 670367.3346903136, "loss": 0.0}, "estimate": {"accuracy": 1.0, "entropy": 11.792219261957095, "index": 20457.669906066814, "meanscore": 1.0, "prediction_time": 10253.790262894046}, "mark": {"avg_time": 672.6247775375053, "falsepos": 1.4740431097948203e-12}, "product": {"accuracy": 1.0}, "reports": {"auc": 1.0, "benchmark": 7.297087253097755, "f1-score": 0.9999999999999999}, "train_full": {"benchmark": 11.576817341238652}}