{"brand": {"avg_time": 181.65899298865367, "loss": 0.0011848957233223656}, "estimate": {"accuracy": 0.9999378570237818, "entropy": 4.419997096327744, "index": 34.81350869325432, "meanscore": 0.9989683411448342, "prediction_time": 27.295688965742595}, "mark": {"avg_time": 9.626228888601487, "falsepos": 0.010146141508504902}, "product": {"accuracy": 0.9999984515315425}, "reports": {"auc": 0.9999915519991461, "benchmark": 3.2088288826413875, "f1-score": 0.9998667872584354}, "train_full": {"benchmark": 4.588148145028322}}