{"brand": {"avg_time": 25.467957474058014, "loss": 0.028899057248566895}, "estimate": {"accuracy": 0.9957099759789871, "entropy": 2.7388999197964683, "index": 7.41552770492696, "meanscore": 0.9634707370568312, "prediction_time": 9.100237406729297}, "mark": {"avg_time": 4.186046000052184, "falsepos": 0.11346988332202756}, "product": {"accuracy": 0.9992077203257721}, "reports": {"auc": 0.9947717795742741, "benchmark": 2.238771725668169, "f1-score": 0.9920119498036118}, "train_full": {"benchmark": 2.8511001584414584}}