{"brand": {"avg_time": 2731.969085218555, "loss": 8.691500837931798e-07}, "estimate": {"accuracy": 0.9999999897359607, "entropy": 6.784226701821677, "index": 276.33132474552923, "meanscore": 0.9999989611949531, "prediction_time": 183.27874024189333}, "mark": {"avg_time": 37.98678955334749, "falsepos": 6.450542417635319e-05}, "product": {"accuracy": 0.9999999999979985}, "reports": {"auc": 0.9999999999933081, "benchmark": 4.501059159072949, "f1-score": 0.9999997748063392}, "train_full": {"benchmark": 6.796610697631765}}