{"brand": {"avg_time": 55.22286196889002, "loss": 0.014166652797565349}, "estimate": {"accuracy": 0.9983791098404851, "entropy": 3.269999712256946, "index": 12.44278908863855, "meanscore": 0.9886576908262156, "prediction_time": 12.071199047628303}, "mark": {"avg_time": 4.567652214144556, "falsepos": 0.06003447062491918}, "product": {"accuracy": 0.9999125730501146}, "reports": {"auc": 0.9995609217527295, "benchmark": 2.6890200957346067, "f1-score": 0.9976384270032058}, "train_full": {"benchmark": 3.4193657890392313}}