{"brand": {"avg_time": 2777.8271763955045, "loss": 6.202876015048986e-07}, "estimate": {"accuracy": 0.9999999913080598, "entropy": 6.8724020197331015, "index": 293.2173469085779, "meanscore": 0.9999994013965507, "prediction_time": 214.76839314331775}, "mark": {"avg_time": 37.028812422253395, "falsepos": 4.785384423655614e-05}, "product": {"accuracy": 0.9999999999995227}, "reports": {"auc": 0.9999999999919016, "benchmark": 4.570544621797109, "f1-score": 0.9999998748246817}, "train_full": {"benchmark": 6.8552952801594556}}