{"brand": {"avg_time": 691.4743519133292, "loss": 5.3369453578366866e-05}, "estimate": {"accuracy": 0.9999984487459899, "entropy": 5.646461024738838, "index": 97.31532062132929, "meanscore": 0.9999708127284457, "prediction_time": 77.75180733691738}, "mark": {"avg_time": 18.209537467992185, "falsepos": 0.0008800316264440111}, "product": {"accuracy": 0.9999999978126292}, "reports": {"auc": 0.9999999883453934, "benchmark": 3.8276655543314555, "f1-score": 0.9999950710754486}, "train_full": {"benchmark": 5.799954947821418}}