{"brand": {"avg_time": 66.06559507483706, "loss": 0.013419892808119727}, "estimate": {"accuracy": 0.9987316481274142, "entropy": 3.4147024634062815, "index": 13.534172572293416, "meanscore": 0.9890357326285087, "prediction_time": 12.927649271347061}, "mark": {"avg_time": 5.094848060299013, "falsepos": 0.04192655926317068}, "product": {"accuracy": 0.9999201043125321}, "reports": {"auc": 0.9997157645359587, "benchmark": 2.7327254036027306, "f1-score": 0.997435035046846}, "train_full": {"benchmark": 3.5908980953245115}}