{"brand": {"avg_time": 441591.0520331667, "loss": 1.1102230246251565e-15}, "estimate": {"accuracy": 1.0, "entropy": 11.392376874047258, "index": 14005.61673503823, "meanscore": 0.999999999999999, "prediction_time": 7168.742067248601}, "mark": {"avg_time": 444.8935761303587, "falsepos": 7.382539024547441e-12}, "product": {"accuracy": 1.0}, "reports": {"auc": 1.0, "benchmark": 7.0940613759789795, "f1-score": 0.9999999999999997}, "train_full": {"benchmark": 11.287754786147095}}