{"brand": {"avg_time": 659729.4454022646, "loss": 0.0}, "estimate": {"accuracy": 1.0, "entropy": 11.764184987860393, "index": 21404.067045101485, "meanscore": 1.0, "prediction_time": 9918.357481703015}, "mark": {"avg_time": 668.0754690885274, "falsepos": 1.5462076063954555e-12}, "product": {"accuracy": 1.0}, "reports": {"auc": 1.0, "benchmark": 7.259517778250196, "f1-score": 0.9999999999999998}, "train_full": {"benchmark": 11.617661376551867}}