{"brand": {"avg_time": 145.48803040581043, "loss": 0.0018261750879262628}, "estimate": {"accuracy": 0.9998491266271299, "entropy": 4.335483634879158, "index": 29.038225710279256, "meanscore": 0.9986929724265491, "prediction_time": 27.492252416855713}, "mark": {"avg_time": 7.9524885724158665, "falsepos": 0.012751801206645874}, "product": {"accuracy": 0.9999974013929265}, "reports": {"auc": 0.9999879131181532, "benchmark": 3.1838659728091487, "f1-score": 0.999887462672288}, "train_full": {"benchmark": 4.441888229400223}}