{"brand": {"avg_time": 671.6590194160876, "loss": 4.579309352104044e-05}, "estimate": {"accuracy": 0.9999983515606755, "entropy": 5.667424131625373, "index": 98.14541638115607, "meanscore": 0.9999720713497972, "prediction_time": 77.3852068638269}, "mark": {"avg_time": 18.292177364233822, "falsepos": 0.0008232471493926363}, "product": {"accuracy": 0.9999999979599852}, "reports": {"auc": 0.9999999875112775, "benchmark": 3.8123522349898695, "f1-score": 0.9999956663382591}, "train_full": {"benchmark": 5.715392741810023}}