{"brand": {"avg_time": 325060.11958462663, "loss": 4.884981308350689e-15}, "estimate": {"accuracy": 1.0, "entropy": 11.170884342970878, "index": 11568.416676335397, "meanscore": 0.9999999999999901, "prediction_time": 6320.854060823291}, "mark": {"avg_time": 427.0213575948324, "falsepos": 2.0116686094695524e-11}, "product": {"accuracy": 1.0}, "reports": {"auc": 1.0, "benchmark": 6.973207276540253, "f1-score": 0.9999999999999996}, "train_full": {"benchmark": 11.0764040266728}}