{"brand": {"avg_time": 1009.1045828542235, "loss": 2.375815366140177e-05}, "estimate": {"accuracy": 0.9999993395537676, "entropy": 6.008270114355557, "index": 124.5132848303627, "meanscore": 0.9999811647765764, "prediction_time": 93.69209202474904}, "mark": {"avg_time": 21.46331080377026, "falsepos": 0.0003677318344028624}, "product": {"accuracy": 0.9999999996337092}, "reports": {"auc": 0.9999999982787052, "benchmark": 4.053510585260136, "f1-score": 0.9999986898369512}, "train_full": {"benchmark": 5.981469947155958}}