{"brand": {"avg_time": 109.2663225334744, "loss": 0.004127276200327712}, "estimate": {"accuracy": 0.9996773590844078, "entropy": 3.8818611734631343, "index": 21.2831220221771, "meanscore": 0.995981756614573, "prediction_time": 22.549822376853527}, "mark": {"avg_time": 6.667528013499294, "falsepos": 0.021775967805326313}, "product": {"accuracy": 0.9999897131741294}, "reports": {"auc": 0.9999347025452291, "benchmark": 2.9255043106460485, "f1-score": 0.999496416514195}, "train_full": {"benchmark": 3.996097793142124}}