{"brand": {"avg_time": 923469.5105480864, "loss": 0.0}, "estimate": {"accuracy": 1.0, "entropy": 12.14729327119766, "index": 28385.18741980233, "meanscore": 1.0, "prediction_time": 12301.136691877105}, "mark": {"avg_time": 672.0268218023537, "falsepos": 5.526690216584029e-13}, "product": {"accuracy": 1.0}, "reports": {"auc": 1.0, "benchmark": 7.535565466092392, "f1-score": 1.0}, "train_full": {"benchmark": 12.012162894259813}}