{"brand": {"avg_time": 667.4714289188103, "loss": 4.644822858534958e-05}, "estimate": {"accuracy": 0.9999985062799577, "entropy": 5.6654297871753645, "index": 98.02031251491654, "meanscore": 0.9999726620053715, "prediction_time": 78.87782240352931}, "mark": {"avg_time": 18.46939044104102, "falsepos": 0.0008319327255761344}, "product": {"accuracy": 0.9999999979378711}, "reports": {"auc": 0.9999999875087714, "benchmark": 3.809674814787343, "f1-score": 0.9999954777906404}, "train_full": {"benchmark": 5.7242232132366855}}