{"brand": {"avg_time": 1412.0303467912381, "loss": 7.6141493150494455e-06}, "estimate": {"accuracy": 0.9999999188390436, "entropy": 6.340383498334882, "index": 168.6484714540244, "meanscore": 0.9999934028272468, "prediction_time": 129.37375554228808}, "mark": {"avg_time": 27.737260386014427, "falsepos": 0.00015651626244017613}, "product": {"accuracy": 0.999999999894865}, "reports": {"auc": 0.9999999998344391, "benchmark": 4.182105711257683, "f1-score": 0.9999998206831064}, "train_full": {"benchmark": 6.268720482383502}}