{"brand": {"avg_time": 3238.542123752519, "loss": 3.07973548885343e-07}, "estimate": {"accuracy": 0.9999999975151437, "entropy": 7.096767788247362, "index": 345.93360163615546, "meanscore": 0.9999997146397038, "prediction_time": 266.50500015773537}, "mark": {"avg_time": 40.9020749649415, "falsepos": 2.5042250486939643e-05}, "product": {"accuracy": 0.999999999999873}, "reports": {"auc": 0.9999999999981484, "benchmark": 4.667762826883367, "f1-score": 0.9999999820440026}, "train_full": {"benchmark": 7.1346476652858435}}