{"brand": {"avg_time": 323143.68450902373, "loss": 1.7763568394002505e-15}, "estimate": {"accuracy": 1.0, "entropy": 11.251086235695109, "index": 12406.914736765526, "meanscore": 0.9999999999999973, "prediction_time": 6413.622829016539}, "mark": {"avg_time": 397.3512508652424, "falsepos": 1.1801892796370339e-11}, "product": {"accuracy": 1.0}, "reports": {"auc": 1.0, "benchmark": 6.952727915985955, "f1-score": 0.9999999999999992}, "train_full": {"benchmark": 11.149137811797555}}