{"brand": {"avg_time": 200.12238346498887, "loss": 0.001234854071014757}, "estimate": {"accuracy": 0.9999171007330045, "entropy": 4.434392947512623, "index": 36.07940387720992, "meanscore": 0.9993219368988097, "prediction_time": 29.067706793658772}, "mark": {"avg_time": 9.600196028814239, "falsepos": 0.010025101961259164}, "product": {"accuracy": 0.9999989661842444}, "reports": {"auc": 0.9999927243610435, "benchmark": 3.238000202295925, "f1-score": 0.9998539829528068}, "train_full": {"benchmark": 4.597677314916086}}