{"brand": {"avg_time": 2541365.8371173074, "loss": 0.0}, "estimate": {"accuracy": 1.0, "entropy": 12.900463259624058, "index": 58914.72620471052, "meanscore": 1.0, "prediction_time": 21776.410042961066}, "mark": {"avg_time": 1080.9162443468445, "falsepos": 1.0880185641326534e-14}, "product": {"accuracy": 1.0}, "reports": {"auc": 1.0, "benchmark": 7.913181943355329, "f1-score": 1.0}, "train_full": {"benchmark": 12.668991917115047}}