{"brand": {"avg_time": 2124172.811692968, "loss": 0.0}, "estimate": {"accuracy": 1.0, "entropy": 12.886094638367304, "index": 55011.149427166296, "meanscore": 1.0, "prediction_time": 22246.286161440923}, "mark": {"avg_time": 1053.448184128437, "falsepos": 1.687538997430238e-14}, "product": {"accuracy": 1.0}, "reports": {"auc": 1.0, "benchmark": 7.91477842107071, "f1-score": 1.0}, "train_full": {"benchmark": 12.608958388513589}}