{"brand": {"avg_time": 15367.325374559965, "loss": 1.7176138289443088e-09}, "estimate": {"accuracy": 0.9999999999952911, "entropy": 8.42074181663933, "index": 1047.7000693866419, "meanscore": 0.9999999988956024, "prediction_time": 668.2699743171653}, "mark": {"avg_time": 91.49040032945393, "falsepos": 7.809268606218112e-07}, "product": {"accuracy": 1.0}, "reports": {"auc": 1.0, "benchmark": 5.477146525438093, "f1-score": 0.9999999997489416}, "train_full": {"benchmark": 8.31492713207112}}