{"brand": {"avg_time": 16.156963859079802, "loss": 0.08706197183952302}, "estimate": {"accuracy": 0.9794385233173875, "entropy": 2.190325719010394, "index": 4.3284682003545, "meanscore": 0.9240007502465752, "prediction_time": 5.435479183619393}, "mark": {"avg_time": 2.4369465090779436, "falsepos": 0.18239042182918097}, "product": {"accuracy": 0.9923596981244089}, "reports": {"auc": 0.9797627934338482, "benchmark": 1.9402598464161083, "f1-score": 0.9816930438166893}, "train_full": {"benchmark": 2.3434893125728955}}