{"brand": {"avg_time": 3.2609001213537288, "loss": 0.3113333180775373}, "estimate": {"accuracy": 0.8086617415510242, "entropy": 0.7375566401305725, "index": 1.0723155817922596, "meanscore": 0.6737256482217693, "prediction_time": 1.7735706712744024}, "mark": {"avg_time": 1.1511134092924116, "falsepos": 0.4404183550014551}, "product": {"accuracy": 0.8871363746046298}, "reports": {"auc": 0.7196008807493625, "benchmark": 1.0375079843858344, "f1-score": 0.822763643984417}, "train_full": {"benchmark": 0.9764030818789079}}