{"brand": {"avg_time": 42716.46699502115, "loss": 5.381917134172909e-11}, "estimate": {"accuracy": 0.9999999999999851, "entropy": 9.283900010914415, "index": 2342.42431985429, "meanscore": 0.9999999998915688, "prediction_time": 1374.918143864317}, "mark": {"avg_time": 143.03579272838994, "falsepos": 2.994872527750658e-08}, "product": {"accuracy": 1.0}, "reports": {"auc": 1.0, "benchmark": 5.9802025773657, "f1-score": 0.999999999990243}, "train_full": {"benchmark": 9.26413421880721}}