{"brand": {"avg_time": 647764.7211131387, "loss": 0.0}, "estimate": {"accuracy": 1.0, "entropy": 11.777936614563762, "index": 19696.927222980758, "meanscore": 0.9999999999999999, "prediction_time": 10132.406960840814}, "mark": {"avg_time": 629.6246004527595, "falsepos": 1.7739143487460751e-12}, "product": {"accuracy": 1.0}, "reports": {"auc": 1.0, "benchmark": 7.3024025435358, "f1-score": 0.9999999999999999}, "train_full": {"benchmark": 11.563294573806097}}