{"brand": {"avg_time": 260.09010953830807, "loss": 0.0006105812491877805}, "estimate": {"accuracy": 0.9999711019490998, "entropy": 4.813864994313633, "index": 42.245156025264386, "meanscore": 0.9994566899700195, "prediction_time": 38.0571424239994}, "mark": {"avg_time": 10.324112860090809, "falsepos": 0.004698821401995845}, "product": {"accuracy": 0.9999998101268791}, "reports": {"auc": 0.9999979330378033, "benchmark": 3.3166296841701266, "f1-score": 0.9999345740128713}, "train_full": {"benchmark": 4.805969423961135}}