{"brand": {"avg_time": 2889.100820272095, "loss": 3.9700426990307847e-07}, "estimate": {"accuracy": 0.9999999977760141, "entropy": 7.046706200546044, "index": 319.8947158610288, "meanscore": 0.9999994283066638, "prediction_time": 224.44575069859175}, "mark": {"avg_time": 37.72068098947732, "falsepos": 2.6038148425833185e-05}, "product": {"accuracy": 0.9999999999997458}, "reports": {"auc": 0.9999999999987199, "benchmark": 4.6598335782478655, "f1-score": 0.9999999751166305}, "train_full": {"benchmark": 6.978430962371094}}