{"brand": {"avg_time": 3.2174548370875917, "loss": 0.3155055712120107}, "estimate": {"accuracy": 0.8224053514355282, "entropy": 0.6652755306518264, "index": 1.0365117864575317, "meanscore": 0.6482243734881221, "prediction_time": 1.6302006338984123}, "mark": {"avg_time": 1.1102204113279064, "falsepos": 0.45762926578803476}, "product": {"accuracy": 0.8592314395123596}, "reports": {"auc": 0.7084942378659974, "benchmark": 1.0679686432348783, "f1-score": 0.7999460038898198}, "train_full": {"benchmark": 0.9472824227660207}}