{"brand": {"avg_time": 10.642175552914173, "loss": 0.12456446796443066}, "estimate": {"accuracy": 0.956637694280833, "entropy": 1.8100825235577596, "index": 3.125512134748803, "meanscore": 0.8871678045342726, "prediction_time": 4.296016118995281}, "mark": {"avg_time": 2.4079799359152547, "falsepos": 0.2716418362460663}, "product": {"accuracy": 0.9856525044492789}, "reports": {"auc": 0.9544470767156581, "benchmark": 1.794397918133889, "f1-score": 0.943333909205506}, "train_full": {"benchmark": 2.0109441354541095}}