{"brand": {"avg_time": 1005.91421797021, "loss": 1.735695068516563e-05}, "estimate": {"accuracy": 0.9999996563617428, "entropy": 6.007079721281714, "index": 128.0011226535921, "meanscore": 0.9999779490184797, "prediction_time": 94.27809699789334}, "mark": {"avg_time": 20.842871892256923, "falsepos": 0.000311384302036366}, "product": {"accuracy": 0.9999999995705251}, "reports": {"auc": 0.9999999985908962, "benchmark": 4.0312897089586635, "f1-score": 0.9999981479841908}, "train_full": {"benchmark": 6.018169325222889}}