{"brand": {"avg_time": 647.8872044164693, "loss": 5.469936100199746e-05}, "estimate": {"accuracy": 0.9999980331399789, "entropy": 5.609103597897293, "index": 93.73957357795359, "meanscore": 0.9999679879067687, "prediction_time": 77.57650239759178}, "mark": {"avg_time": 18.42894655456981, "falsepos": 0.0009106720146921932}, "product": {"accuracy": 0.9999999967360049}, "reports": {"auc": 0.9999999918684468, "benchmark": 3.8273907491329875, "f1-score": 0.9999954408655279}, "train_full": {"benchmark": 5.7351698564678815}}