{"brand": {"avg_time": 2782.9925360826874, "loss": 7.460096840272712e-07}, "estimate": {"accuracy": 0.9999999896647496, "entropy": 6.819162886953478, "index": 284.10340836055246, "meanscore": 0.9999991104381054, "prediction_time": 206.83348087073145}, "mark": {"avg_time": 38.56894708191076, "falsepos": 4.957515483083874e-05}, "product": {"accuracy": 0.9999999999987421}, "reports": {"auc": 0.9999999999897566, "benchmark": 4.522493173241831, "f1-score": 0.9999998245435034}, "train_full": {"benchmark": 6.8210981606130465}}