{"brand": {"avg_time": 22.661622598126705, "loss": 0.04839763473365044}, "estimate": {"accuracy": 0.9871146593974224, "entropy": 2.542131195338547, "index": 5.90499502476313, "meanscore": 0.956984539979372, "prediction_time": 6.085064994934191}, "mark": {"avg_time": 3.1803108033915923, "falsepos": 0.14597653244184872}, "product": {"accuracy": 0.9979644120277169}, "reports": {"auc": 0.9928017402512525, "benchmark": 2.1168152596568883, "f1-score": 0.9877869811262783}, "train_full": {"benchmark": 2.650985231535444}}