{"brand": {"avg_time": 2518.0450824510326, "loss": 9.306225243754795e-07}, "estimate": {"accuracy": 0.9999999810217652, "entropy": 6.745669677509731, "index": 258.97976282224215, "meanscore": 0.9999974294575766, "prediction_time": 192.73089491133376}, "mark": {"avg_time": 36.194345041339304, "falsepos": 8.605217629009676e-05}, "product": {"accuracy": 0.999999999996942}, "reports": {"auc": 0.9999999999749756, "benchmark": 4.415837661887698, "f1-score": 0.9999997812487333}, "train_full": {"benchmark": 6.710360309628209}}