{"brand": {"avg_time": 445436.07307254255, "loss": 2.220446049250313e-16}, "estimate": {"accuracy": 1.0, "entropy": 11.512725043691216, "index": 15682.074264017057, "meanscore": 0.9999999999999996, "prediction_time": 8181.410178929012}, "mark": {"avg_time": 512.7996142989504, "falsepos": 4.591438340639797e-12}, "product": {"accuracy": 1.0}, "reports": {"auc": 1.0, "benchmark": 7.185074302732589, "f1-score": 0.9999999999999994}, "train_full": {"benchmark": 11.394004492103333}}