{"brand": {"avg_time": 441416.29892701947, "loss": 3.3306690738754696e-16}, "estimate": {"accuracy": 1.0, "entropy": 11.514781392419597, "index": 15043.205885097399, "meanscore": 0.9999999999999994, "prediction_time": 8422.843860947085}, "mark": {"avg_time": 529.4630973524255, "falsepos": 5.861422458508514e-12}, "product": {"accuracy": 1.0}, "reports": {"auc": 1.0, "benchmark": 7.12355100401118, "f1-score": 0.9999999999999997}, "train_full": {"benchmark": 11.349481597178729}}