{"brand": {"avg_time": 6.5559562724344795, "loss": 0.2079209714451089}, "estimate": {"accuracy": 0.9128925949379953, "entropy": 1.270848108397072, "index": 1.9082836731284754, "meanscore": 0.7937124261777027, "prediction_time": 2.7602974093194987}, "mark": {"avg_time": 1.6707272800208137, "falsepos": 0.40104931823571943}, "product": {"accuracy": 0.951847641176079}, "reports": {"auc": 0.8790467255206229, "benchmark": 1.4288498144010835, "f1-score": 0.8964135816507804}, "train_full": {"benchmark": 1.458857592736229}}