{"brand": {"avg_time": 130.58098823936092, "loss": 0.003261154136583233}, "estimate": {"accuracy": 0.9997663459157891, "entropy": 4.098870268090576, "index": 23.839640424191014, "meanscore": 0.9975105312050963, "prediction_time": 24.30698853874941}, "mark": {"avg_time": 6.6880041415988485, "falsepos": 0.014031960772514673}, "product": {"accuracy": 0.9999960347341572}, "reports": {"auc": 0.9999753471620793, "benchmark": 2.9651744049287254, "f1-score": 0.9995947972948757}, "train_full": {"benchmark": 4.114752857434597}}