{"brand": {"avg_time": 661143.7398379899, "loss": 0.0}, "estimate": {"accuracy": 1.0, "entropy": 11.797558079882174, "index": 20394.1460625657, "meanscore": 1.0, "prediction_time": 10455.380028695214}, "mark": {"avg_time": 663.2824697830044, "falsepos": 1.4928058789109855e-12}, "product": {"accuracy": 1.0}, "reports": {"auc": 1.0, "benchmark": 7.30734603747656, "f1-score": 0.9999999999999999}, "train_full": {"benchmark": 11.578356600532176}}