{"brand": {"avg_time": 44290.69000190269, "loss": 3.5505709483629744e-11}, "estimate": {"accuracy": 0.9999999999999856, "entropy": 9.382126569348413, "index": 2527.0633060996493, "meanscore": 0.9999999999600696, "prediction_time": 1303.2628236911635}, "mark": {"avg_time": 156.58376674917633, "falsepos": 2.7692253601330208e-08}, "product": {"accuracy": 1.0}, "reports": {"auc": 1.0, "benchmark": 5.973749280707868, "f1-score": 0.9999999999965824}, "train_full": {"benchmark": 9.369114557963297}}