{"brand": {"avg_time": 549.1990552245028, "loss": 5.925499237480203e-05}, "estimate": {"accuracy": 0.9999984912083754, "entropy": 5.510046872996003, "index": 84.28409038874148, "meanscore": 0.9999208463992515, "prediction_time": 76.2356646169654}, "mark": {"avg_time": 15.699596748528833, "falsepos": 0.0009844583639486704}, "product": {"accuracy": 0.9999999864778726}, "reports": {"auc": 0.9999999790790335, "benchmark": 3.875112219426951, "f1-score": 0.9999960435946503}, "train_full": {"benchmark": 5.6084520926906025}}