{"brand": {"avg_time": 935351.6649392167, "loss": 0.0}, "estimate": {"accuracy": 1.0, "entropy": 12.143453127046676, "index": 28393.963152316275, "meanscore": 1.0, "prediction_time": 12142.403193312372}, "mark": {"avg_time": 677.5722203584817, "falsepos": 5.472289288377397e-13}, "product": {"accuracy": 1.0}, "reports": {"auc": 1.0, "benchmark": 7.529879696126845, "f1-score": 1.0}, "train_full": {"benchmark": 12.010026690563755}}