{"brand": {"avg_time": 201615.31444800767, "loss": 1.3322676295501878e-14}, "estimate": {"accuracy": 1.0, "entropy": 10.773688704921438, "index": 8631.670401285466, "meanscore": 0.9999999999999672, "prediction_time": 4461.570415848559}, "mark": {"avg_time": 304.59185353586435, "falsepos": 1.5537848785385222e-10}, "product": {"accuracy": 1.0}, "reports": {"auc": 1.0, "benchmark": 6.760981699935012, "f1-score": 0.9999999999999956}, "train_full": {"benchmark": 10.729842055455292}}