{"brand": {"avg_time": 319271.43550363823, "loss": 4.6629367034256575e-15}, "estimate": {"accuracy": 1.0, "entropy": 11.160334118991877, "index": 11532.376350207653, "meanscore": 0.9999999999999902, "prediction_time": 6365.0099039188535}, "mark": {"avg_time": 429.13403286366383, "falsepos": 1.9774293313901126e-11}, "product": {"accuracy": 1.0}, "reports": {"auc": 1.0, "benchmark": 6.950043093020716, "f1-score": 0.9999999999999996}, "train_full": {"benchmark": 11.083684382033448}}