{"brand": {"avg_time": 47866.85543572643, "loss": 2.0776380615927792e-11}, "estimate": {"accuracy": 0.999999999999982, "entropy": 9.44642496155307, "index": 2897.824524203456, "meanscore": 0.9999999999914481, "prediction_time": 1775.325838584326}, "mark": {"avg_time": 148.1904878828014, "falsepos": 1.0659079174857311e-08}, "product": {"accuracy": 1.0}, "reports": {"auc": 1.0, "benchmark": 6.0131090400173175, "f1-score": 0.9999999999981887}, "train_full": {"benchmark": 9.46291968286064}}