{"brand": {"avg_time": 1663.3356768795957, "loss": 3.5670880713656317e-06}, "estimate": {"accuracy": 0.9999999206240395, "entropy": 6.412131900950542, "index": 189.46421701328148, "meanscore": 0.9999948294409081, "prediction_time": 138.455576055278}, "mark": {"avg_time": 27.524609264706385, "falsepos": 0.00016284280505463045}, "product": {"accuracy": 0.9999999999796985}, "reports": {"auc": 0.9999999998473657, "benchmark": 4.298833553919412, "f1-score": 0.999999699187652}, "train_full": {"benchmark": 6.377010474875893}}