{"brand": {"avg_time": 13.40113464576481, "loss": 0.1069629533502725}, "estimate": {"accuracy": 0.9745884248597109, "entropy": 2.033661231324489, "index": 3.644593823642269, "meanscore": 0.9124441023861823, "prediction_time": 4.643801240277038}, "mark": {"avg_time": 2.263336501264893, "falsepos": 0.2526435366883091}, "product": {"accuracy": 0.9911266258350588}, "reports": {"auc": 0.974072610278163, "benchmark": 1.7787429367933563, "f1-score": 0.9717307296905872}, "train_full": {"benchmark": 2.13785619339906}}