{"brand": {"avg_time": 1036481.8439161432, "loss": 0.0}, "estimate": {"accuracy": 1.0, "entropy": 12.214747162135172, "index": 29706.128301366367, "meanscore": 1.0, "prediction_time": 11943.099750602201}, "mark": {"avg_time": 692.0427457526843, "falsepos": 5.438982597638642e-13}, "product": {"accuracy": 1.0}, "reports": {"auc": 1.0, "benchmark": 7.527199420728491, "f1-score": 1.0}, "train_full": {"benchmark": 12.034556761923024}}