{"brand": {"avg_time": 9.553343952561901, "loss": 0.14142391224934825}, "estimate": {"accuracy": 0.9486297535918735, "entropy": 1.6989651061258682, "index": 2.922396767014154, "meanscore": 0.8463064687844094, "prediction_time": 3.7339462523875704}, "mark": {"avg_time": 2.487817976228391, "falsepos": 0.2829507631875312}, "product": {"accuracy": 0.980545216980889}, "reports": {"auc": 0.942558094068363, "benchmark": 1.7147443130056328, "f1-score": 0.9348480092549045}, "train_full": {"benchmark": 1.9049745526715594}}