{"brand": {"avg_time": 138801.55997497073, "loss": 2.0894397323445446e-13}, "estimate": {"accuracy": 1.0, "entropy": 10.294692901583428, "index": 5897.010841998647, "meanscore": 0.9999999999997403, "prediction_time": 2929.4801306330273}, "mark": {"avg_time": 264.9323919363142, "falsepos": 7.105738220047897e-10}, "product": {"accuracy": 1.0}, "reports": {"auc": 1.0, "benchmark": 6.581686705129232, "f1-score": 0.9999999999999666}, "train_full": {"benchmark": 10.266340893978997}}