{"brand": {"avg_time": 24.576754780792047, "loss": 0.04312740816152005}, "estimate": {"accuracy": 0.9918960963838102, "entropy": 2.633667913874407, "index": 6.610652911185359, "meanscore": 0.9661028519149497, "prediction_time": 7.036013366825724}, "mark": {"avg_time": 3.3736323533476984, "falsepos": 0.13111445104710773}, "product": {"accuracy": 0.9986084641093137}, "reports": {"auc": 0.994370255264357, "benchmark": 2.121814753240536, "f1-score": 0.9874620637133358}, "train_full": {"benchmark": 2.74662101387874}}