{"brand": {"avg_time": 91906.14320972207, "loss": 7.427392034742297e-13}, "estimate": {"accuracy": 0.9999999999999996, "entropy": 10.148893746372906, "index": 4944.337659427779, "meanscore": 0.9999999999979321, "prediction_time": 2622.542962156056}, "mark": {"avg_time": 195.59991849417722, "falsepos": 1.648578606960882e-09}, "product": {"accuracy": 1.0}, "reports": {"auc": 1.0, "benchmark": 6.4250153293532755, "f1-score": 0.9999999999999705}, "train_full": {"benchmark": 10.069886002846989}}