{"brand": {"avg_time": 1175605.113253278, "loss": 0.0}, "estimate": {"accuracy": 1.0, "entropy": 12.283124177969192, "index": 31345.227264361554, "meanscore": 1.0, "prediction_time": 13361.877014479178}, "mark": {"avg_time": 775.9338618889944, "falsepos": 3.40394379350073e-13}, "product": {"accuracy": 1.0}, "reports": {"auc": 1.0, "benchmark": 7.490242677399269, "f1-score": 1.0}, "train_full": {"benchmark": 12.064847669824484}}