{"brand": {"avg_time": 23.921847356724005, "loss": 0.04390122879626912}, "estimate": {"accuracy": 0.9926579029696285, "entropy": 2.623515820277538, "index": 6.186945623110374, "meanscore": 0.9488984417687698, "prediction_time": 7.08612304428408}, "mark": {"avg_time": 3.2587302830328837, "falsepos": 0.13976509681269322}, "product": {"accuracy": 0.9987837280714114}, "reports": {"auc": 0.9931435729321603, "benchmark": 2.1575433201706793, "f1-score": 0.990795007320911}, "train_full": {"benchmark": 2.676219322630771}}