{"brand": {"avg_time": 57841.95648646803, "loss": 7.539413537926976e-12}, "estimate": {"accuracy": 0.9999999999999982, "entropy": 9.691700272724578, "index": 3265.833803307541, "meanscore": 0.9999999999777849, "prediction_time": 1757.8015224914604}, "mark": {"avg_time": 150.02704086523215, "falsepos": 5.378888112694824e-09}, "product": {"accuracy": 1.0}, "reports": {"auc": 1.0, "benchmark": 6.155523320474545, "f1-score": 0.9999999999994573}, "train_full": {"benchmark": 9.678636684034771}}