{"brand": {"avg_time": 8234.65244365289, "loss": 1.7961769849250686e-08}, "estimate": {"accuracy": 0.9999999999344265, "entropy": 7.950179938331022, "index": 727.1505131801791, "meanscore": 0.9999999722713577, "prediction_time": 475.0055180568851}, "mark": {"avg_time": 64.94680033093584, "falsepos": 3.0270298057022416e-06}, "product": {"accuracy": 0.9999999999999994}, "reports": {"auc": 0.9999999999999984, "benchmark": 5.215744456788935, "f1-score": 0.9999999983091588}, "train_full": {"benchmark": 7.821066078673065}}