{"brand": {"avg_time": 651348.60908161, "loss": 0.0}, "estimate": {"accuracy": 1.0, "entropy": 11.777980513268933, "index": 19426.341614264475, "meanscore": 0.9999999999999999, "prediction_time": 10471.311608055104}, "mark": {"avg_time": 626.1389318459869, "falsepos": 1.7846835120849391e-12}, "product": {"accuracy": 1.0}, "reports": {"auc": 1.0, "benchmark": 7.312623501437454, "f1-score": 0.9999999999999998}, "train_full": {"benchmark": 11.566783984392458}}