{"brand": {"avg_time": 18042.24387093504, "loss": 8.008058660635697e-10}, "estimate": {"accuracy": 0.9999999999983558, "entropy": 8.617842576157216, "index": 1189.6928406068328, "meanscore": 0.9999999984104803, "prediction_time": 699.0877200439539}, "mark": {"avg_time": 95.4141522020971, "falsepos": 2.6150439613736864e-07}, "product": {"accuracy": 1.0}, "reports": {"auc": 1.0, "benchmark": 5.471071064328895, "f1-score": 0.9999999999451996}, "train_full": {"benchmark": 8.497749412103179}}