{"brand": {"avg_time": 17.543672234301784, "loss": 0.06632747860806021}, "estimate": {"accuracy": 0.9871825082604017, "entropy": 2.3314254327224395, "index": 5.294322492564151, "meanscore": 0.941285421571439, "prediction_time": 5.939936203592634}, "mark": {"avg_time": 3.170217814237007, "falsepos": 0.16828052632811485}, "product": {"accuracy": 0.9972198931579146}, "reports": {"auc": 0.9905550034813042, "benchmark": 2.0520657780045672, "f1-score": 0.9773718365556444}, "train_full": {"benchmark": 2.5961911487359375}}