{"brand": {"avg_time": 4984.889609161081, "loss": 9.47938278983429e-08}, "estimate": {"accuracy": 0.9999999996237134, "entropy": 7.506345214246754, "index": 474.66670153606225, "meanscore": 0.9999999270558281, "prediction_time": 319.057366882688}, "mark": {"avg_time": 50.34897237155957, "falsepos": 1.4605586541538429e-05}, "product": {"accuracy": 0.999999999999985}, "reports": {"auc": 0.9999999999999124, "benchmark": 4.799821427932064, "f1-score": 0.9999999930784078}, "train_full": {"benchmark": 7.433919700926415}}