{"brand": {"avg_time": 1753.271280508852, "loss": 2.425199736366679e-06}, "estimate": {"accuracy": 0.999999970064237, "entropy": 6.524667533781492, "index": 208.57068443983647, "meanscore": 0.9999957057916671, "prediction_time": 173.77335216016795}, "mark": {"avg_time": 27.725015489439784, "falsepos": 0.0001214039879107176}, "product": {"accuracy": 0.999999999986781}, "reports": {"auc": 0.9999999999065091, "benchmark": 4.325238566608362, "f1-score": 0.9999996867801542}, "train_full": {"benchmark": 6.539350627872535}}