{"brand": {"avg_time": 1056.9072144943561, "loss": 9.65410919873122e-06}, "estimate": {"accuracy": 0.9999997335667749, "entropy": 6.112431236550304, "index": 144.34849400280544, "meanscore": 0.9999931939093968, "prediction_time": 128.9636396216294}, "mark": {"avg_time": 22.442090157891904, "falsepos": 0.00022014208693665882}, "product": {"accuracy": 0.9999999996665263}, "reports": {"auc": 0.999999999337778, "benchmark": 4.193369628929383, "f1-score": 0.9999991977302278}, "train_full": {"benchmark": 6.142923624465784}}