{"brand": {"avg_time": 24.54566718966579, "loss": 0.044911598079889536}, "estimate": {"accuracy": 0.9931116501136366, "entropy": 2.627319167128677, "index": 6.363269995433513, "meanscore": 0.9597251089353971, "prediction_time": 7.2859995799555985}, "mark": {"avg_time": 3.2463637370833114, "falsepos": 0.1404495103026877}, "product": {"accuracy": 0.9987603862756761}, "reports": {"auc": 0.9937601217917356, "benchmark": 2.1503873184993365, "f1-score": 0.9891914919252032}, "train_full": {"benchmark": 2.708332260730787}}