{"brand": {"avg_time": 13.704743865701758, "loss": 0.11084512932277057}, "estimate": {"accuracy": 0.9743665226912561, "entropy": 2.0329599293111107, "index": 3.6583681186911567, "meanscore": 0.9117902623793912, "prediction_time": 4.74591076277147}, "mark": {"avg_time": 2.2748309727980978, "falsepos": 0.25337445861996466}, "product": {"accuracy": 0.9911189629780125}, "reports": {"auc": 0.9742135097290092, "benchmark": 1.781860177318712, "f1-score": 0.9715119636692615}, "train_full": {"benchmark": 2.149679093948709}}