{"brand": {"avg_time": 103.30560141655438, "loss": 0.004540619885118891}, "estimate": {"accuracy": 0.9996835118725302, "entropy": 3.869978891745283, "index": 20.393025045107677, "meanscore": 0.9954494517602709, "prediction_time": 20.655267307023493}, "mark": {"avg_time": 6.531841330627422, "falsepos": 0.024347330029421688}, "product": {"accuracy": 0.9999871241936691}, "reports": {"auc": 0.9999453695984313, "benchmark": 2.876074526190526, "f1-score": 0.999386318535786}, "train_full": {"benchmark": 3.915258610639546}}