{"brand": {"avg_time": 9741.57385996597, "loss": 1.0475916356611492e-08}, "estimate": {"accuracy": 0.9999999999840801, "entropy": 8.044196831708945, "index": 818.7189106716236, "meanscore": 0.9999999923831323, "prediction_time": 497.88998495281123}, "mark": {"avg_time": 62.34892192660298, "falsepos": 1.4052965727762157e-06}, "product": {"accuracy": 0.9999999999999999}, "reports": {"auc": 0.9999999999999994, "benchmark": 5.221571287427749, "f1-score": 0.9999999986439906}, "train_full": {"benchmark": 8.031303300247867}}