{"brand": {"avg_time": 138905.29943182765, "loss": 1.872946242542639e-13}, "estimate": {"accuracy": 1.0, "entropy": 10.364486591683386, "index": 6141.036562307808, "meanscore": 0.999999999999794, "prediction_time": 3223.9567822624804}, "mark": {"avg_time": 270.1456023646601, "falsepos": 6.519305095764594e-10}, "product": {"accuracy": 1.0}, "reports": {"auc": 1.0, "benchmark": 6.5489030973735884, "f1-score": 0.9999999999999842}, "train_full": {"benchmark": 10.28844290445759}}