{"brand": {"avg_time": 8.967783185362658, "loss": 0.1591998521099589}, "estimate": {"accuracy": 0.9542417601726512, "entropy": 1.6875533812905448, "index": 2.817814076632229, "meanscore": 0.8615812525940703, "prediction_time": 3.5462974554489657}, "mark": {"avg_time": 2.4148514079820798, "falsepos": 0.2939398725509881}, "product": {"accuracy": 0.979695485099803}, "reports": {"auc": 0.9386832923573276, "benchmark": 1.6442675111133982, "f1-score": 0.9396478445663023}, "train_full": {"benchmark": 1.8775078700234618}}