{"brand": {"avg_time": 41515.687250269904, "loss": 5.935585356553474e-11}, "estimate": {"accuracy": 0.9999999999999732, "entropy": 9.234842883449375, "index": 2236.4420682810696, "meanscore": 0.999999999913262, "prediction_time": 1200.8651480746419}, "mark": {"avg_time": 138.749110282058, "falsepos": 2.988651282009869e-08}, "product": {"accuracy": 1.0}, "reports": {"auc": 1.0, "benchmark": 5.9708760745845, "f1-score": 0.9999999999891787}, "train_full": {"benchmark": 9.18413854499474}}