{"brand": {"avg_time": 16.91845134247545, "loss": 0.0693199741659486}, "estimate": {"accuracy": 0.9885287446784048, "entropy": 2.2672808125186066, "index": 5.068341760895686, "meanscore": 0.9446961982019746, "prediction_time": 6.3555228403428945}, "mark": {"avg_time": 3.0912826526918575, "falsepos": 0.16602457997547093}, "product": {"accuracy": 0.9963226341188922}, "reports": {"auc": 0.9859738396696958, "benchmark": 2.056527904748008, "f1-score": 0.9750817368811378}, "train_full": {"benchmark": 2.5451711479952785}}