{"brand": {"avg_time": 22.85440985863139, "loss": 0.047959925964914385}, "estimate": {"accuracy": 0.9874390446031689, "entropy": 2.5515712209895587, "index": 5.963079566760687, "meanscore": 0.9578457183379807, "prediction_time": 6.112105426015401}, "mark": {"avg_time": 3.1520353148755222, "falsepos": 0.14235356900443985}, "product": {"accuracy": 0.9980266506268818}, "reports": {"auc": 0.992832486789678, "benchmark": 2.124067520626142, "f1-score": 0.9881207209963415}, "train_full": {"benchmark": 2.642741071989915}}