{"brand": {"avg_time": 406.6943287445072, "loss": 0.0002797372128197084}, "estimate": {"accuracy": 0.9999924959325515, "entropy": 5.074404386511568, "index": 60.93670159203234, "meanscore": 0.9998544231616012, "prediction_time": 48.692817919149164}, "mark": {"avg_time": 14.695416324280043, "falsepos": 0.0023385690455274277}, "product": {"accuracy": 0.9999999291779539}, "reports": {"auc": 0.9999997491462163, "benchmark": 3.6163392240179193, "f1-score": 0.9999659344996661}, "train_full": {"benchmark": 5.243293254894493}}