{"brand": {"avg_time": 987.3980366052706, "loss": 2.6402953383741767e-05}, "estimate": {"accuracy": 0.9999991957239359, "entropy": 5.945573468025071, "index": 121.24467888645711, "meanscore": 0.9999770633526898, "prediction_time": 98.25448765578383}, "mark": {"avg_time": 20.47206210502931, "falsepos": 0.00046509617466239384}, "product": {"accuracy": 0.9999999993390697}, "reports": {"auc": 0.9999999981037011, "benchmark": 4.0064623494354965, "f1-score": 0.9999982924980992}, "train_full": {"benchmark": 5.943470765688872}}