{"brand": {"avg_time": 86226.37311539035, "loss": 2.7037261318696437e-12}, "estimate": {"accuracy": 0.9999999999999997, "entropy": 9.901416390284245, "index": 4091.2238560761275, "meanscore": 0.9999999999982716, "prediction_time": 2142.975669672156}, "mark": {"avg_time": 209.2032666081583, "falsepos": 3.3555751510760956e-09}, "product": {"accuracy": 1.0}, "reports": {"auc": 1.0, "benchmark": 6.234099629626077, "f1-score": 0.999999999999441}, "train_full": {"benchmark": 9.92619863826495}}