{"brand": {"avg_time": 25.39305534434142, "loss": 0.029004495663183416}, "estimate": {"accuracy": 0.995703804221365, "entropy": 2.7369249689479056, "index": 7.403393272392512, "meanscore": 0.9633033075649289, "prediction_time": 9.076665988080947}, "mark": {"avg_time": 4.163779463211832, "falsepos": 0.1134731928907251}, "product": {"accuracy": 0.9992095666245209}, "reports": {"auc": 0.9947748643753505, "benchmark": 2.2398285498364108, "f1-score": 0.9920012386284575}, "train_full": {"benchmark": 2.850615931506266}}