{"brand": {"avg_time": 4877.340904752061, "loss": 1.2832554574515598e-07}, "estimate": {"accuracy": 0.999999999567389, "entropy": 7.299358974466443, "index": 427.9545953574673, "meanscore": 0.999999841197114, "prediction_time": 286.27017027628966}, "mark": {"avg_time": 54.56628556288413, "falsepos": 1.6390584985703782e-05}, "product": {"accuracy": 0.9999999999999702}, "reports": {"auc": 0.999999999999814, "benchmark": 4.815565020824332, "f1-score": 0.9999999722045947}, "train_full": {"benchmark": 7.339867056643564}}