{"brand": {"avg_time": 7.5889397838867545, "loss": 0.17170692145603494}, "estimate": {"accuracy": 0.938034692865432, "entropy": 1.444672155182041, "index": 2.1999042118869503, "meanscore": 0.8465844613440747, "prediction_time": 3.218726976569641}, "mark": {"avg_time": 1.7217727127756544, "falsepos": 0.32246434547469793}, "product": {"accuracy": 0.964489597725796}, "reports": {"auc": 0.9220090401002525, "benchmark": 1.529623718951099, "f1-score": 0.9372699778387981}, "train_full": {"benchmark": 1.596809161187218}}