{"brand": {"avg_time": 11826.95441253357, "loss": 5.945763104087121e-09}, "estimate": {"accuracy": 0.9999999999914762, "entropy": 8.20555968219305, "index": 973.740462809703, "meanscore": 0.9999999982329449, "prediction_time": 581.9841040534515}, "mark": {"avg_time": 73.31903120888015, "falsepos": 8.6332941640066e-07}, "product": {"accuracy": 1.0}, "reports": {"auc": 1.0, "benchmark": 5.32894499057704, "f1-score": 0.9999999989678342}, "train_full": {"benchmark": 8.224228810541739}}