{"brand": {"avg_time": 219.91955130521112, "loss": 0.0010737162595161331}, "estimate": {"accuracy": 0.9999543776064206, "entropy": 4.578663063616955, "index": 36.6129593421884, "meanscore": 0.9991922921767026, "prediction_time": 32.19773673142351}, "mark": {"avg_time": 8.960911258426618, "falsepos": 0.007694137804129753}, "product": {"accuracy": 0.9999987864998425}, "reports": {"auc": 0.9999943609477874, "benchmark": 3.357191176088702, "f1-score": 0.9999183013940348}, "train_full": {"benchmark": 4.650306582961511}}