{"brand": {"avg_time": 5.878876937497511, "loss": 0.21392066186102388}, "estimate": {"accuracy": 0.9027416850575017, "entropy": 1.1781926838835346, "index": 1.7904975992587573, "meanscore": 0.7619878046785072, "prediction_time": 2.445284521146398}, "mark": {"avg_time": 1.68742415799391, "falsepos": 0.3974031538626632}, "product": {"accuracy": 0.951867303700032}, "reports": {"auc": 0.8669876886469696, "benchmark": 1.3336448528502967, "f1-score": 0.8711794891994341}, "train_full": {"benchmark": 1.4185442144114941}}