{"brand": {"avg_time": 155971.43091309967, "loss": 3.6637359812630166e-14}, "estimate": {"accuracy": 1.0, "entropy": 10.570292274706778, "index": 7064.365552505878, "meanscore": 0.9999999999999583, "prediction_time": 3739.1658743998323}, "mark": {"avg_time": 260.5586603598435, "falsepos": 2.740718763050154e-10}, "product": {"accuracy": 1.0}, "reports": {"auc": 1.0, "benchmark": 6.725777357782346, "f1-score": 0.9999999999999913}, "train_full": {"benchmark": 10.5000784441142}}