{"brand": {"avg_time": 1884.224104448993, "loss": 2.679251610571143e-06}, "estimate": {"accuracy": 0.9999999557937358, "entropy": 6.676557623643124, "index": 221.30301557727452, "meanscore": 0.9999961126742427, "prediction_time": 172.33674622574247}, "mark": {"avg_time": 31.284936642523686, "falsepos": 0.00011981797464177824}, "product": {"accuracy": 0.9999999999908651}, "reports": {"auc": 0.9999999999392598, "benchmark": 4.350728960108657, "f1-score": 0.9999998845428679}, "train_full": {"benchmark": 6.630364128445338}}