{"brand": {"avg_time": 61.919159365535734, "loss": 0.009518541176167794}, "estimate": {"accuracy": 0.9987045589085357, "entropy": 3.490485640512053, "index": 13.979106830209174, "meanscore": 0.9899314630755239, "prediction_time": 13.375429057205514}, "mark": {"avg_time": 5.582033778720853, "falsepos": 0.035778816230233046}, "product": {"accuracy": 0.9998997890871448}, "reports": {"auc": 0.9997450067455339, "benchmark": 2.6896301569601273, "f1-score": 0.9982894624352787}, "train_full": {"benchmark": 3.6042292531662423}}