{"brand": {"avg_time": 41303.90184778413, "loss": 5.6658122637998076e-11}, "estimate": {"accuracy": 0.9999999999999749, "entropy": 9.233710716902124, "index": 2249.568498955, "meanscore": 0.9999999999153012, "prediction_time": 1203.5087168212347}, "mark": {"avg_time": 139.39283084365098, "falsepos": 2.953588174037236e-08}, "product": {"accuracy": 1.0}, "reports": {"auc": 1.0, "benchmark": 5.970016877703256, "f1-score": 0.9999999999900816}, "train_full": {"benchmark": 9.185476367817769}}