{"brand": {"avg_time": 8154.623134384598, "loss": 1.7996077517068443e-08}, "estimate": {"accuracy": 0.9999999999312928, "entropy": 7.9498442934976286, "index": 720.6934624548694, "meanscore": 0.9999999724237525, "prediction_time": 463.4461088621425}, "mark": {"avg_time": 62.768562521729066, "falsepos": 2.6571977799205726e-06}, "product": {"accuracy": 0.9999999999999994}, "reports": {"auc": 0.9999999999999984, "benchmark": 5.219451063843314, "f1-score": 0.9999999982474989}, "train_full": {"benchmark": 7.800368425208721}}