{"brand": {"avg_time": 370165.730897555, "loss": 9.992007221626409e-16}, "estimate": {"accuracy": 1.0, "entropy": 11.262588709853997, "index": 13269.574505709053, "meanscore": 0.9999999999999956, "prediction_time": 7393.048291062172}, "mark": {"avg_time": 387.3172344765225, "falsepos": 1.078159783673982e-11}, "product": {"accuracy": 1.0}, "reports": {"auc": 1.0, "benchmark": 7.030996769596722, "f1-score": 0.9999999999999986}, "train_full": {"benchmark": 11.241090416616682}}