{"brand": {"avg_time": 447448.6285575418, "loss": 9.992007221626409e-16}, "estimate": {"accuracy": 1.0, "entropy": 11.463732035736799, "index": 14083.757514048324, "meanscore": 0.9999999999999983, "prediction_time": 7722.1594781215135}, "mark": {"avg_time": 495.781016664629, "falsepos": 5.873412867174466e-12}, "product": {"accuracy": 1.0}, "reports": {"auc": 1.0, "benchmark": 7.041693927571307, "f1-score": 0.9999999999999998}, "train_full": {"benchmark": 11.301547771017368}}