{"brand": {"avg_time": 612.5901093776777, "loss": 5.267603666248011e-05}, "estimate": {"accuracy": 0.999997476874064, "entropy": 5.577816809391707, "index": 90.7258502994866, "meanscore": 0.999945214082583, "prediction_time": 79.86244551231465}, "mark": {"avg_time": 16.76359304652329, "falsepos": 0.0010316877904748}, "product": {"accuracy": 0.9999999961542717}, "reports": {"auc": 0.9999999902425549, "benchmark": 3.851247464926327, "f1-score": 0.9999951780760239}, "train_full": {"benchmark": 5.698128467190014}}