{"brand": {"avg_time": 515.8155866123548, "loss": 0.00023341066428206325}, "estimate": {"accuracy": 0.9999938188321863, "entropy": 5.326566917169989, "index": 69.28470612925858, "meanscore": 0.9998393191844502, "prediction_time": 67.4336421621648}, "mark": {"avg_time": 14.394711208314604, "falsepos": 0.0015396246324678176}, "product": {"accuracy": 0.9999999782065149}, "reports": {"auc": 0.9999999408244491, "benchmark": 3.6414175532694073, "f1-score": 0.9999864353175509}, "train_full": {"benchmark": 5.428188860220152}}