{"brand": {"avg_time": 54251.03763279353, "loss": 1.751532252569632e-11}, "estimate": {"accuracy": 0.9999999999999927, "entropy": 9.555691046891678, "index": 3071.653166004756, "meanscore": 0.9999999999860925, "prediction_time": 1811.3618315063886}, "mark": {"avg_time": 153.6273852368763, "falsepos": 5.664812063876923e-09}, "product": {"accuracy": 1.0}, "reports": {"auc": 1.0, "benchmark": 6.097115177139298, "f1-score": 0.999999999998032}, "train_full": {"benchmark": 9.582432119312116}}