{"brand": {"avg_time": 220.0487815601687, "loss": 0.001067994930291305}, "estimate": {"accuracy": 0.9999539427300831, "entropy": 4.581317788865906, "index": 37.38907735437203, "meanscore": 0.9991807811302207, "prediction_time": 31.53525011704819}, "mark": {"avg_time": 9.100482502660904, "falsepos": 0.007670721824808213}, "product": {"accuracy": 0.99999868830959}, "reports": {"auc": 0.9999945548037418, "benchmark": 3.3636588921466672, "f1-score": 0.9999248593569211}, "train_full": {"benchmark": 4.622477651482748}}