{"brand": {"avg_time": 635835.5266136805, "loss": 0.0}, "estimate": {"accuracy": 1.0, "entropy": 11.773341168930312, "index": 19037.345344639627, "meanscore": 0.9999999999999999, "prediction_time": 10622.282332924164}, "mark": {"avg_time": 638.1746840893902, "falsepos": 1.7821299991283013e-12}, "product": {"accuracy": 1.0}, "reports": {"auc": 1.0, "benchmark": 7.29124195335649, "f1-score": 0.9999999999999998}, "train_full": {"benchmark": 11.569506090949758}}