{"brand": {"avg_time": 1828381.3718975235, "loss": 0.0}, "estimate": {"accuracy": 1.0, "entropy": 12.721645849911013, "index": 46693.864378186016, "meanscore": 1.0, "prediction_time": 19566.672127441336}, "mark": {"avg_time": 1121.8492980141043, "falsepos": 2.886579864025407e-14}, "product": {"accuracy": 1.0}, "reports": {"auc": 1.0, "benchmark": 7.776418489601483, "f1-score": 1.0}, "train_full": {"benchmark": 12.42744510394736}}