{"brand": {"avg_time": 382.55471698326403, "loss": 0.00027963492377414134}, "estimate": {"accuracy": 0.9999937608517288, "entropy": 5.054680878830106, "index": 59.17352459987926, "meanscore": 0.9997793974058639, "prediction_time": 51.21673578464383}, "mark": {"avg_time": 14.603850093807864, "falsepos": 0.002731930705096919}, "product": {"accuracy": 0.9999999110035223}, "reports": {"auc": 0.9999998237161036, "benchmark": 3.6129585310937027, "f1-score": 0.9999695529717612}, "train_full": {"benchmark": 5.189185086126479}}