{"brand": {"avg_time": 8.775500319805372, "loss": 0.17179915111185773}, "estimate": {"accuracy": 0.9473386376283754, "entropy": 1.6906956475267105, "index": 2.70550280634357, "meanscore": 0.8582311200019159, "prediction_time": 3.2379855257969385}, "mark": {"avg_time": 2.2457312376451313, "falsepos": 0.2932923621930723}, "product": {"accuracy": 0.9819411527389912}, "reports": {"auc": 0.9345659198383378, "benchmark": 1.632421502812135, "f1-score": 0.947821805236301}, "train_full": {"benchmark": 1.8364983089542108}}