{"brand": {"avg_time": 958.2841248593896, "loss": 3.63777125941267e-05}, "estimate": {"accuracy": 0.9999991238180552, "entropy": 5.920603536084924, "index": 117.42718825433961, "meanscore": 0.9999622830642114, "prediction_time": 101.71477087756585}, "mark": {"avg_time": 21.280248485621293, "falsepos": 0.0005071807338767886}, "product": {"accuracy": 0.9999999987848112}, "reports": {"auc": 0.9999999976807381, "benchmark": 4.02857312239352, "f1-score": 0.9999984864096825}, "train_full": {"benchmark": 5.9204946180087745}}