{"brand": {"avg_time": 61.7748180916301, "loss": 0.009533282779364383}, "estimate": {"accuracy": 0.9986984663622465, "entropy": 3.488335870384002, "index": 13.959209331060126, "meanscore": 0.9899109537208322, "prediction_time": 13.372517308241406}, "mark": {"avg_time": 5.585875237347472, "falsepos": 0.035792093005253545}, "product": {"accuracy": 0.9999005362237646}, "reports": {"auc": 0.999746267175006, "benchmark": 2.687367266914397, "f1-score": 0.9982939426898637}, "train_full": {"benchmark": 3.60543523613757}}