{"brand": {"avg_time": 4.634936371912481, "loss": 0.27077100804845267}, "estimate": {"accuracy": 0.8679515103297478, "entropy": 1.0928538935720225, "index": 1.5652922129486002, "meanscore": 0.7453417798990714, "prediction_time": 2.1951123164398934}, "mark": {"avg_time": 1.6859773866828136, "falsepos": 0.41124139369607715}, "product": {"accuracy": 0.9335721411806472}, "reports": {"auc": 0.8177961871789213, "benchmark": 1.3360807443276759, "f1-score": 0.8494023598220335}, "train_full": {"benchmark": 1.294987591640608}}