{"brand": {"avg_time": 16.309875847222017, "loss": 0.08622313658266068}, "estimate": {"accuracy": 0.9798341330267467, "entropy": 2.202814102764078, "index": 4.254710305542239, "meanscore": 0.9256347393386888, "prediction_time": 5.53987883509808}, "mark": {"avg_time": 2.4687634790072353, "falsepos": 0.18354846997360474}, "product": {"accuracy": 0.9922940644076315}, "reports": {"auc": 0.9796262498386438, "benchmark": 1.9382283987196771, "f1-score": 0.981941502032134}, "train_full": {"benchmark": 2.332479839436621}}