{"brand": {"avg_time": 3698.54951281907, "loss": 3.258972212094591e-07}, "estimate": {"accuracy": 0.9999999985053241, "entropy": 7.2705294418742135, "index": 381.16152148649456, "meanscore": 0.9999997372785873, "prediction_time": 243.422457406599}, "mark": {"avg_time": 44.78273112041358, "falsepos": 2.2248681452174957e-05}, "product": {"accuracy": 0.9999999999997509}, "reports": {"auc": 0.9999999999996181, "benchmark": 4.7049100196032585, "f1-score": 0.9999999863972623}, "train_full": {"benchmark": 7.276068417232611}}