{"brand": {"avg_time": 7.172039884275954, "loss": 0.17426943803373673}, "estimate": {"accuracy": 0.9271978656894866, "entropy": 1.4308820531049502, "index": 2.128168042839309, "meanscore": 0.8558936126630705, "prediction_time": 2.952272052151444}, "mark": {"avg_time": 1.657799962733985, "falsepos": 0.3343562368305458}, "product": {"accuracy": 0.957462104347846}, "reports": {"auc": 0.8970283130351058, "benchmark": 1.482962343670227, "f1-score": 0.9372681863322023}, "train_full": {"benchmark": 1.582370758476513}}