{"brand": {"avg_time": 289232.681026543, "loss": 5.329070518200751e-15}, "estimate": {"accuracy": 1.0, "entropy": 11.057227045146712, "index": 10508.55995533591, "meanscore": 0.9999999999999929, "prediction_time": 5811.498307601019}, "mark": {"avg_time": 426.06128919278643, "falsepos": 4.229927519361354e-11}, "product": {"accuracy": 1.0}, "reports": {"auc": 1.0, "benchmark": 6.953530302058732, "f1-score": 0.9999999999999997}, "train_full": {"benchmark": 11.027665787944624}}