{"brand": {"avg_time": 3.304559026035364, "loss": 0.31798145651748144}, "estimate": {"accuracy": 0.8571029118042327, "entropy": 0.8717299583042667, "index": 1.1673307037740528, "meanscore": 0.6538382780581815, "prediction_time": 1.665610943794197}, "mark": {"avg_time": 1.388270425217802, "falsepos": 0.4376502016506496}, "product": {"accuracy": 0.8912930901662648}, "reports": {"auc": 0.7414491104665009, "benchmark": 1.0980842738661956, "f1-score": 0.857948231237363}, "train_full": {"benchmark": 1.0761271705584288}}