{"brand": {"avg_time": 531.0376889508408, "loss": 0.00018346218343678888}, "estimate": {"accuracy": 0.9999957642450317, "entropy": 5.39496287424552, "index": 71.34916317455418, "meanscore": 0.9998856370163289, "prediction_time": 65.63017095752465}, "mark": {"avg_time": 13.836687667053669, "falsepos": 0.001334115382245482}, "product": {"accuracy": 0.9999999740490023}, "reports": {"auc": 0.9999999505787296, "benchmark": 3.676195407095714, "f1-score": 0.999990108749602}, "train_full": {"benchmark": 5.45289270342057}}