{"brand": {"avg_time": 24122.87924488002, "loss": 2.5803603698193456e-10}, "estimate": {"accuracy": 0.9999999999998019, "entropy": 8.885291707852367, "index": 1671.255198885931, "meanscore": 0.9999999996107001, "prediction_time": 931.0466214656434}, "mark": {"avg_time": 101.02025977889134, "falsepos": 1.0352454926643162e-07}, "product": {"accuracy": 1.0}, "reports": {"auc": 1.0, "benchmark": 5.731593698952969, "f1-score": 0.9999999999687565}, "train_full": {"benchmark": 8.948284066163094}}