{"brand": {"avg_time": 2869.9294533268358, "loss": 7.816416396355663e-07}, "estimate": {"accuracy": 0.9999999886806092, "entropy": 6.825178280228835, "index": 284.96499795099373, "meanscore": 0.9999991005949326, "prediction_time": 208.82477015907583}, "mark": {"avg_time": 38.196056414405405, "falsepos": 5.03967439688946e-05}, "product": {"accuracy": 0.9999999999987602}, "reports": {"auc": 0.9999999999894695, "benchmark": 4.5287511703421455, "f1-score": 0.9999998252441835}, "train_full": {"benchmark": 6.818863116298951}}