{"brand": {"avg_time": 563.777824679485, "loss": 8.094976059647152e-05}, "estimate": {"accuracy": 0.9999983839193952, "entropy": 5.510853409896493, "index": 81.86519513686923, "meanscore": 0.9999333399855166, "prediction_time": 71.47529917632633}, "mark": {"avg_time": 15.266855147350492, "falsepos": 0.0010236767720797069}, "product": {"accuracy": 0.9999999775219375}, "reports": {"auc": 0.9999999736026521, "benchmark": 3.8356023178308734, "f1-score": 0.9999969535244408}, "train_full": {"benchmark": 5.566045301963125}}