{"brand": {"avg_time": 4.16096449433915, "loss": 0.2769143553016721}, "estimate": {"accuracy": 0.8454276672445116, "entropy": 0.9971223594116125, "index": 1.4445221683690503, "meanscore": 0.7666996092994426, "prediction_time": 2.316701581094664}, "mark": {"avg_time": 1.5598228170009938, "falsepos": 0.4097813007483958}, "product": {"accuracy": 0.9367636851576835}, "reports": {"auc": 0.8258867358136909, "benchmark": 1.2783345462271942, "f1-score": 0.8493723684017136}, "train_full": {"benchmark": 1.2021507873946042}}