{"brand": {"avg_time": 4880.02396173338, "loss": 1.2830792828211202e-07}, "estimate": {"accuracy": 0.9999999995647578, "entropy": 7.298915863812351, "index": 427.2488897325855, "meanscore": 0.999999840259436, "prediction_time": 286.14413903837584}, "mark": {"avg_time": 54.60328449476658, "falsepos": 1.6302682817936898e-05}, "product": {"accuracy": 0.9999999999999699}, "reports": {"auc": 0.9999999999998165, "benchmark": 4.814410107103262, "f1-score": 0.9999999721861241}, "train_full": {"benchmark": 7.34051665639069}}