{"brand": {"avg_time": 31.403751888876528, "loss": 0.022229298422217436}, "estimate": {"accuracy": 0.9970173537817634, "entropy": 2.9503388768789502, "index": 8.51474393702731, "meanscore": 0.9832994942682312, "prediction_time": 9.962617729862103}, "mark": {"avg_time": 4.508049050724301, "falsepos": 0.08357440781697312}, "product": {"accuracy": 0.9995841857042166}, "reports": {"auc": 0.997287055443701, "benchmark": 2.4283024696389437, "f1-score": 0.995518525795773}, "train_full": {"benchmark": 3.0294112653144776}}