{"brand": {"avg_time": 1319048.2292180948, "loss": 0.0}, "estimate": {"accuracy": 1.0, "entropy": 12.457021473767796, "index": 37622.06961775713, "meanscore": 1.0, "prediction_time": 17606.644460470485}, "mark": {"avg_time": 857.0923264111599, "falsepos": 1.4099832412739488e-13}, "product": {"accuracy": 1.0}, "reports": {"auc": 1.0, "benchmark": 7.6414525626854894, "f1-score": 1.0}, "train_full": {"benchmark": 12.245530993755043}}