{"brand": {"avg_time": 1013.3752874534695, "loss": 1.414283858958143e-05}, "estimate": {"accuracy": 0.9999996698698396, "entropy": 6.048701100379004, "index": 135.3805322866305, "meanscore": 0.9999846998749349, "prediction_time": 108.37460005915801}, "mark": {"avg_time": 22.265411673886646, "falsepos": 0.00029562350639411594}, "product": {"accuracy": 0.9999999997205249}, "reports": {"auc": 0.9999999990612626, "benchmark": 4.147995786545097, "f1-score": 0.9999979667009394}, "train_full": {"benchmark": 6.114220261986858}}