{"brand": {"avg_time": 137500.71022469434, "loss": 1.2645440250480533e-13}, "estimate": {"accuracy": 1.0, "entropy": 10.444007069241554, "index": 6401.466983606469, "meanscore": 0.9999999999996536, "prediction_time": 3307.516008762993}, "mark": {"avg_time": 263.9685482967163, "falsepos": 4.949288756606052e-10}, "product": {"accuracy": 1.0}, "reports": {"auc": 1.0, "benchmark": 6.553131537549313, "f1-score": 0.9999999999999925}, "train_full": {"benchmark": 10.324188035056935}}