{"brand": {"avg_time": 783317.9776604855, "loss": 0.0}, "estimate": {"accuracy": 1.0, "entropy": 12.043276811363237, "index": 25677.943685048263, "meanscore": 1.0, "prediction_time": 11442.763389026448}, "mark": {"avg_time": 649.6798661373549, "falsepos": 1.0038636588660665e-12}, "product": {"accuracy": 1.0}, "reports": {"auc": 1.0, "benchmark": 7.452228084038119, "f1-score": 1.0}, "train_full": {"benchmark": 11.846387690695138}}