{"brand": {"avg_time": 218.8676311360964, "loss": 0.0009954334834820777}, "estimate": {"accuracy": 0.9999534114505654, "entropy": 4.584452760450878, "index": 36.4875990036075, "meanscore": 0.9992333135914737, "prediction_time": 32.25864316874982}, "mark": {"avg_time": 8.956722949806359, "falsepos": 0.0075194989343446705}, "product": {"accuracy": 0.9999988096600994}, "reports": {"auc": 0.9999944100881775, "benchmark": 3.343526514027068, "f1-score": 0.999920330639072}, "train_full": {"benchmark": 4.628717350760464}}