{"brand": {"avg_time": 123873.29449223328, "loss": 1.7918999617450027e-13}, "estimate": {"accuracy": 1.0, "entropy": 10.256341732073137, "index": 5515.045177954421, "meanscore": 0.9999999999993804, "prediction_time": 2964.373372641938}, "mark": {"avg_time": 227.11329199200097, "falsepos": 7.602095619674287e-10}, "product": {"accuracy": 1.0}, "reports": {"auc": 1.0, "benchmark": 6.506711644498814, "f1-score": 0.999999999999968}, "train_full": {"benchmark": 10.237609151872864}}