{"brand": {"avg_time": 2519.307998850421, "loss": 9.27820403062718e-07}, "estimate": {"accuracy": 0.9999999810343077, "entropy": 6.746119160241156, "index": 259.0755378665927, "meanscore": 0.9999974350428507, "prediction_time": 192.82251763179198}, "mark": {"avg_time": 36.239451275437816, "falsepos": 8.606047642001347e-05}, "product": {"accuracy": 0.9999999999969394}, "reports": {"auc": 0.9999999999749584, "benchmark": 4.415750213498655, "f1-score": 0.9999997813822215}, "train_full": {"benchmark": 6.710402882596268}}