{"brand": {"avg_time": 7387.797568434544, "loss": 2.772420404362208e-08}, "estimate": {"accuracy": 0.9999999999154405, "entropy": 7.693054122737651, "index": 581.2118085611603, "meanscore": 0.9999999611315767, "prediction_time": 387.7422277959978}, "mark": {"avg_time": 66.89474377841245, "falsepos": 7.800701263604992e-06}, "product": {"accuracy": 0.9999999999999991}, "reports": {"auc": 0.9999999999999848, "benchmark": 4.950879851100291, "f1-score": 0.9999999907744355}, "train_full": {"benchmark": 7.603969696396266}}