{"brand": {"avg_time": 51062.82914090078, "loss": 1.80890857848226e-11}, "estimate": {"accuracy": 0.9999999999999862, "entropy": 9.509694384929386, "index": 2977.6398222475914, "meanscore": 0.9999999999869557, "prediction_time": 1662.763973842895}, "mark": {"avg_time": 148.35351433889056, "falsepos": 7.388702316646345e-09}, "product": {"accuracy": 1.0}, "reports": {"auc": 1.0, "benchmark": 6.060533786276391, "f1-score": 0.9999999999983269}, "train_full": {"benchmark": 9.507884207375003}}