{"brand": {"avg_time": 88196.7752797085, "loss": 2.0616841567289157e-12}, "estimate": {"accuracy": 0.9999999999999998, "entropy": 9.983829172025096, "index": 4431.676281602243, "meanscore": 0.9999999999990477, "prediction_time": 2676.9869632033488}, "mark": {"avg_time": 207.28539038243295, "falsepos": 2.5956060634158007e-09}, "product": {"accuracy": 1.0}, "reports": {"auc": 1.0, "benchmark": 6.310480616289067, "f1-score": 0.9999999999997581}, "train_full": {"benchmark": 9.960337014916202}}