{"brand": {"avg_time": 7.774056794489434, "loss": 0.17368579360175374}, "estimate": {"accuracy": 0.9297040196945074, "entropy": 1.5231512084678729, "index": 2.274058459698131, "meanscore": 0.8310632467245835, "prediction_time": 3.414211738004007}, "mark": {"avg_time": 1.7715407183572798, "falsepos": 0.3076518518970558}, "product": {"accuracy": 0.9708927572760792}, "reports": {"auc": 0.9267080826797672, "benchmark": 1.5927670285122897, "f1-score": 0.9487603791210771}, "train_full": {"benchmark": 1.6326480634196725}}