{"brand": {"avg_time": 48.23581285259778, "loss": 0.019289365912937506}, "estimate": {"accuracy": 0.9976176326185175, "entropy": 3.1361975229280734, "index": 10.56888153699339, "meanscore": 0.9820020166807264, "prediction_time": 11.321050447789675}, "mark": {"avg_time": 4.551138783456647, "falsepos": 0.06410762677793347}, "product": {"accuracy": 0.9998189669156465}, "reports": {"auc": 0.9989702338887175, "benchmark": 2.440537112862611, "f1-score": 0.9957713184825899}, "train_full": {"benchmark": 3.177668504683424}}