{"brand": {"avg_time": 9613.204264997497, "loss": 1.082114720052374e-08}, "estimate": {"accuracy": 0.9999999999615408, "entropy": 8.046239522862662, "index": 796.0863822017109, "meanscore": 0.9999999867670039, "prediction_time": 505.015425077551}, "mark": {"avg_time": 62.79806426138009, "falsepos": 1.6339635909856653e-06}, "product": {"accuracy": 0.9999999999999997}, "reports": {"auc": 0.9999999999999993, "benchmark": 5.251801643738207, "f1-score": 0.9999999991303519}, "train_full": {"benchmark": 7.981998441472614}}