{"brand": {"avg_time": 294.8896738108562, "loss": 0.00041361260042749315}, "estimate": {"accuracy": 0.9999834716593877, "entropy": 4.873472852556163, "index": 48.578292394698984, "meanscore": 0.9996721153739134, "prediction_time": 47.70393782658249}, "mark": {"avg_time": 12.30662288779364, "falsepos": 0.003034305320874453}, "product": {"accuracy": 0.9999997863498622}, "reports": {"auc": 0.9999994907595764, "benchmark": 3.500705737882536, "f1-score": 0.9999314009662341}, "train_full": {"benchmark": 5.04447131262187}}