{"brand": {"avg_time": 685779.2577162437, "loss": 0.0}, "estimate": {"accuracy": 1.0, "entropy": 11.896963428212203, "index": 23763.80817088717, "meanscore": 1.0, "prediction_time": 9843.631025312498}, "mark": {"avg_time": 691.2007437748076, "falsepos": 1.7378321004457575e-12}, "product": {"accuracy": 1.0}, "reports": {"auc": 1.0, "benchmark": 7.321828008331308, "f1-score": 1.0}, "train_full": {"benchmark": 11.751679857607602}}