{"brand": {"avg_time": 1227585.1526984833, "loss": 0.0}, "estimate": {"accuracy": 1.0, "entropy": 12.286611601579144, "index": 33181.28737591153, "meanscore": 1.0, "prediction_time": 15513.49010302182}, "mark": {"avg_time": 916.5843425908852, "falsepos": 1.9395596240201485e-13}, "product": {"accuracy": 1.0}, "reports": {"auc": 1.0, "benchmark": 7.5831142867762225, "f1-score": 1.0}, "train_full": {"benchmark": 12.094435776293686}}