{"brand": {"avg_time": 190973.14873281878, "loss": 2.4202861936828413e-14}, "estimate": {"accuracy": 1.0, "entropy": 10.672836063120643, "index": 8041.7662403955555, "meanscore": 0.9999999999999524, "prediction_time": 4365.534010521612}, "mark": {"avg_time": 267.13734879660717, "falsepos": 1.449392827979068e-10}, "product": {"accuracy": 1.0}, "reports": {"auc": 1.0, "benchmark": 6.742965611516168, "f1-score": 0.9999999999999835}, "train_full": {"benchmark": 10.681834376586613}}