{"brand": {"avg_time": 546.9142844990716, "loss": 5.941327169145527e-05}, "estimate": {"accuracy": 0.9999984629249455, "entropy": 5.507167422471175, "index": 84.3485876085141, "meanscore": 0.9999185332783894, "prediction_time": 75.97467415300002}, "mark": {"avg_time": 15.73466875507395, "falsepos": 0.001014580740561155}, "product": {"accuracy": 0.9999999863125053}, "reports": {"auc": 0.9999999786959628, "benchmark": 3.8763237314852006, "f1-score": 0.9999960779025898}, "train_full": {"benchmark": 5.612700503335213}}