{"brand": {"avg_time": 26.13538285441011, "loss": 0.027101996542314932}, "estimate": {"accuracy": 0.9950644937823208, "entropy": 2.7624063932283285, "index": 7.812360076649892, "meanscore": 0.9698143115186894, "prediction_time": 8.85351214218862}, "mark": {"avg_time": 4.313614136394335, "falsepos": 0.10180020155189617}, "product": {"accuracy": 0.9993038121460673}, "reports": {"auc": 0.99656341303616, "benchmark": 2.2917557570665386, "f1-score": 0.9940705328576748}, "train_full": {"benchmark": 2.852521000334803}}