{"brand": {"avg_time": 1223937.3279486552, "loss": 0.0}, "estimate": {"accuracy": 1.0, "entropy": 12.281630151221833, "index": 32196.425578065864, "meanscore": 1.0, "prediction_time": 14515.451271838208}, "mark": {"avg_time": 848.2814906869266, "falsepos": 2.6634250360757505e-13}, "product": {"accuracy": 1.0}, "reports": {"auc": 1.0, "benchmark": 7.509545788293712, "f1-score": 1.0}, "train_full": {"benchmark": 12.077935839063066}}