{"brand": {"avg_time": 321336.9045380372, "loss": 5.662137425588298e-15}, "estimate": {"accuracy": 1.0, "entropy": 11.188970044714527, "index": 11487.222450519435, "meanscore": 0.9999999999999896, "prediction_time": 6544.527226630437}, "mark": {"avg_time": 416.9571672131338, "falsepos": 2.0301760272900538e-11}, "product": {"accuracy": 1.0}, "reports": {"auc": 1.0, "benchmark": 6.985886669795321, "f1-score": 0.9999999999999996}, "train_full": {"benchmark": 11.07363415435974}}