{"brand": {"avg_time": 699.8623644270036, "loss": 5.4556065039124135e-05}, "estimate": {"accuracy": 0.9999985708840993, "entropy": 5.632882265337002, "index": 99.30553827015854, "meanscore": 0.9999719031202216, "prediction_time": 81.44367859346646}, "mark": {"avg_time": 18.227780987608668, "falsepos": 0.0008726545286816823}, "product": {"accuracy": 0.9999999978717609}, "reports": {"auc": 0.9999999886844975, "benchmark": 3.8421939184533778, "f1-score": 0.9999951447066986}, "train_full": {"benchmark": 5.791039289076956}}