{"brand": {"avg_time": 3.3265637090417743, "loss": 0.3162830562260195}, "estimate": {"accuracy": 0.8274054840978107, "entropy": 0.8115226841708346, "index": 1.1198181198857515, "meanscore": 0.6411840521900644, "prediction_time": 1.6864923202092474}, "mark": {"avg_time": 1.2717057494694541, "falsepos": 0.435081128830094}, "product": {"accuracy": 0.9001517695669208}, "reports": {"auc": 0.7307149765602041, "benchmark": 1.0302442979327755, "f1-score": 0.8436124255052782}, "train_full": {"benchmark": 1.0276737259471647}}