{"brand": {"avg_time": 41359.76871217585, "loss": 5.647660117347186e-11}, "estimate": {"accuracy": 0.999999999999975, "entropy": 9.235869237668503, "index": 2249.470855644098, "meanscore": 0.9999999999159701, "prediction_time": 1205.1464099041825}, "mark": {"avg_time": 139.55118223459698, "falsepos": 2.911527874349673e-08}, "product": {"accuracy": 1.0}, "reports": {"auc": 1.0, "benchmark": 5.970399930388704, "f1-score": 0.9999999999899721}, "train_full": {"benchmark": 9.183905317623653}}