{"brand": {"avg_time": 11639.29600735641, "loss": 7.2653923988141855e-09}, "estimate": {"accuracy": 0.99999999999312, "entropy": 8.192369303124083, "index": 945.0158877218295, "meanscore": 0.9999999969027211, "prediction_time": 538.9505335138126}, "mark": {"avg_time": 72.78314728092374, "falsepos": 1.0867217892229775e-06}, "product": {"accuracy": 1.0}, "reports": {"auc": 0.9999999999999998, "benchmark": 5.326137215152845, "f1-score": 0.999999998296549}, "train_full": {"benchmark": 8.150168895011932}}