{"brand": {"avg_time": 2661517.5753784906, "loss": 0.0}, "estimate": {"accuracy": 1.0, "entropy": 13.034076122384713, "index": 62189.24645603781, "meanscore": 1.0, "prediction_time": 24838.820787005796}, "mark": {"avg_time": 1276.1307984179953, "falsepos": 9.880984919163893e-15}, "product": {"accuracy": 1.0}, "reports": {"auc": 1.0, "benchmark": 8.038318157476418, "f1-score": 1.0}, "train_full": {"benchmark": 12.697556375081007}}