{"brand": {"avg_time": 8488.874125293814, "loss": 1.3955559596823264e-08}, "estimate": {"accuracy": 0.9999999999241816, "entropy": 8.006119132773874, "index": 740.919805400021, "meanscore": 0.9999999854363503, "prediction_time": 530.0525017918892}, "mark": {"avg_time": 63.90520740895141, "falsepos": 1.986366096606851e-06}, "product": {"accuracy": 0.9999999999999998}, "reports": {"auc": 0.9999999999999981, "benchmark": 5.214015054508586, "f1-score": 0.9999999989375693}, "train_full": {"benchmark": 7.879377285202652}}