{"brand": {"avg_time": 24.886500615626943, "loss": 0.03227774930227878}, "estimate": {"accuracy": 0.9947736637266568, "entropy": 2.72243188316335, "index": 7.158037595202849, "meanscore": 0.9626302160268729, "prediction_time": 8.000240821785804}, "mark": {"avg_time": 3.994614638937665, "falsepos": 0.11901433215564339}, "product": {"accuracy": 0.9993347640121122}, "reports": {"auc": 0.9953430781725979, "benchmark": 2.214936799107668, "f1-score": 0.9895107613463121}, "train_full": {"benchmark": 2.8400459925901074}}