{"brand": {"avg_time": 5908.835627205281, "loss": 6.241488614833202e-08}, "estimate": {"accuracy": 0.9999999997050119, "entropy": 7.547038537284749, "index": 518.7568980724528, "meanscore": 0.9999999688488919, "prediction_time": 332.07955463609494}, "mark": {"avg_time": 59.37763349883893, "falsepos": 1.0487402188896766e-05}, "product": {"accuracy": 0.9999999999999917}, "reports": {"auc": 0.9999999999999598, "benchmark": 4.946467892318642, "f1-score": 0.9999999842864349}, "train_full": {"benchmark": 7.557559407141156}}