{"brand": {"avg_time": 1040647.6281801364, "loss": 0.0}, "estimate": {"accuracy": 1.0, "entropy": 12.21870138095876, "index": 29786.833257191916, "meanscore": 1.0, "prediction_time": 11946.65815534663}, "mark": {"avg_time": 691.0718657951189, "falsepos": 5.42788036739239e-13}, "product": {"accuracy": 1.0}, "reports": {"auc": 1.0, "benchmark": 7.531328248616695, "f1-score": 1.0}, "train_full": {"benchmark": 12.032446341737106}}