{"brand": {"avg_time": 2599821.811264877, "loss": 0.0}, "estimate": {"accuracy": 1.0, "entropy": 13.140210743100257, "index": 65146.721047407445, "meanscore": 1.0, "prediction_time": 24643.501510870232}, "mark": {"avg_time": 1420.4561661080136, "falsepos": 5.551115123125783e-15}, "product": {"accuracy": 1.0}, "reports": {"auc": 1.0, "benchmark": 7.974911832408707, "f1-score": 1.0}, "train_full": {"benchmark": 12.75909650861474}}