{"brand": {"avg_time": 25505.097618973847, "loss": 2.172571011982427e-10}, "estimate": {"accuracy": 0.9999999999998831, "entropy": 8.9344579680188, "index": 1738.5125521255293, "meanscore": 0.9999999997699396, "prediction_time": 1009.996095519294}, "mark": {"avg_time": 107.38516108829022, "falsepos": 7.539935564793154e-08}, "product": {"accuracy": 1.0}, "reports": {"auc": 1.0, "benchmark": 5.753016230812336, "f1-score": 0.9999999999802296}, "train_full": {"benchmark": 8.986820208076505}}