{"brand": {"avg_time": 17.025708733145734, "loss": 0.07020778136403438}, "estimate": {"accuracy": 0.9884647535500872, "entropy": 2.264743374825975, "index": 5.042492032839298, "meanscore": 0.9446552451965072, "prediction_time": 6.2916141499498695}, "mark": {"avg_time": 3.076221444760732, "falsepos": 0.1670038662380392}, "product": {"accuracy": 0.9963874408451032}, "reports": {"auc": 0.9863767033433954, "benchmark": 2.0597829091888813, "f1-score": 0.974318789242401}, "train_full": {"benchmark": 2.545614710538384}}