{"brand": {"avg_time": 24.391614872512772, "loss": 0.038295393115041376}, "estimate": {"accuracy": 0.9924579217805887, "entropy": 2.6596102166631, "index": 6.867761960592746, "meanscore": 0.9605295623761785, "prediction_time": 7.271823337299615}, "mark": {"avg_time": 3.65811099704174, "falsepos": 0.12191766974730556}, "product": {"accuracy": 0.998899877210147}, "reports": {"auc": 0.9948778574878845, "benchmark": 2.1413037610252785, "f1-score": 0.987308242311289}, "train_full": {"benchmark": 2.7960821642912177}}