{"brand": {"avg_time": 12.505735578088633, "loss": 0.11569633130544865}, "estimate": {"accuracy": 0.9727326703593513, "entropy": 1.9619264398361123, "index": 3.2989064920924793, "meanscore": 0.8979227850279867, "prediction_time": 4.759798682425789}, "mark": {"avg_time": 2.2518771759691223, "falsepos": 0.2698102120448034}, "product": {"accuracy": 0.9888981619547077}, "reports": {"auc": 0.9605092521076899, "benchmark": 1.7596391788139951, "f1-score": 0.9620337658685523}, "train_full": {"benchmark": 2.0447517127088024}}