{"brand": {"avg_time": 123.5140814029332, "loss": 0.0032779011334721497}, "estimate": {"accuracy": 0.9997781489598845, "entropy": 4.043266615623183, "index": 23.184020933146883, "meanscore": 0.9975538956584189, "prediction_time": 21.596697233547026}, "mark": {"avg_time": 6.667308797140628, "falsepos": 0.016291237607793052}, "product": {"accuracy": 0.99999394946785}, "reports": {"auc": 0.9999702080902276, "benchmark": 2.9698088838693666, "f1-score": 0.9996201927758882}, "train_full": {"benchmark": 4.103668806798641}}