{"brand": {"avg_time": 634309.7573064065, "loss": 1.1102230246251565e-16}, "estimate": {"accuracy": 1.0, "entropy": 11.771668215501926, "index": 18421.072245713272, "meanscore": 0.9999999999999997, "prediction_time": 9819.320317212992}, "mark": {"avg_time": 597.3778715577895, "falsepos": 2.0844437287337314e-12}, "product": {"accuracy": 1.0}, "reports": {"auc": 1.0, "benchmark": 7.2960320243326, "f1-score": 0.9999999999999999}, "train_full": {"benchmark": 11.551806966604879}}