{"brand": {"avg_time": 563455.8156875724, "loss": 2.220446049250313e-16}, "estimate": {"accuracy": 1.0, "entropy": 11.67191139239447, "index": 17441.174485881118, "meanscore": 0.9999999999999998, "prediction_time": 9365.133130266926}, "mark": {"avg_time": 505.6897117812073, "falsepos": 3.3758551509777135e-12}, "product": {"accuracy": 1.0}, "reports": {"auc": 1.0, "benchmark": 7.164780935667045, "f1-score": 0.9999999999999999}, "train_full": {"benchmark": 11.520350386129085}}