{"brand": {"avg_time": 6.76216004499602, "loss": 0.19280878766078113}, "estimate": {"accuracy": 0.9288651907611554, "entropy": 1.3232077613189264, "index": 2.0146616431968427, "meanscore": 0.8176999558581007, "prediction_time": 2.8582316689532816}, "mark": {"avg_time": 1.6732526701478052, "falsepos": 0.37985197401088655}, "product": {"accuracy": 0.9616698270640927}, "reports": {"auc": 0.9058733749044343, "benchmark": 1.4408929758619413, "f1-score": 0.9182696399671046}, "train_full": {"benchmark": 1.5279889212765811}}