{"brand": {"avg_time": 139.16539475449957, "loss": 0.0024060566866126454}, "estimate": {"accuracy": 0.999804397011136, "entropy": 4.223242686955169, "index": 26.74426997543006, "meanscore": 0.9976779341469556, "prediction_time": 23.90370369893829}, "mark": {"avg_time": 7.75449176582896, "falsepos": 0.012311886623512236}, "product": {"accuracy": 0.9999950432510126}, "reports": {"auc": 0.9999810899102246, "benchmark": 3.09529919053041, "f1-score": 0.9997687967766523}, "train_full": {"benchmark": 4.289650953114347}}