{"brand": {"avg_time": 212.87520229573013, "loss": 0.0010434279378553901}, "estimate": {"accuracy": 0.9999562733480509, "entropy": 4.575221917255904, "index": 36.88600688713719, "meanscore": 0.9991819243161908, "prediction_time": 31.412075914874617}, "mark": {"avg_time": 9.23587951990012, "falsepos": 0.007604111724189289}, "product": {"accuracy": 0.9999986675752942}, "reports": {"auc": 0.9999945125136614, "benchmark": 3.3460268093543495, "f1-score": 0.9999253314122499}, "train_full": {"benchmark": 4.622661782539724}}