{"brand": {"avg_time": 16.949501359774438, "loss": 0.06931285338942372}, "estimate": {"accuracy": 0.9884975929924903, "entropy": 2.2676369022212355, "index": 5.078564044451238, "meanscore": 0.9447167768544548, "prediction_time": 6.3478543659250235}, "mark": {"avg_time": 3.0862154951507956, "falsepos": 0.1660112624528297}, "product": {"accuracy": 0.9963236038008502}, "reports": {"auc": 0.9859648173452514, "benchmark": 2.0580144804065195, "f1-score": 0.9750829225972113}, "train_full": {"benchmark": 2.5451615774126317}}