{"brand": {"avg_time": 5.987136316742632, "loss": 0.21001239773139857}, "estimate": {"accuracy": 0.9076595504755812, "entropy": 1.1941460830688022, "index": 1.8559324539426556, "meanscore": 0.7674702588057767, "prediction_time": 2.4663919998710178}, "mark": {"avg_time": 1.698808266688055, "falsepos": 0.40264948875730044}, "product": {"accuracy": 0.9546737310117598}, "reports": {"auc": 0.8726031738031684, "benchmark": 1.3584582612580967, "f1-score": 0.8806130531177678}, "train_full": {"benchmark": 1.4247237560612658}}