{"brand": {"avg_time": 75.15896459456648, "loss": 0.00468069710425878}, "estimate": {"accuracy": 0.9994852427672974, "entropy": 3.785138715104357, "index": 17.743336303316145, "meanscore": 0.9941300500048125, "prediction_time": 18.014839514671134}, "mark": {"avg_time": 6.973150930688713, "falsepos": 0.03167759627802558}, "product": {"accuracy": 0.99997435364061}, "reports": {"auc": 0.999906669247485, "benchmark": 2.7822618179650247, "f1-score": 0.9995831385643877}, "train_full": {"benchmark": 3.8478765886263484}}