{"brand": {"avg_time": 6195.2313734940735, "loss": 6.202635061125505e-08}, "estimate": {"accuracy": 0.9999999996862363, "entropy": 7.590960622895903, "index": 538.7159766906133, "meanscore": 0.9999999680200097, "prediction_time": 356.9616245810182}, "mark": {"avg_time": 58.66087795086432, "falsepos": 1.0110468848578691e-05}, "product": {"accuracy": 0.9999999999999951}, "reports": {"auc": 0.9999999999999739, "benchmark": 4.993641496534783, "f1-score": 0.9999999827537921}, "train_full": {"benchmark": 7.576236908163306}}