{"brand": {"avg_time": 62.230455264096314, "loss": 0.013439785220439426}, "estimate": {"accuracy": 0.9983027739374, "entropy": 3.379493560721812, "index": 13.133698926443758, "meanscore": 0.9864323923151992, "prediction_time": 13.081391590671158}, "mark": {"avg_time": 5.008905121941499, "falsepos": 0.046477383575752595}, "product": {"accuracy": 0.9998988558768014}, "reports": {"auc": 0.9994958632737119, "benchmark": 2.7367262833559507, "f1-score": 0.9976088834683035}, "train_full": {"benchmark": 3.562180293537194}}