{"brand": {"avg_time": 273.07653477750824, "loss": 0.0005056590398284655}, "estimate": {"accuracy": 0.9999763394813034, "entropy": 4.868782671396647, "index": 45.07264932343768, "meanscore": 0.9997281349430848, "prediction_time": 45.269341761072695}, "mark": {"avg_time": 10.397388647524584, "falsepos": 0.003765344561177164}, "product": {"accuracy": 0.9999998165402559}, "reports": {"auc": 0.9999992897614488, "benchmark": 3.391817259712335, "f1-score": 0.9999588695644738}, "train_full": {"benchmark": 4.9603369145090745}}