{"brand": {"avg_time": 216763.66844373356, "loss": 1.2878587085651816e-14}, "estimate": {"accuracy": 1.0, "entropy": 10.778179734829843, "index": 8657.961475158674, "meanscore": 0.9999999999999593, "prediction_time": 4618.076627395405}, "mark": {"avg_time": 335.54967417183593, "falsepos": 1.228810386777468e-10}, "product": {"accuracy": 1.0}, "reports": {"auc": 1.0, "benchmark": 6.701809509497864, "f1-score": 0.9999999999999943}, "train_full": {"benchmark": 10.761085150919289}}