{"brand": {"avg_time": 8.7943431488934, "loss": 0.1725943615952591}, "estimate": {"accuracy": 0.9287819534123789, "entropy": 1.6098733913281695, "index": 2.4633024164381543, "meanscore": 0.8220190406587113, "prediction_time": 3.32273778339917}, "mark": {"avg_time": 1.9160966201159142, "falsepos": 0.30820020318991925}, "product": {"accuracy": 0.9710807189326575}, "reports": {"auc": 0.924595183596838, "benchmark": 1.6577930749748222, "f1-score": 0.9444687287114901}, "train_full": {"benchmark": 1.7456980270036657}}