{"brand": {"avg_time": 27860.113109000788, "loss": 1.3119838548902862e-10}, "estimate": {"accuracy": 0.9999999999998515, "entropy": 9.011490322357716, "index": 1786.3967136206104, "meanscore": 0.9999999997281306, "prediction_time": 1099.0295018660106}, "mark": {"avg_time": 114.94889959452622, "falsepos": 6.121925733015843e-08}, "product": {"accuracy": 1.0}, "reports": {"auc": 1.0, "benchmark": 5.721463320347674, "f1-score": 0.9999999999902814}, "train_full": {"benchmark": 9.022752751335062}}