{"brand": {"avg_time": 12934.935985748121, "loss": 3.6127090208282198e-09}, "estimate": {"accuracy": 0.9999999999881364, "entropy": 8.269558978171807, "index": 973.8669780853335, "meanscore": 0.9999999975812806, "prediction_time": 631.5882347991151}, "mark": {"avg_time": 78.52517990916456, "falsepos": 8.249825249606602e-07}, "product": {"accuracy": 1.0}, "reports": {"auc": 1.0, "benchmark": 5.383774605212811, "f1-score": 0.9999999991670119}, "train_full": {"benchmark": 8.281022925799292}}