{"brand": {"avg_time": 10334.574227536476, "loss": 1.0422276153221333e-08}, "estimate": {"accuracy": 0.9999999999811433, "entropy": 8.09654500154434, "index": 853.5391502475242, "meanscore": 0.999999989469721, "prediction_time": 561.4956398536399}, "mark": {"avg_time": 63.89992096997352, "falsepos": 1.4684122914276898e-06}, "product": {"accuracy": 0.9999999999999999}, "reports": {"auc": 0.9999999999999998, "benchmark": 5.267724952905561, "f1-score": 0.9999999984047951}, "train_full": {"benchmark": 8.044118570859206}}