{"brand": {"avg_time": 3.0153325776087296, "loss": 0.33195477791853545}, "estimate": {"accuracy": 0.8294011488491839, "entropy": 0.6342554337342193, "index": 1.0052146212061985, "meanscore": 0.6035839938966376, "prediction_time": 1.5076724650584772}, "mark": {"avg_time": 1.113170755850383, "falsepos": 0.4711294103245378}, "product": {"accuracy": 0.8364041803436365}, "reports": {"auc": 0.696950023058297, "benchmark": 1.0635641156959408, "f1-score": 0.7997276329272491}, "train_full": {"benchmark": 0.9234078921081578}}