{"brand": {"avg_time": 77.13910585293813, "loss": 0.004781284709290845}, "estimate": {"accuracy": 0.99949271884998, "entropy": 3.7942302534040357, "index": 17.852270611280602, "meanscore": 0.994230896773378, "prediction_time": 18.44007903764261}, "mark": {"avg_time": 6.918752950405667, "falsepos": 0.030906012183110176}, "product": {"accuracy": 0.9999753231392755}, "reports": {"auc": 0.9999054698086387, "benchmark": 2.7894451074590565, "f1-score": 0.9995800847229824}, "train_full": {"benchmark": 3.8459698035953562}}