{"brand": {"avg_time": 25.317364094038542, "loss": 0.02911992519290274}, "estimate": {"accuracy": 0.995693836090182, "entropy": 2.735089879645579, "index": 7.404603808862579, "meanscore": 0.963108070120297, "prediction_time": 9.046503214675463}, "mark": {"avg_time": 4.152615336425247, "falsepos": 0.11343540825324117}, "product": {"accuracy": 0.9992096650708419}, "reports": {"auc": 0.9947866041392801, "benchmark": 2.2388488815567027, "f1-score": 0.9919837298597254}, "train_full": {"benchmark": 2.8509795946873617}}