{"brand": {"avg_time": 5077.873879756648, "loss": 9.90265661693357e-08}, "estimate": {"accuracy": 0.9999999998166891, "entropy": 7.539839670639923, "index": 487.1616650445002, "meanscore": 0.9999999123238594, "prediction_time": 320.06473957316274}, "mark": {"avg_time": 50.6604955996939, "falsepos": 1.1421123446542225e-05}, "product": {"accuracy": 0.9999999999999942}, "reports": {"auc": 0.9999999999999332, "benchmark": 4.850332670019039, "f1-score": 0.9999999920901794}, "train_full": {"benchmark": 7.478527968512468}}