{"brand": {"avg_time": 322218.5229929376, "loss": 5.662137425588298e-15}, "estimate": {"accuracy": 1.0, "entropy": 11.189406374058738, "index": 11460.587543683801, "meanscore": 0.9999999999999899, "prediction_time": 6561.768356990319}, "mark": {"avg_time": 416.9466920331781, "falsepos": 1.972366714397822e-11}, "product": {"accuracy": 1.0}, "reports": {"auc": 1.0, "benchmark": 6.984637459835044, "f1-score": 0.9999999999999996}, "train_full": {"benchmark": 11.071777246360822}}