{"brand": {"avg_time": 3.3796792234681066, "loss": 0.30772478767510747}, "estimate": {"accuracy": 0.8576006993994852, "entropy": 0.894726370522232, "index": 1.2134411097027127, "meanscore": 0.6997500006313276, "prediction_time": 1.810144887675385}, "mark": {"avg_time": 1.4739339993838017, "falsepos": 0.42919135307361944}, "product": {"accuracy": 0.8961717741250392}, "reports": {"auc": 0.7519850662283615, "benchmark": 1.1628876417082696, "f1-score": 0.8539510993731325}, "train_full": {"benchmark": 1.1154942555374041}}