{"brand": {"avg_time": 647.7252156866373, "loss": 5.475511212171824e-05}, "estimate": {"accuracy": 0.9999980326421187, "entropy": 5.608898367724698, "index": 93.72371143904451, "meanscore": 0.9999679594005386, "prediction_time": 77.5585402715582}, "mark": {"avg_time": 18.418509170882363, "falsepos": 0.0009106484390420944}, "product": {"accuracy": 0.9999999967371634}, "reports": {"auc": 0.9999999918703388, "benchmark": 3.8274498318464825, "f1-score": 0.9999954397524726}, "train_full": {"benchmark": 5.735142155580157}}