{"brand": {"avg_time": 136.82480626342394, "loss": 0.0022197409054529604}, "estimate": {"accuracy": 0.9998064828324318, "entropy": 4.217307366076672, "index": 26.46694415350994, "meanscore": 0.997852920415536, "prediction_time": 25.066361806547462}, "mark": {"avg_time": 7.760132876299599, "falsepos": 0.011703222551451065}, "product": {"accuracy": 0.9999953551136805}, "reports": {"auc": 0.9999802364113841, "benchmark": 3.0873694030389265, "f1-score": 0.9997921141903645}, "train_full": {"benchmark": 4.261620548762329}}