{"brand": {"avg_time": 249.33126974508343, "loss": 0.000800396689389471}, "estimate": {"accuracy": 0.9999742896421695, "entropy": 4.7086209651445605, "index": 39.92800310828488, "meanscore": 0.9992391909468696, "prediction_time": 37.76411011103689}, "mark": {"avg_time": 9.441121564511565, "falsepos": 0.0055832573781186}, "product": {"accuracy": 0.9999995852000658}, "reports": {"auc": 0.999998259398512, "benchmark": 3.3359874196542, "f1-score": 0.9999344860914007}, "train_full": {"benchmark": 4.7146186968638935}}