{"brand": {"avg_time": 8521.863552352474, "loss": 1.3861782721669158e-08}, "estimate": {"accuracy": 0.9999999999257254, "entropy": 8.00845620732893, "index": 739.5258584531915, "meanscore": 0.9999999859316553, "prediction_time": 531.9326229799868}, "mark": {"avg_time": 63.87316814821541, "falsepos": 1.9140884919277568e-06}, "product": {"accuracy": 0.9999999999999998}, "reports": {"auc": 0.9999999999999982, "benchmark": 5.213039484240875, "f1-score": 0.9999999988988988}, "train_full": {"benchmark": 7.8756545943399185}}