{"brand": {"avg_time": 8.821075204020843, "loss": 0.17512197812056807}, "estimate": {"accuracy": 0.9320181253086212, "entropy": 1.6734714349258084, "index": 2.5927717421727645, "meanscore": 0.8267075795653634, "prediction_time": 3.2327893720698095}, "mark": {"avg_time": 2.054177169792031, "falsepos": 0.2936466915717344}, "product": {"accuracy": 0.9799144369953375}, "reports": {"auc": 0.9303144565422793, "benchmark": 1.663133600837367, "f1-score": 0.9514552454220848}, "train_full": {"benchmark": 1.7884357065346177}}