{"brand": {"avg_time": 247.25388921065775, "loss": 0.000617603750497242}, "estimate": {"accuracy": 0.9999680076752939, "entropy": 4.750070022723614, "index": 41.13320432413854, "meanscore": 0.9994194905744695, "prediction_time": 40.750849424546125}, "mark": {"avg_time": 9.850021551660369, "falsepos": 0.005663911342957739}, "product": {"accuracy": 0.9999997948594533}, "reports": {"auc": 0.999998517503212, "benchmark": 3.309670844927702, "f1-score": 0.9999375888844448}, "train_full": {"benchmark": 4.763345441779826}}