{"brand": {"avg_time": 5041.156621963763, "loss": 9.65097055605213e-08}, "estimate": {"accuracy": 0.9999999994176841, "entropy": 7.359992543175348, "index": 444.68981524228906, "meanscore": 0.9999998802877501, "prediction_time": 276.34214881197664}, "mark": {"avg_time": 53.918535551234065, "falsepos": 1.5487859178708874e-05}, "product": {"accuracy": 0.9999999999999574}, "reports": {"auc": 0.9999999999998568, "benchmark": 4.841778752886191, "f1-score": 0.9999999821699852}, "train_full": {"benchmark": 7.3589047545476785}}