{"brand": {"avg_time": 1953214.6407363527, "loss": 0.0}, "estimate": {"accuracy": 1.0, "entropy": 12.876206593006177, "index": 52803.86239385523, "meanscore": 1.0, "prediction_time": 21277.91752861388}, "mark": {"avg_time": 1094.1495941917303, "falsepos": 2.142730437526552e-14}, "product": {"accuracy": 1.0}, "reports": {"auc": 1.0, "benchmark": 7.928001208366079, "f1-score": 1.0}, "train_full": {"benchmark": 12.561570567779011}}