{"brand": {"avg_time": 2.9286997992557557, "loss": 0.341904553095306}, "estimate": {"accuracy": 0.8042162868197347, "entropy": 0.6075101175562376, "index": 0.9848808882943764, "meanscore": 0.5898057911811995, "prediction_time": 1.5986864746857792}, "mark": {"avg_time": 1.0889049376301159, "falsepos": 0.4892106927998675}, "product": {"accuracy": 0.8463292248610751}, "reports": {"auc": 0.7169435106625064, "benchmark": 1.0481993179992635, "f1-score": 0.7810287180707899}, "train_full": {"benchmark": 0.8746678040181854}}