{"brand": {"avg_time": 3.027888992552444, "loss": 0.33054135993974787}, "estimate": {"accuracy": 0.8287682394083731, "entropy": 0.6307598149509746, "index": 1.0141615313602839, "meanscore": 0.6032006313617311, "prediction_time": 1.5020287535623025}, "mark": {"avg_time": 1.1043864988044307, "falsepos": 0.47131447554442807}, "product": {"accuracy": 0.8367312176093836}, "reports": {"auc": 0.6977407548234057, "benchmark": 1.0635862948719268, "f1-score": 0.7981750100408822}, "train_full": {"benchmark": 0.9259105956947601}}