{"brand": {"avg_time": 23.470410552558537, "loss": 0.047671412003982616}, "estimate": {"accuracy": 0.9914927907275388, "entropy": 2.5838511905393555, "index": 5.950194543503782, "meanscore": 0.9548416112807414, "prediction_time": 6.786984044300452}, "mark": {"avg_time": 3.0990626538316914, "falsepos": 0.1405047971419412}, "product": {"accuracy": 0.9986567126389155}, "reports": {"auc": 0.9934048479896506, "benchmark": 2.1551262303305876, "f1-score": 0.9884552201700847}, "train_full": {"benchmark": 2.655980448166773}}