{"brand": {"avg_time": 5055.137814492132, "loss": 9.955214508305943e-08}, "estimate": {"accuracy": 0.9999999998121514, "entropy": 7.536360417409556, "index": 487.5273520895668, "meanscore": 0.9999999088704796, "prediction_time": 318.8689626509385}, "mark": {"avg_time": 50.763143503134636, "falsepos": 1.1948446044129923e-05}, "product": {"accuracy": 0.9999999999999941}, "reports": {"auc": 0.9999999999999317, "benchmark": 4.851102816758647, "f1-score": 0.9999999922321974}, "train_full": {"benchmark": 7.483378219812922}}