{"brand": {"avg_time": 34.24661868198934, "loss": 0.021945822708785645}, "estimate": {"accuracy": 0.9960711262078684, "entropy": 2.974302725940327, "index": 8.796188601466367, "meanscore": 0.9802783060901179, "prediction_time": 9.734447326647748}, "mark": {"avg_time": 4.45463124876795, "falsepos": 0.07708262302626445}, "product": {"accuracy": 0.9995840610392304}, "reports": {"auc": 0.9975902124743439, "benchmark": 2.452864585003564, "f1-score": 0.9952623054060017}, "train_full": {"benchmark": 3.0657451543493526}}