{"brand": {"avg_time": 254705.34793984803, "loss": 1.021405182655144e-14}, "estimate": {"accuracy": 1.0, "entropy": 10.938013125110139, "index": 9546.133933564486, "meanscore": 0.9999999999999956, "prediction_time": 4794.2248312225565}, "mark": {"avg_time": 412.88254714941496, "falsepos": 8.119338534839926e-11}, "product": {"accuracy": 1.0}, "reports": {"auc": 1.0, "benchmark": 6.8227469717743086, "f1-score": 0.9999999999999991}, "train_full": {"benchmark": 10.857128747603504}}