{"brand": {"avg_time": 3759.57410429083, "loss": 3.3937576415787873e-07}, "estimate": {"accuracy": 0.9999999984916129, "entropy": 7.271902112415023, "index": 381.33111126880203, "meanscore": 0.999999737540709, "prediction_time": 247.43883084348374}, "mark": {"avg_time": 44.75523720156119, "falsepos": 2.266057511912667e-05}, "product": {"accuracy": 0.9999999999997542}, "reports": {"auc": 0.9999999999996136, "benchmark": 4.706095679050716, "f1-score": 0.9999999861271012}, "train_full": {"benchmark": 7.278790270587555}}