{"brand": {"avg_time": 1769.2106365183436, "loss": 2.667602916894829e-06}, "estimate": {"accuracy": 0.9999999430066394, "entropy": 6.479095147785569, "index": 203.08570772755925, "meanscore": 0.9999931286322933, "prediction_time": 157.92269730842278}, "mark": {"avg_time": 27.893665599805352, "falsepos": 0.00014317385607154343}, "product": {"accuracy": 0.9999999999883747}, "reports": {"auc": 0.9999999998839672, "benchmark": 4.350196404752638, "f1-score": 0.9999996020872617}, "train_full": {"benchmark": 6.493030363391375}}