{"brand": {"avg_time": 65.25547966867518, "loss": 0.012983603578145653}, "estimate": {"accuracy": 0.9987512648849357, "entropy": 3.419642775441708, "index": 13.674775360368715, "meanscore": 0.9890557311436247, "prediction_time": 13.185197880180908}, "mark": {"avg_time": 5.142727938779429, "falsepos": 0.04124810404024082}, "product": {"accuracy": 0.9999162945482083}, "reports": {"auc": 0.9996916114736496, "benchmark": 2.7268336263537076, "f1-score": 0.9976285162491991}, "train_full": {"benchmark": 3.5902618291857418}}