{"brand": {"avg_time": 217.30919305441697, "loss": 0.0010906089327149537}, "estimate": {"accuracy": 0.999955208094398, "entropy": 4.579279305572337, "index": 36.84981183576213, "meanscore": 0.9991785067011781, "prediction_time": 32.08144124712824}, "mark": {"avg_time": 9.221025484075597, "falsepos": 0.007679005316465037}, "product": {"accuracy": 0.9999987101410192}, "reports": {"auc": 0.999994472970501, "benchmark": 3.346841704877963, "f1-score": 0.9999229741613668}, "train_full": {"benchmark": 4.629068163297335}}