{"brand": {"avg_time": 21192.67088915826, "loss": 6.990964473985173e-10}, "estimate": {"accuracy": 0.9999999999992771, "entropy": 8.749312384692374, "index": 1487.2730527867964, "meanscore": 0.9999999998219169, "prediction_time": 859.0315479043478}, "mark": {"avg_time": 94.89206982396196, "falsepos": 2.1401599714643282e-07}, "product": {"accuracy": 1.0}, "reports": {"auc": 1.0, "benchmark": 5.711589770888745, "f1-score": 0.9999999998144365}, "train_full": {"benchmark": 8.70134285518826}}