{"brand": {"avg_time": 5857.685213298669, "loss": 6.442255306993161e-08}, "estimate": {"accuracy": 0.9999999997019076, "entropy": 7.540937094994996, "index": 516.1832522049804, "meanscore": 0.9999999677337099, "prediction_time": 329.5573471942844}, "mark": {"avg_time": 58.400982398747054, "falsepos": 1.0480132775381179e-05}, "product": {"accuracy": 0.9999999999999918}, "reports": {"auc": 0.99999999999996, "benchmark": 4.949030646860398, "f1-score": 0.9999999841471303}, "train_full": {"benchmark": 7.556073550154287}}