{"brand": {"avg_time": 2272.0492797375823, "loss": 1.9142510009340086e-06}, "estimate": {"accuracy": 0.9999999849088349, "entropy": 6.733835794732194, "index": 239.31670463993194, "meanscore": 0.9999979821321069, "prediction_time": 195.42629538626977}, "mark": {"avg_time": 36.40479437841366, "falsepos": 9.168884710686331e-05}, "product": {"accuracy": 0.9999999999976027}, "reports": {"auc": 0.9999999999610218, "benchmark": 4.459821995000747, "f1-score": 0.9999998597738091}, "train_full": {"benchmark": 6.675423663287146}}