{"brand": {"avg_time": 425.41882985949536, "loss": 0.00027433100180307424}, "estimate": {"accuracy": 0.9999944678686276, "entropy": 5.1284925751052075, "index": 62.5782911746349, "meanscore": 0.999885465995711, "prediction_time": 54.468480128617344}, "mark": {"avg_time": 14.500608022708336, "falsepos": 0.0019067551328624255}, "product": {"accuracy": 0.9999999073343058}, "reports": {"auc": 0.9999998059512698, "benchmark": 3.6415322897294016, "f1-score": 0.9999653677644535}, "train_full": {"benchmark": 5.322520305625825}}