{"brand": {"avg_time": 36984.778968343555, "loss": 6.245892691936206e-11}, "estimate": {"accuracy": 0.9999999999999701, "entropy": 9.194754533034695, "index": 2082.9546066177813, "meanscore": 0.9999999999271304, "prediction_time": 1244.22763126512}, "mark": {"avg_time": 141.17038074276547, "falsepos": 3.756610233995872e-08}, "product": {"accuracy": 1.0}, "reports": {"auc": 1.0, "benchmark": 5.892390031193094, "f1-score": 0.9999999999921796}, "train_full": {"benchmark": 9.086360544835072}}