{"brand": {"avg_time": 23261.480765924982, "loss": 3.279304605641187e-10}, "estimate": {"accuracy": 0.999999999999859, "entropy": 8.866778854917538, "index": 1636.5784108893727, "meanscore": 0.9999999996009878, "prediction_time": 1007.2893392654499}, "mark": {"avg_time": 97.14224880736826, "falsepos": 1.3655725283889808e-07}, "product": {"accuracy": 1.0}, "reports": {"auc": 1.0, "benchmark": 5.728335043106441, "f1-score": 0.9999999999456834}, "train_full": {"benchmark": 8.901122648379335}}