{"brand": {"avg_time": 2521.799215172071, "loss": 9.325960584893878e-07}, "estimate": {"accuracy": 0.9999999804427596, "entropy": 6.747227172987783, "index": 258.99302206609997, "meanscore": 0.9999974052860578, "prediction_time": 192.33806031077347}, "mark": {"avg_time": 36.12010056744682, "falsepos": 8.579397031127645e-05}, "product": {"accuracy": 0.999999999997}, "reports": {"auc": 0.9999999999749144, "benchmark": 4.4163391697762355, "f1-score": 0.9999997810662196}, "train_full": {"benchmark": 6.708287947895489}}