{"brand": {"avg_time": 14.391420017790304, "loss": 0.08735314154291185}, "estimate": {"accuracy": 0.978775032188695, "entropy": 2.1608660738556993, "index": 3.9825796686506463, "meanscore": 0.8989105231811136, "prediction_time": 5.332730581714927}, "mark": {"avg_time": 2.4553692122193276, "falsepos": 0.2019333561540313}, "product": {"accuracy": 0.9914739187027217}, "reports": {"auc": 0.979410673408983, "benchmark": 1.8665629337494982, "f1-score": 0.9834382873348378}, "train_full": {"benchmark": 2.2013274349319607}}