{"brand": {"avg_time": 6.652588919423151, "loss": 0.2053266882758238}, "estimate": {"accuracy": 0.9161598775872681, "entropy": 1.2856962641373237, "index": 1.9579192146960713, "meanscore": 0.798066346651287, "prediction_time": 2.7792680532081335}, "mark": {"avg_time": 1.6654836961183705, "falsepos": 0.40099005098415863}, "product": {"accuracy": 0.9539015029833555}, "reports": {"auc": 0.8819356070811045, "benchmark": 1.4459050835532747, "f1-score": 0.9023508194978812}, "train_full": {"benchmark": 1.456562089590158}}