{"brand": {"avg_time": 33247.76398273737, "loss": 7.326861339862489e-11}, "estimate": {"accuracy": 0.9999999999998868, "entropy": 9.130458427685328, "index": 1919.1322405497647, "meanscore": 0.9999999999112494, "prediction_time": 1134.525828411909}, "mark": {"avg_time": 135.17367386978853, "falsepos": 6.125533835721342e-08}, "product": {"accuracy": 1.0}, "reports": {"auc": 1.0, "benchmark": 5.778673794787949, "f1-score": 0.9999999999945338}, "train_full": {"benchmark": 9.058710962944144}}