{"brand": {"avg_time": 7628.339540692958, "loss": 2.3601161025510464e-08}, "estimate": {"accuracy": 0.9999999998780869, "entropy": 7.832404462949247, "index": 629.2602617004102, "meanscore": 0.9999999806876598, "prediction_time": 403.6678754510139}, "mark": {"avg_time": 64.84609093552072, "falsepos": 6.5433675249249035e-06}, "product": {"accuracy": 0.9999999999999993}, "reports": {"auc": 0.9999999999999909, "benchmark": 5.078821806754191, "f1-score": 0.9999999959860771}, "train_full": {"benchmark": 7.650317008339336}}