{"brand": {"avg_time": 54896.722063720874, "loss": 1.2629564061228393e-11}, "estimate": {"accuracy": 0.9999999999999951, "entropy": 9.612191332075945, "index": 3174.8436083088623, "meanscore": 0.9999999999838527, "prediction_time": 1751.668187815387}, "mark": {"avg_time": 148.9859398678527, "falsepos": 5.906783506759439e-09}, "product": {"accuracy": 1.0}, "reports": {"auc": 1.0, "benchmark": 6.094260031180168, "f1-score": 0.9999999999988429}, "train_full": {"benchmark": 9.630853506804948}}