{"brand": {"avg_time": 196532.74442912271, "loss": 1.3100631690576847e-14}, "estimate": {"accuracy": 1.0, "entropy": 10.76982676596256, "index": 8431.708055977195, "meanscore": 0.9999999999999685, "prediction_time": 4537.700378488845}, "mark": {"avg_time": 313.77124813071714, "falsepos": 1.5587076074297102e-10}, "product": {"accuracy": 1.0}, "reports": {"auc": 1.0, "benchmark": 6.734601820112997, "f1-score": 0.9999999999999953}, "train_full": {"benchmark": 10.733523562328653}}