{"brand": {"avg_time": 1779549.5816413776, "loss": 0.0}, "estimate": {"accuracy": 1.0, "entropy": 12.658084894857431, "index": 45386.34119555241, "meanscore": 1.0, "prediction_time": 20206.888348190223}, "mark": {"avg_time": 1099.0647422719062, "falsepos": 4.496403249731884e-14}, "product": {"accuracy": 1.0}, "reports": {"auc": 1.0, "benchmark": 7.7743848412835055, "f1-score": 1.0}, "train_full": {"benchmark": 12.4025194693908}}