{"brand": {"avg_time": 18093.86532910908, "loss": 8.629712500152209e-10}, "estimate": {"accuracy": 0.9999999999976569, "entropy": 8.634557386180592, "index": 1236.0343628392666, "meanscore": 0.9999999976713716, "prediction_time": 759.5843357847798}, "mark": {"avg_time": 93.12005319402812, "falsepos": 2.1900787228190666e-07}, "product": {"accuracy": 1.0}, "reports": {"auc": 1.0, "benchmark": 5.462705140167501, "f1-score": 0.9999999999206644}, "train_full": {"benchmark": 8.521758553347857}}