{"brand": {"avg_time": 1018782.3600657141, "loss": 0.0}, "estimate": {"accuracy": 1.0, "entropy": 12.208418796838707, "index": 29285.08598296675, "meanscore": 1.0, "prediction_time": 12014.438142066714}, "mark": {"avg_time": 686.1826408466333, "falsepos": 5.53113110868253e-13}, "product": {"accuracy": 1.0}, "reports": {"auc": 1.0, "benchmark": 7.528567127694958, "f1-score": 1.0}, "train_full": {"benchmark": 12.045361790773185}}