{"brand": {"avg_time": 2783.078845401735, "loss": 7.558068932933537e-07}, "estimate": {"accuracy": 0.9999999881334827, "entropy": 6.832667145444146, "index": 283.79453275785875, "meanscore": 0.9999991302207184, "prediction_time": 209.11788661474475}, "mark": {"avg_time": 37.48481324952172, "falsepos": 4.959775021995405e-05}, "product": {"accuracy": 0.9999999999985761}, "reports": {"auc": 0.9999999999895749, "benchmark": 4.538664298101944, "f1-score": 0.9999998396130689}, "train_full": {"benchmark": 6.807044492097095}}