{"brand": {"avg_time": 1258082.189919583, "loss": 0.0}, "estimate": {"accuracy": 1.0, "entropy": 12.268403857437207, "index": 33557.68850268622, "meanscore": 1.0, "prediction_time": 16657.4432047224}, "mark": {"avg_time": 865.5012479759441, "falsepos": 1.7563728249569976e-13}, "product": {"accuracy": 1.0}, "reports": {"auc": 1.0, "benchmark": 7.6267016591015295, "f1-score": 1.0}, "train_full": {"benchmark": 12.128132096199462}}