{"brand": {"avg_time": 67.26612912537686, "loss": 0.007570055833550193}, "estimate": {"accuracy": 0.9989882014301353, "entropy": 3.6013709787745745, "index": 15.716125086852008, "meanscore": 0.992140674533174, "prediction_time": 14.61155390462649}, "mark": {"avg_time": 5.636237608450136, "falsepos": 0.0348188994858345}, "product": {"accuracy": 0.9999112906793102}, "reports": {"auc": 0.9998042256846086, "benchmark": 2.739046143776804, "f1-score": 0.9990229787090728}, "train_full": {"benchmark": 3.6900667286532234}}