{"brand": {"avg_time": 9008.343216368468, "loss": 1.1636123842251322e-08}, "estimate": {"accuracy": 0.9999999999591953, "entropy": 8.027964384748026, "index": 765.3582346202008, "meanscore": 0.9999999894136196, "prediction_time": 526.1396653060525}, "mark": {"avg_time": 63.2363041386285, "falsepos": 1.6635031669931521e-06}, "product": {"accuracy": 0.9999999999999998}, "reports": {"auc": 0.9999999999999978, "benchmark": 5.221123127587151, "f1-score": 0.9999999991547368}, "train_full": {"benchmark": 7.944758490405617}}