{"brand": {"avg_time": 180.52677498175848, "loss": 0.0012240445224913632}, "estimate": {"accuracy": 0.9999391614757523, "entropy": 4.426567583845479, "index": 34.04762250273075, "meanscore": 0.9989730003485493, "prediction_time": 27.454054809568724}, "mark": {"avg_time": 9.776729348377557, "falsepos": 0.010236906300257753}, "product": {"accuracy": 0.9999984416881891}, "reports": {"auc": 0.9999915477684621, "benchmark": 3.2111675030409264, "f1-score": 0.9998704970199724}, "train_full": {"benchmark": 4.5835558701676025}}