{"brand": {"avg_time": 1029.8805770060303, "loss": 1.1823771902230718e-05}, "estimate": {"accuracy": 0.9999997792120686, "entropy": 6.096858754844977, "index": 139.42660514735763, "meanscore": 0.9999905061924329, "prediction_time": 121.58438903739527}, "mark": {"avg_time": 22.67392233316486, "falsepos": 0.00024346329990154736}, "product": {"accuracy": 0.9999999997552309}, "reports": {"auc": 0.9999999986662627, "benchmark": 4.1819614531635025, "f1-score": 0.9999987049405878}, "train_full": {"benchmark": 6.127329018863892}}