{"brand": {"avg_time": 11.701310798863307, "loss": 0.11639847920638635}, "estimate": {"accuracy": 0.9660748883679622, "entropy": 1.8867034968819067, "index": 3.211452801594223, "meanscore": 0.9063667071113883, "prediction_time": 4.3349264270137455}, "mark": {"avg_time": 2.3155971102559705, "falsepos": 0.26753852000313905}, "product": {"accuracy": 0.9892781896887645}, "reports": {"auc": 0.9575655920248332, "benchmark": 1.7917086991122817, "f1-score": 0.9537283179234854}, "train_full": {"benchmark": 2.0241577492325518}}