{"brand": {"avg_time": 13.775243978444044, "loss": 0.09127300620854373}, "estimate": {"accuracy": 0.9761560055867107, "entropy": 2.09990193234987, "index": 3.8770018686852077, "meanscore": 0.9042486646784795, "prediction_time": 5.211587294989461}, "mark": {"avg_time": 2.34397231734382, "falsepos": 0.22035255152407962}, "product": {"accuracy": 0.9898630076946184}, "reports": {"auc": 0.9709543663979116, "benchmark": 1.8213314471580495, "f1-score": 0.981808926793704}, "train_full": {"benchmark": 2.1799855445232024}}