{"brand": {"avg_time": 102800.06368144887, "loss": 3.2451819009793326e-13}, "estimate": {"accuracy": 0.9999999999999999, "entropy": 10.229520392903305, "index": 5231.654860401728, "meanscore": 0.9999999999991456, "prediction_time": 2600.784611390199}, "mark": {"avg_time": 202.57506475768415, "falsepos": 1.1862321125377662e-09}, "product": {"accuracy": 1.0}, "reports": {"auc": 1.0, "benchmark": 6.438300890581075, "f1-score": 0.9999999999999856}, "train_full": {"benchmark": 10.173139214459244}}