{"brand": {"avg_time": 134.74319074384624, "loss": 0.0024352580054798345}, "estimate": {"accuracy": 0.9997907312936603, "entropy": 4.20186769476004, "index": 25.516575708677124, "meanscore": 0.9979514051186242, "prediction_time": 24.82896282164058}, "mark": {"avg_time": 7.328289183489168, "falsepos": 0.011942049141698163}, "product": {"accuracy": 0.9999960778787732}, "reports": {"auc": 0.9999712588078193, "benchmark": 3.0558434186127483, "f1-score": 0.9997357814032638}, "train_full": {"benchmark": 4.190784329853864}}