{"brand": {"avg_time": 323.17006482692136, "loss": 0.00043426801766421885}, "estimate": {"accuracy": 0.9999895235648307, "entropy": 4.894535281418699, "index": 50.644924795832544, "meanscore": 0.9997983883686307, "prediction_time": 47.00565450369793}, "mark": {"avg_time": 13.093742991415233, "falsepos": 0.0028661541036916205}, "product": {"accuracy": 0.9999998298409576}, "reports": {"auc": 0.9999995707745911, "benchmark": 3.545366839965018, "f1-score": 0.9999285339463744}, "train_full": {"benchmark": 5.0675341168832935}}