{"brand": {"avg_time": 711.3721129453149, "loss": 4.582723485424545e-05}, "estimate": {"accuracy": 0.9999988313087818, "entropy": 5.679793472284489, "index": 101.33606765357541, "meanscore": 0.9999648659755761, "prediction_time": 88.31545121901263}, "mark": {"avg_time": 18.541294601688218, "falsepos": 0.0007255965871593162}, "product": {"accuracy": 0.9999999973792569}, "reports": {"auc": 0.9999999894110958, "benchmark": 3.833151541363667, "f1-score": 0.9999951344889598}, "train_full": {"benchmark": 5.797416458147714}}