{"brand": {"avg_time": 199.5331198674201, "loss": 0.001266331494308881}, "estimate": {"accuracy": 0.9999217651179131, "entropy": 4.452846116193626, "index": 35.24358997621238, "meanscore": 0.999354327017816, "prediction_time": 29.59130478499679}, "mark": {"avg_time": 9.763472669576581, "falsepos": 0.009479539703045159}, "product": {"accuracy": 0.9999989774227649}, "reports": {"auc": 0.9999926162619509, "benchmark": 3.240424041185878, "f1-score": 0.9998615401350734}, "train_full": {"benchmark": 4.580469824270987}}