{"brand": {"avg_time": 340.31788754381614, "loss": 0.0003172953844664539}, "estimate": {"accuracy": 0.999989350076345, "entropy": 4.984511156660618, "index": 54.94618694018013, "meanscore": 0.9997556423767959, "prediction_time": 44.73647445209715}, "mark": {"avg_time": 13.351349469455954, "falsepos": 0.0029438895803988174}, "product": {"accuracy": 0.9999998714050322}, "reports": {"auc": 0.9999994351959599, "benchmark": 3.6151630537306745, "f1-score": 0.9999661966507318}, "train_full": {"benchmark": 5.1561930011976544}}