{"brand": {"avg_time": 43.77426398438468, "loss": 0.01984078790520416}, "estimate": {"accuracy": 0.9956358670422195, "entropy": 3.080596500863452, "index": 9.867425649280865, "meanscore": 0.9747566793186757, "prediction_time": 9.303007780524398}, "mark": {"avg_time": 4.6009431937742065, "falsepos": 0.06664252793839065}, "product": {"accuracy": 0.9996447594971546}, "reports": {"auc": 0.9988333633909914, "benchmark": 2.4190152362519064, "f1-score": 0.9959720736596873}, "train_full": {"benchmark": 3.14616111397858}}