{"brand": {"avg_time": 892.4643936870556, "loss": 4.470419021762595e-05}, "estimate": {"accuracy": 0.9999993677494545, "entropy": 5.8586229079032925, "index": 113.1124522134829, "meanscore": 0.9999510503726736, "prediction_time": 96.34046285309742}, "mark": {"avg_time": 21.572732283159137, "falsepos": 0.0004968878074276262}, "product": {"accuracy": 0.9999999971292146}, "reports": {"auc": 0.9999999971623017, "benchmark": 3.9886854038247415, "f1-score": 0.9999980276201634}, "train_full": {"benchmark": 5.906577377040936}}