{"brand": {"avg_time": 88177.59909669051, "loss": 2.0159429681143592e-12}, "estimate": {"accuracy": 0.9999999999999996, "entropy": 9.956906918958882, "index": 4251.221276912819, "meanscore": 0.999999999997591, "prediction_time": 2436.7155956809065}, "mark": {"avg_time": 206.61507081140843, "falsepos": 3.264429171423444e-09}, "product": {"accuracy": 1.0}, "reports": {"auc": 1.0, "benchmark": 6.247461178885289, "f1-score": 0.9999999999997266}, "train_full": {"benchmark": 9.93655116056974}}