{"brand": {"avg_time": 650727.6207162257, "loss": 0.0}, "estimate": {"accuracy": 1.0, "entropy": 11.778758761366102, "index": 19438.67684957402, "meanscore": 0.9999999999999999, "prediction_time": 10480.15702862434}, "mark": {"avg_time": 626.2567313454828, "falsepos": 1.8001156121272288e-12}, "product": {"accuracy": 1.0}, "reports": {"auc": 1.0, "benchmark": 7.3137480766891, "f1-score": 0.9999999999999998}, "train_full": {"benchmark": 11.565911269807625}}