{"brand": {"avg_time": 1281.8726538350716, "loss": 8.832093711608202e-06}, "estimate": {"accuracy": 0.9999998654648327, "entropy": 6.285753869208001, "index": 161.7661277137952, "meanscore": 0.9999922503930819, "prediction_time": 117.69131530292724}, "mark": {"avg_time": 26.4255056685082, "falsepos": 0.00017787246970102366}, "product": {"accuracy": 0.9999999999235872}, "reports": {"auc": 0.999999999795579, "benchmark": 4.202763339801903, "f1-score": 0.999999782657343}, "train_full": {"benchmark": 6.253163528327006}}