{"brand": {"avg_time": 21614.16824705969, "loss": 6.180392864152395e-10}, "estimate": {"accuracy": 0.9999999999995668, "entropy": 8.799413951602277, "index": 1544.972857337659, "meanscore": 0.9999999997863442, "prediction_time": 970.9773872227742}, "mark": {"avg_time": 93.7318731953112, "falsepos": 2.069922984127004e-07}, "product": {"accuracy": 1.0}, "reports": {"auc": 1.0, "benchmark": 5.717900725491551, "f1-score": 0.9999999998626383}, "train_full": {"benchmark": 8.781156843640279}}