{"brand": {"avg_time": 15.288600260839788, "loss": 0.08619228737768236}, "estimate": {"accuracy": 0.9765838008189331, "entropy": 2.189663760620234, "index": 4.105279431319379, "meanscore": 0.9090776645291061, "prediction_time": 5.020493248576251}, "mark": {"avg_time": 2.496041635390263, "falsepos": 0.18899305731986715}, "product": {"accuracy": 0.9930393110736455}, "reports": {"auc": 0.9827700848872231, "benchmark": 1.9112466762006732, "f1-score": 0.9830954894491317}, "train_full": {"benchmark": 2.2539023111644605}}