{"brand": {"avg_time": 109.11073069053948, "loss": 0.0034386033924130865}, "estimate": {"accuracy": 0.9996930973225635, "entropy": 3.9596582954488273, "index": 21.929767864385052, "meanscore": 0.9956848433391884, "prediction_time": 21.920813030193763}, "mark": {"avg_time": 6.718596915828012, "falsepos": 0.02168043632144223}, "product": {"accuracy": 0.999994397574379}, "reports": {"auc": 0.99994275110831, "benchmark": 2.954878855659177, "f1-score": 0.9996438513772686}, "train_full": {"benchmark": 4.033709733316052}}