{"brand": {"avg_time": 277.96686729898835, "loss": 0.00042736460929637676}, "estimate": {"accuracy": 0.9999737057677409, "entropy": 4.875757404181968, "index": 46.680371294334684, "meanscore": 0.9996519251238088, "prediction_time": 48.77159212417901}, "mark": {"avg_time": 11.266809428987981, "falsepos": 0.0034796620206324347}, "product": {"accuracy": 0.9999998343521288}, "reports": {"auc": 0.9999993977984828, "benchmark": 3.424083990012296, "f1-score": 0.9999478704625094}, "train_full": {"benchmark": 5.007679625301834}}