{"brand": {"avg_time": 879252.9074262835, "loss": 0.0}, "estimate": {"accuracy": 1.0, "entropy": 12.129557506676843, "index": 27596.34342361275, "meanscore": 1.0, "prediction_time": 11699.706174732513}, "mark": {"avg_time": 648.8031490549379, "falsepos": 8.034684029212258e-13}, "product": {"accuracy": 1.0}, "reports": {"auc": 1.0, "benchmark": 7.524641012785687, "f1-score": 1.0}, "train_full": {"benchmark": 11.984611553507616}}