{"brand": {"avg_time": 25.921167818021456, "loss": 0.02706778476847793}, "estimate": {"accuracy": 0.99513022382531, "entropy": 2.7608583928719885, "index": 7.779794639271497, "meanscore": 0.9699515570618145, "prediction_time": 8.890072802962294}, "mark": {"avg_time": 4.336860177610501, "falsepos": 0.10170290409686111}, "product": {"accuracy": 0.9993028759332884}, "reports": {"auc": 0.996538343245022, "benchmark": 2.2837246395895763, "f1-score": 0.9940593658603423}, "train_full": {"benchmark": 2.8543967263891354}}