{"brand": {"avg_time": 200800.4145430697, "loss": 1.3766765505351941e-14}, "estimate": {"accuracy": 1.0, "entropy": 10.777360691264436, "index": 8607.621241216344, "meanscore": 0.9999999999999654, "prediction_time": 4380.886809406887}, "mark": {"avg_time": 294.61433838312615, "falsepos": 1.5296253152996542e-10}, "product": {"accuracy": 1.0}, "reports": {"auc": 1.0, "benchmark": 6.772823491627009, "f1-score": 0.9999999999999961}, "train_full": {"benchmark": 10.718584703427327}}