{"brand": {"avg_time": 665.677666305749, "loss": 4.675683705002154e-05}, "estimate": {"accuracy": 0.9999984962234432, "entropy": 5.660901144512595, "index": 97.83490482425296, "meanscore": 0.9999724555614724, "prediction_time": 78.7221221880037}, "mark": {"avg_time": 18.492716788485467, "falsepos": 0.0008585707282465771}, "product": {"accuracy": 0.9999999979069474}, "reports": {"auc": 0.9999999876007308, "benchmark": 3.8070441920903124, "f1-score": 0.9999955130990678}, "train_full": {"benchmark": 5.728632382356652}}