{"brand": {"avg_time": 74.58848076629089, "loss": 0.004636697909613519}, "estimate": {"accuracy": 0.9994864345799919, "entropy": 3.78469671633039, "index": 17.737701532971396, "meanscore": 0.9941315679752485, "prediction_time": 17.878100342337696}, "mark": {"avg_time": 6.975725695562584, "falsepos": 0.03152276179231017}, "product": {"accuracy": 0.9999742600152401}, "reports": {"auc": 0.9999069759619269, "benchmark": 2.7816691007763006, "f1-score": 0.9995854140783045}, "train_full": {"benchmark": 3.8473234227915802}}