{"brand": {"avg_time": 148286.74699698426, "loss": 6.250555628639631e-14}, "estimate": {"accuracy": 1.0, "entropy": 10.551067977578457, "index": 6832.3249741962645, "meanscore": 0.9999999999998996, "prediction_time": 3609.886364707134}, "mark": {"avg_time": 266.17513788666, "falsepos": 2.6935387253956833e-10}, "product": {"accuracy": 1.0}, "reports": {"auc": 1.0, "benchmark": 6.65929744385071, "f1-score": 0.999999999999994}, "train_full": {"benchmark": 10.451076123673582}}