{"brand": {"avg_time": 1248746.5619486591, "loss": 0.0}, "estimate": {"accuracy": 1.0, "entropy": 12.306451860467607, "index": 34667.81464549187, "meanscore": 1.0, "prediction_time": 16239.682958331514}, "mark": {"avg_time": 898.3892217887386, "falsepos": 1.567634910770721e-13}, "product": {"accuracy": 1.0}, "reports": {"auc": 1.0, "benchmark": 7.6809373135653285, "f1-score": 1.0}, "train_full": {"benchmark": 12.154710750537355}}