{"brand": {"avg_time": 133786.2078334585, "loss": 1.9162449405030202e-13}, "estimate": {"accuracy": 1.0, "entropy": 10.259556196226635, "index": 5687.319661490778, "meanscore": 0.999999999999337, "prediction_time": 2851.0952911487843}, "mark": {"avg_time": 248.24243232767878, "falsepos": 6.801453844573757e-10}, "product": {"accuracy": 1.0}, "reports": {"auc": 1.0, "benchmark": 6.574654325613964, "f1-score": 0.9999999999999563}, "train_full": {"benchmark": 10.2527214891131}}