{"brand": {"avg_time": 2583124.467765518, "loss": 0.0}, "estimate": {"accuracy": 1.0, "entropy": 13.102913519161483, "index": 62896.09749752732, "meanscore": 1.0, "prediction_time": 24054.269452759967}, "mark": {"avg_time": 1389.50257319975, "falsepos": 6.8833827526759706e-15}, "product": {"accuracy": 1.0}, "reports": {"auc": 1.0, "benchmark": 8.002465381402963, "f1-score": 1.0}, "train_full": {"benchmark": 12.720717906530904}}