{"brand": {"avg_time": 2661690.513225031, "loss": 0.0}, "estimate": {"accuracy": 1.0, "entropy": 13.141303491836116, "index": 67891.22957659083, "meanscore": 1.0, "prediction_time": 26598.826955245393}, "mark": {"avg_time": 1391.364720754123, "falsepos": 5.662137425588298e-15}, "product": {"accuracy": 1.0}, "reports": {"auc": 1.0, "benchmark": 8.005055770807045, "f1-score": 1.0}, "train_full": {"benchmark": 12.800211809256385}}