{"brand": {"avg_time": 213.9210411241865, "loss": 0.0012383847169923357}, "estimate": {"accuracy": 0.9999234041195194, "entropy": 4.503512248853998, "index": 36.37690033526054, "meanscore": 0.9993057736410861, "prediction_time": 32.057833917548336}, "mark": {"avg_time": 9.434996818932957, "falsepos": 0.008559823415713708}, "product": {"accuracy": 0.9999987788662377}, "reports": {"auc": 0.9999936490981675, "benchmark": 3.3166824970478794, "f1-score": 0.9998868577009965}, "train_full": {"benchmark": 4.595976858493823}}