{"brand": {"avg_time": 19306.557068260066, "loss": 8.127822859194112e-10}, "estimate": {"accuracy": 0.9999999999986482, "entropy": 8.64718973074893, "index": 1282.4744258983415, "meanscore": 0.999999998359345, "prediction_time": 865.6183325665421}, "mark": {"avg_time": 97.97569893287302, "falsepos": 2.00794696980644e-07}, "product": {"accuracy": 1.0}, "reports": {"auc": 1.0, "benchmark": 5.50714759179827, "f1-score": 0.9999999999140862}, "train_full": {"benchmark": 8.532143205303852}}