{"brand": {"avg_time": 41448.99173760348, "loss": 5.619582577054416e-11}, "estimate": {"accuracy": 0.9999999999999752, "entropy": 9.237464849811293, "index": 2246.934716384672, "meanscore": 0.9999999999176138, "prediction_time": 1207.686052777216}, "mark": {"avg_time": 139.6443964531995, "falsepos": 2.852961666910403e-08}, "product": {"accuracy": 1.0}, "reports": {"auc": 1.0, "benchmark": 5.969995895566347, "f1-score": 0.999999999989728}, "train_full": {"benchmark": 9.182012223279692}}