{"brand": {"avg_time": 673222.9507280848, "loss": 0.0}, "estimate": {"accuracy": 1.0, "entropy": 11.789185556149398, "index": 22241.254109414192, "meanscore": 1.0, "prediction_time": 9371.909622247553}, "mark": {"avg_time": 687.1086891725429, "falsepos": 1.5645262863017706e-12}, "product": {"accuracy": 1.0}, "reports": {"auc": 1.0, "benchmark": 7.287511783333008, "f1-score": 0.9999999999999999}, "train_full": {"benchmark": 11.66140629678089}}