{"brand": {"avg_time": 112324.3843275869, "loss": 2.0983215165415459e-13}, "estimate": {"accuracy": 1.0, "entropy": 10.256832834006206, "index": 5367.974554938687, "meanscore": 0.9999999999995866, "prediction_time": 2866.2587555112136}, "mark": {"avg_time": 210.02395591424454, "falsepos": 1.004755278977143e-09}, "product": {"accuracy": 1.0}, "reports": {"auc": 1.0, "benchmark": 6.442025519671344, "f1-score": 0.9999999999999816}, "train_full": {"benchmark": 10.211875784876561}}