{"brand": {"avg_time": 8229.889557654611, "loss": 1.6547678227674112e-08}, "estimate": {"accuracy": 0.9999999999391072, "entropy": 7.961194285083193, "index": 720.1304345349123, "meanscore": 0.9999999698550711, "prediction_time": 444.7462757943235}, "mark": {"avg_time": 68.8307394915276, "falsepos": 3.3535948347207523e-06}, "product": {"accuracy": 0.9999999999999994}, "reports": {"auc": 0.9999999999999982, "benchmark": 5.170076591383368, "f1-score": 0.9999999982932658}, "train_full": {"benchmark": 7.794966055000715}}