{"brand": {"avg_time": 16424.98813311935, "loss": 1.0095277946930992e-09}, "estimate": {"accuracy": 0.9999999999978579, "entropy": 8.526634125340097, "index": 1105.8988086862591, "meanscore": 0.9999999985019803, "prediction_time": 699.0485343128971}, "mark": {"avg_time": 90.42995835989144, "falsepos": 4.1306619347203366e-07}, "product": {"accuracy": 1.0}, "reports": {"auc": 1.0, "benchmark": 5.475557075439739, "f1-score": 0.9999999999211888}, "train_full": {"benchmark": 8.455055481931474}}