{"brand": {"avg_time": 175105.23116961494, "loss": 3.2529534621517087e-14}, "estimate": {"accuracy": 1.0, "entropy": 10.675503303061538, "index": 7815.863594380527, "meanscore": 0.9999999999999643, "prediction_time": 3969.066461851189}, "mark": {"avg_time": 261.29330118349594, "falsepos": 1.4681211801814698e-10}, "product": {"accuracy": 1.0}, "reports": {"auc": 1.0, "benchmark": 6.738384793245268, "f1-score": 0.9999999999999905}, "train_full": {"benchmark": 10.64074323082154}}