{"brand": {"avg_time": 102936.26277156833, "loss": 3.232969447708456e-13}, "estimate": {"accuracy": 0.9999999999999999, "entropy": 10.229854858486098, "index": 5225.242402547507, "meanscore": 0.9999999999991517, "prediction_time": 2605.474033176608}, "mark": {"avg_time": 202.05434193966846, "falsepos": 1.186540532494007e-09}, "product": {"accuracy": 1.0}, "reports": {"auc": 1.0, "benchmark": 6.4402043386260415, "f1-score": 0.9999999999999856}, "train_full": {"benchmark": 10.172422158519808}}