{"brand": {"avg_time": 45836.45336035975, "loss": 2.6182833678944917e-11}, "estimate": {"accuracy": 0.9999999999999919, "entropy": 9.394413259563787, "index": 2604.669667454948, "meanscore": 0.9999999999757107, "prediction_time": 1476.1122236043984}, "mark": {"avg_time": 157.82318352784276, "falsepos": 2.155638012535377e-08}, "product": {"accuracy": 1.0}, "reports": {"auc": 1.0, "benchmark": 5.991435024772666, "f1-score": 0.999999999998261}, "train_full": {"benchmark": 9.381652202008683}}