{"brand": {"avg_time": 581.6059866536829, "loss": 5.4065917963641574e-05}, "estimate": {"accuracy": 0.9999981569225953, "entropy": 5.573628934136744, "index": 87.82357060467514, "meanscore": 0.999947249656937, "prediction_time": 72.51915315418996}, "mark": {"avg_time": 15.645319038938702, "falsepos": 0.00100880285964422}, "product": {"accuracy": 0.999999991048645}, "reports": {"auc": 0.9999999883640102, "benchmark": 3.869526641343269, "f1-score": 0.9999964689791716}, "train_full": {"benchmark": 5.640680238578761}}