{"brand": {"avg_time": 2343633.5419436754, "loss": 0.0}, "estimate": {"accuracy": 1.0, "entropy": 12.883130652901073, "index": 57085.23308565933, "meanscore": 1.0, "prediction_time": 21426.706825507204}, "mark": {"avg_time": 1042.5061318707428, "falsepos": 1.199040866595169e-14}, "product": {"accuracy": 1.0}, "reports": {"auc": 1.0, "benchmark": 7.886183945676202, "f1-score": 1.0}, "train_full": {"benchmark": 12.645842227693205}}