{"brand": {"avg_time": 129.52602766673775, "loss": 0.0025667072854898}, "estimate": {"accuracy": 0.9997029924278485, "entropy": 4.17631219662791, "index": 24.62584317196712, "meanscore": 0.9983095063029004, "prediction_time": 25.899472518912262}, "mark": {"avg_time": 7.085263027781147, "falsepos": 0.013497380070586651}, "product": {"accuracy": 0.9999962267700563}, "reports": {"auc": 0.999978605551963, "benchmark": 3.0409511626323433, "f1-score": 0.9997140624514308}, "train_full": {"benchmark": 4.163917061611031}}