{"brand": {"avg_time": 108.5594993636416, "loss": 0.0041448121600451415}, "estimate": {"accuracy": 0.9996700267027516, "entropy": 3.8757684654705993, "index": 21.240532571426503, "meanscore": 0.9958616467196744, "prediction_time": 22.444269720938728}, "mark": {"avg_time": 6.700392521295197, "falsepos": 0.022561388004905703}, "product": {"accuracy": 0.9999895000384101}, "reports": {"auc": 0.9999338654922982, "benchmark": 2.925077657243584, "f1-score": 0.999492289045566}, "train_full": {"benchmark": 4.003174157211889}}