{"brand": {"avg_time": 323312.69738675514, "loss": 5.551115123125783e-15}, "estimate": {"accuracy": 1.0, "entropy": 11.190150930863854, "index": 11428.710731519748, "meanscore": 0.9999999999999903, "prediction_time": 6583.402339230108}, "mark": {"avg_time": 417.0741784552674, "falsepos": 1.9045542920537173e-11}, "product": {"accuracy": 1.0}, "reports": {"auc": 1.0, "benchmark": 6.983241344595395, "f1-score": 0.9999999999999994}, "train_full": {"benchmark": 11.069501449315993}}