{"brand": {"avg_time": 5.230235167373109, "loss": 0.2349195647549296}, "estimate": {"accuracy": 0.87265231025577, "entropy": 1.1108727247723298, "index": 1.6655411010197527, "meanscore": 0.7211912273715739, "prediction_time": 2.424701367579471}, "mark": {"avg_time": 1.7049198931058043, "falsepos": 0.3902501742395469}, "product": {"accuracy": 0.9508458205077952}, "reports": {"auc": 0.8508702942433759, "benchmark": 1.3021201671006417, "f1-score": 0.8531903006128858}, "train_full": {"benchmark": 1.3918032330819512}}