{"brand": {"avg_time": 23436.869962988185, "loss": 3.4438762952504476e-10}, "estimate": {"accuracy": 0.9999999999998541, "entropy": 8.863874383535409, "index": 1625.0553000241282, "meanscore": 0.9999999996009575, "prediction_time": 995.1773198643806}, "mark": {"avg_time": 96.65984512119347, "falsepos": 1.3982986657445906e-07}, "product": {"accuracy": 1.0}, "reports": {"auc": 1.0, "benchmark": 5.730462448338178, "f1-score": 0.9999999999397746}, "train_full": {"benchmark": 8.900369395717}}