{"brand": {"avg_time": 1435345.5560919403, "loss": 0.0}, "estimate": {"accuracy": 1.0, "entropy": 12.510701018352083, "index": 39126.244332663315, "meanscore": 1.0, "prediction_time": 18687.4918814057}, "mark": {"avg_time": 830.1520019096386, "falsepos": 1.0036416142611415e-13}, "product": {"accuracy": 1.0}, "reports": {"auc": 1.0, "benchmark": 7.663321997860934, "f1-score": 1.0}, "train_full": {"benchmark": 12.291959116290933}}