{"brand": {"avg_time": 33.4414979555649, "loss": 0.022232311215052203}, "estimate": {"accuracy": 0.9966542457078976, "entropy": 2.9671281945036294, "index": 8.79864120150809, "meanscore": 0.9808922528591717, "prediction_time": 10.143210026859784}, "mark": {"avg_time": 4.679792810092975, "falsepos": 0.07831580058626897}, "product": {"accuracy": 0.9995354367570799}, "reports": {"auc": 0.9976085190287378, "benchmark": 2.436856819315222, "f1-score": 0.9951718382699275}, "train_full": {"benchmark": 3.100274608936386}}