{"brand": {"avg_time": 2802.5518315432696, "loss": 7.356563633820201e-07}, "estimate": {"accuracy": 0.9999999888270096, "entropy": 6.8228408643854115, "index": 284.8352483433103, "meanscore": 0.9999990979091424, "prediction_time": 203.9221700737294}, "mark": {"avg_time": 38.22455855187393, "falsepos": 4.9197095717046224e-05}, "product": {"accuracy": 0.9999999999987358}, "reports": {"auc": 0.9999999999896214, "benchmark": 4.527116088879451, "f1-score": 0.9999998299205102}, "train_full": {"benchmark": 6.813669652368198}}