{"brand": {"avg_time": 329.1935095700777, "loss": 0.00036878028866038637}, "estimate": {"accuracy": 0.9999910111775249, "entropy": 4.923476967035342, "index": 52.70403591108704, "meanscore": 0.9998043160012591, "prediction_time": 44.8496559432724}, "mark": {"avg_time": 13.012359562722722, "falsepos": 0.0028613566977928606}, "product": {"accuracy": 0.9999998897888074}, "reports": {"auc": 0.9999995225534304, "benchmark": 3.5894467350085075, "f1-score": 0.9999525363715052}, "train_full": {"benchmark": 5.12815363749269}}