{"brand": {"avg_time": 18.771204279160052, "loss": 0.05643650756361562}, "estimate": {"accuracy": 0.9871138110105083, "entropy": 2.392336839165791, "index": 5.546188181914389, "meanscore": 0.9477287696143605, "prediction_time": 6.170382028669876}, "mark": {"avg_time": 3.2976174456851104, "falsepos": 0.16451908998800624}, "product": {"accuracy": 0.9968676071117927}, "reports": {"auc": 0.9913767054985665, "benchmark": 2.0271962906075185, "f1-score": 0.9805507501156048}, "train_full": {"benchmark": 2.6208388680125156}}