{"brand": {"avg_time": 824699.0801737892, "loss": 0.0}, "estimate": {"accuracy": 1.0, "entropy": 12.103012294204728, "index": 26689.896632368433, "meanscore": 1.0, "prediction_time": 12485.60644609688}, "mark": {"avg_time": 641.5545328809046, "falsepos": 9.82880443700651e-13}, "product": {"accuracy": 1.0}, "reports": {"auc": 1.0, "benchmark": 7.497143652404469, "f1-score": 1.0}, "train_full": {"benchmark": 11.926909864370803}}