{"brand": {"avg_time": 43458.09782609899, "loss": 4.616806936752482e-11}, "estimate": {"accuracy": 0.9999999999999798, "entropy": 9.347070789591285, "index": 2438.5733614906053, "meanscore": 0.9999999999189499, "prediction_time": 1347.8940229766702}, "mark": {"avg_time": 150.29464792670169, "falsepos": 3.0577374965368165e-08}, "product": {"accuracy": 1.0}, "reports": {"auc": 1.0, "benchmark": 5.9753383075593645, "f1-score": 0.9999999999934173}, "train_full": {"benchmark": 9.33262956539761}}