{"brand": {"avg_time": 63.73725474625883, "loss": 0.012008612115238737}, "estimate": {"accuracy": 0.9987964519712192, "entropy": 3.4226851686761366, "index": 13.48851062027022, "meanscore": 0.9897575796202627, "prediction_time": 13.327060263235637}, "mark": {"avg_time": 5.250315616842429, "falsepos": 0.04064302510163342}, "product": {"accuracy": 0.9999155476371238}, "reports": {"auc": 0.9996881235462417, "benchmark": 2.6972060491967227, "f1-score": 0.9977274066482071}, "train_full": {"benchmark": 3.569376359461813}}