{"brand": {"avg_time": 6.139158411567417, "loss": 0.2147980369514787}, "estimate": {"accuracy": 0.9071844896098684, "entropy": 1.1984190820476686, "index": 1.8549833098450068, "meanscore": 0.7681949110651659, "prediction_time": 2.529017278241743}, "mark": {"avg_time": 1.6987816870610601, "falsepos": 0.40432063320195677}, "product": {"accuracy": 0.9549680767072464}, "reports": {"auc": 0.8723183269319807, "benchmark": 1.3596399278224687, "f1-score": 0.8793536675688804}, "train_full": {"benchmark": 1.4366714068572408}}