{"brand": {"avg_time": 13.595882158362347, "loss": 0.11154615974235138}, "estimate": {"accuracy": 0.9737809960133884, "entropy": 2.024284019754598, "index": 3.621355540479452, "meanscore": 0.9102504144217768, "prediction_time": 4.726186180180368}, "mark": {"avg_time": 2.289297031299161, "falsepos": 0.2565898625353843}, "product": {"accuracy": 0.9908916499396871}, "reports": {"auc": 0.9739732337336654, "benchmark": 1.7754464030615433, "f1-score": 0.9705915299897739}, "train_full": {"benchmark": 2.155499793130951}}