{"brand": {"avg_time": 7555.379916164348, "loss": 2.5568758221794496e-08}, "estimate": {"accuracy": 0.9999999999069589, "entropy": 7.854455271292396, "index": 650.1700710014568, "meanscore": 0.9999999731679169, "prediction_time": 438.11491926955074}, "mark": {"avg_time": 62.49720657210562, "falsepos": 6.623702028862866e-06}, "product": {"accuracy": 0.9999999999999993}, "reports": {"auc": 0.999999999999993, "benchmark": 5.10106348741907, "f1-score": 0.9999999950239175}, "train_full": {"benchmark": 7.692788210731137}}