{"brand": {"avg_time": 63.68827873397556, "loss": 0.01194831147890163}, "estimate": {"accuracy": 0.9988097296383495, "entropy": 3.4209791971871564, "index": 13.498502809499335, "meanscore": 0.9898100857490151, "prediction_time": 13.301033021402109}, "mark": {"avg_time": 5.256821552749942, "falsepos": 0.04065081865894782}, "product": {"accuracy": 0.9999139149259565}, "reports": {"auc": 0.9996891507648749, "benchmark": 2.69711677991856, "f1-score": 0.9977485231013614}, "train_full": {"benchmark": 3.5700357359398383}}