{"brand": {"avg_time": 13.089973333383464, "loss": 0.11324343753048405}, "estimate": {"accuracy": 0.9742797214038665, "entropy": 2.0261272695755874, "index": 3.536851797715368, "meanscore": 0.9105294388421048, "prediction_time": 4.891539321644244}, "mark": {"avg_time": 2.2925904108081783, "falsepos": 0.25691474937072434}, "product": {"accuracy": 0.9906504080927333}, "reports": {"auc": 0.9737584956811927, "benchmark": 1.7630256641137416, "f1-score": 0.9706097415381008}, "train_full": {"benchmark": 2.158260221699809}}