{"brand": {"avg_time": 548.1643241289507, "loss": 6.073775830695016e-05}, "estimate": {"accuracy": 0.9999983913922993, "entropy": 5.511435469726077, "index": 84.11639459311155, "meanscore": 0.999916750522923, "prediction_time": 76.39547530546655}, "mark": {"avg_time": 15.679938321196788, "falsepos": 0.0010140516898813345}, "product": {"accuracy": 0.9999999873718731}, "reports": {"auc": 0.999999978383984, "benchmark": 3.876478819181544, "f1-score": 0.9999959220519854}, "train_full": {"benchmark": 5.611092547070494}}