{"brand": {"avg_time": 659572.2824706187, "loss": 0.0}, "estimate": {"accuracy": 1.0, "entropy": 11.795918583250131, "index": 20423.151906592437, "meanscore": 1.0, "prediction_time": 10430.354086063504}, "mark": {"avg_time": 662.5048354388833, "falsepos": 1.5303314171433158e-12}, "product": {"accuracy": 1.0}, "reports": {"auc": 1.0, "benchmark": 7.307830132972939, "f1-score": 0.9999999999999999}, "train_full": {"benchmark": 11.580176210808812}}