{"brand": {"avg_time": 33.38374415282342, "loss": 0.021799322923818476}, "estimate": {"accuracy": 0.9962665863739766, "entropy": 2.966724607068744, "index": 8.75571396551325, "meanscore": 0.9805580060186163, "prediction_time": 9.77147367856493}, "mark": {"avg_time": 4.522608632496784, "falsepos": 0.07717583514341564}, "product": {"accuracy": 0.9995477946691269}, "reports": {"auc": 0.9976113320506748, "benchmark": 2.4380998217592573, "f1-score": 0.9954007017866674}, "train_full": {"benchmark": 3.072368912609764}}