{"brand": {"avg_time": 2642.275399577867, "loss": 9.150064907981204e-07}, "estimate": {"accuracy": 0.9999999830347437, "entropy": 6.768501970115367, "index": 268.25909136780865, "meanscore": 0.9999982628871383, "prediction_time": 181.97917034640082}, "mark": {"avg_time": 37.729690457636785, "falsepos": 7.841004102271398e-05}, "product": {"accuracy": 0.9999999999963598}, "reports": {"auc": 0.9999999999914186, "benchmark": 4.45358463615639, "f1-score": 0.9999997567931427}, "train_full": {"benchmark": 6.769241135075784}}