{"brand": {"avg_time": 37.90887971861567, "loss": 0.020249909983046432}, "estimate": {"accuracy": 0.9952632140724472, "entropy": 3.0313312808007327, "index": 9.205207251669682, "meanscore": 0.980089373381646, "prediction_time": 9.464876484916688}, "mark": {"avg_time": 4.491102896785981, "falsepos": 0.07385915752796945}, "product": {"accuracy": 0.9995251293951011}, "reports": {"auc": 0.9978434182390251, "benchmark": 2.454630988738059, "f1-score": 0.9960887902980468}, "train_full": {"benchmark": 3.0937054652954887}}