{"brand": {"avg_time": 81857.3839177157, "loss": 2.9486413311019533e-12}, "estimate": {"accuracy": 0.999999999999998, "entropy": 9.84315225661199, "index": 3775.594879698831, "meanscore": 0.9999999999974599, "prediction_time": 2062.633134435342}, "mark": {"avg_time": 199.2705353130223, "falsepos": 3.2530297344735004e-09}, "product": {"accuracy": 1.0}, "reports": {"auc": 1.0, "benchmark": 6.238343222734523, "f1-score": 0.9999999999993878}, "train_full": {"benchmark": 9.885911709099654}}