{"brand": {"avg_time": 73961.8735423572, "loss": 3.2738256550146616e-12}, "estimate": {"accuracy": 0.9999999999999971, "entropy": 9.81484956432287, "index": 3505.0725903080115, "meanscore": 0.9999999999966853, "prediction_time": 2275.321065851246}, "mark": {"avg_time": 177.50323376992665, "falsepos": 3.1197402439175903e-09}, "product": {"accuracy": 1.0}, "reports": {"auc": 1.0, "benchmark": 6.274001625082653, "f1-score": 0.999999999999578}, "train_full": {"benchmark": 9.813168746518524}}