{"brand": {"avg_time": 1612.9217093356833, "loss": 5.128486987859837e-06}, "estimate": {"accuracy": 0.9999999362956024, "entropy": 6.415089382147336, "index": 182.95897581872242, "meanscore": 0.9999951299675878, "prediction_time": 143.89238846542756}, "mark": {"avg_time": 28.467861223125624, "falsepos": 0.00016280645274346917}, "product": {"accuracy": 0.9999999999488245}, "reports": {"auc": 0.9999999998107858, "benchmark": 4.221954669689687, "f1-score": 0.9999997934892603}, "train_full": {"benchmark": 6.355674330708467}}