{"brand": {"avg_time": 16.006867854322298, "loss": 0.08581932870971598}, "estimate": {"accuracy": 0.9797819777989586, "entropy": 2.1982317025262255, "index": 4.305783655013297, "meanscore": 0.9247723819344124, "prediction_time": 5.380597510834467}, "mark": {"avg_time": 2.4616263455942042, "falsepos": 0.18337474989246505}, "product": {"accuracy": 0.9921086606524123}, "reports": {"auc": 0.9796909581193914, "benchmark": 1.9287306378878766, "f1-score": 0.9820010949329657}, "train_full": {"benchmark": 2.330083582558003}}