{"brand": {"avg_time": 436.63721888508434, "loss": 0.0002534412998710378}, "estimate": {"accuracy": 0.9999956828689287, "entropy": 5.18831088664894, "index": 64.33502889705262, "meanscore": 0.9998716028371474, "prediction_time": 58.05361509858138}, "mark": {"avg_time": 14.538229221386759, "falsepos": 0.0015706838994354877}, "product": {"accuracy": 0.9999999199902831}, "reports": {"auc": 0.999999915043588, "benchmark": 3.6853482546598024, "f1-score": 0.9999712197552488}, "train_full": {"benchmark": 5.399616081041976}}