{"brand": {"avg_time": 660704.8979994153, "loss": 0.0}, "estimate": {"accuracy": 1.0, "entropy": 11.7841200672365, "index": 20636.098231779994, "meanscore": 1.0, "prediction_time": 10299.410114555665}, "mark": {"avg_time": 680.8700293062793, "falsepos": 1.428523965785189e-12}, "product": {"accuracy": 1.0}, "reports": {"auc": 1.0, "benchmark": 7.290940351324077, "f1-score": 0.9999999999999999}, "train_full": {"benchmark": 11.581061314469654}}