{"brand": {"avg_time": 24.417844456895693, "loss": 0.043289950998018134}, "estimate": {"accuracy": 0.9917481260451136, "entropy": 2.626456282326198, "index": 6.575433151274334, "meanscore": 0.965412984030933, "prediction_time": 7.00736747847216}, "mark": {"avg_time": 3.391117285787297, "falsepos": 0.13379800990547963}, "product": {"accuracy": 0.9985814662456226}, "reports": {"auc": 0.9943242898902758, "benchmark": 2.1193900404704924, "f1-score": 0.9871847453961717}, "train_full": {"benchmark": 2.752921243523169}}