{"brand": {"avg_time": 458943.71183479537, "loss": 9.992007221626409e-16}, "estimate": {"accuracy": 1.0, "entropy": 11.465428362942328, "index": 14438.515825248143, "meanscore": 0.9999999999999983, "prediction_time": 7599.407696053869}, "mark": {"avg_time": 484.3085758171074, "falsepos": 5.888400878006905e-12}, "product": {"accuracy": 1.0}, "reports": {"auc": 1.0, "benchmark": 7.061611475557411, "f1-score": 0.9999999999999998}, "train_full": {"benchmark": 11.30072056853213}}