{"brand": {"avg_time": 77.73417228906705, "loss": 0.004752087138791716}, "estimate": {"accuracy": 0.9995057819496523, "entropy": 3.802204992186255, "index": 17.92267818864821, "meanscore": 0.994408445843477, "prediction_time": 18.53707407860358}, "mark": {"avg_time": 6.874897479038937, "falsepos": 0.029676032332706548}, "product": {"accuracy": 0.99997596356309}, "reports": {"auc": 0.9999064884169742, "benchmark": 2.7913457238812627, "f1-score": 0.9995869102964026}, "train_full": {"benchmark": 3.8374004874167125}}