{"brand": {"avg_time": 19360.20380587931, "loss": 7.185895212202809e-10}, "estimate": {"accuracy": 0.9999999999992784, "entropy": 8.656194126391053, "index": 1369.826427687309, "meanscore": 0.9999999994722182, "prediction_time": 905.6731643584857}, "mark": {"avg_time": 92.25933549170435, "falsepos": 2.0014951518376733e-07}, "product": {"accuracy": 1.0}, "reports": {"auc": 1.0, "benchmark": 5.637408594752938, "f1-score": 0.9999999998449769}, "train_full": {"benchmark": 8.622028819830962}}