{"brand": {"avg_time": 13.035201227513072, "loss": 0.11130405434910629}, "estimate": {"accuracy": 0.9753152854979974, "entropy": 2.01769726773767, "index": 3.553275429683085, "meanscore": 0.9121615656064097, "prediction_time": 4.841186152306452}, "mark": {"avg_time": 2.307632429212223, "falsepos": 0.2570307142066941}, "product": {"accuracy": 0.98998285637773}, "reports": {"auc": 0.9740488224440236, "benchmark": 1.7626659755753042, "f1-score": 0.9716434160407216}, "train_full": {"benchmark": 2.16147728270385}}