{"brand": {"avg_time": 52.97602470145826, "loss": 0.012796976940043114}, "estimate": {"accuracy": 0.9983629157207115, "entropy": 3.2710405982981037, "index": 12.474045657837943, "meanscore": 0.9890755219555885, "prediction_time": 11.710969430391827}, "mark": {"avg_time": 4.589428683629793, "falsepos": 0.05810803965795841}, "product": {"accuracy": 0.9999131025705427}, "reports": {"auc": 0.9995641569609337, "benchmark": 2.6757598849313644, "f1-score": 0.9977945845618489}, "train_full": {"benchmark": 3.380302397914248}}