{"brand": {"avg_time": 320010.32660952327, "loss": 3.219646771412954e-15}, "estimate": {"accuracy": 1.0, "entropy": 11.23884295062819, "index": 11913.065365578419, "meanscore": 0.9999999999999928, "prediction_time": 6647.458308543148}, "mark": {"avg_time": 412.71194614051973, "falsepos": 1.6076362463479654e-11}, "product": {"accuracy": 1.0}, "reports": {"auc": 1.0, "benchmark": 6.985408909696213, "f1-score": 0.9999999999999996}, "train_full": {"benchmark": 11.103396510317715}}