{"brand": {"avg_time": 271263.2174212609, "loss": 5.995204332975845e-15}, "estimate": {"accuracy": 1.0, "entropy": 11.028141034776725, "index": 10229.141831124236, "meanscore": 0.9999999999999948, "prediction_time": 5977.88975446308}, "mark": {"avg_time": 431.68447273990927, "falsepos": 6.370126648391761e-11}, "product": {"accuracy": 1.0}, "reports": {"auc": 1.0, "benchmark": 6.930376770438678, "f1-score": 0.9999999999999997}, "train_full": {"benchmark": 10.959789547427807}}