{"brand": {"avg_time": 8132.7248358398465, "loss": 1.8110036914542604e-08}, "estimate": {"accuracy": 0.9999999999307448, "entropy": 7.946071914946394, "index": 720.4498936791422, "meanscore": 0.9999999720101453, "prediction_time": 462.3465249721445}, "mark": {"avg_time": 62.75260587218539, "falsepos": 2.7471301013992644e-06}, "product": {"accuracy": 0.9999999999999994}, "reports": {"auc": 0.9999999999999984, "benchmark": 5.218396977127084, "f1-score": 0.9999999982779282}, "train_full": {"benchmark": 7.803970669723698}}