{"brand": {"avg_time": 255033.60483826505, "loss": 7.66053886991358e-15}, "estimate": {"accuracy": 1.0, "entropy": 11.015068092308933, "index": 9921.253660544597, "meanscore": 0.9999999999999922, "prediction_time": 5265.039953981812}, "mark": {"avg_time": 428.05800907177553, "falsepos": 8.418199470838772e-11}, "product": {"accuracy": 1.0}, "reports": {"auc": 1.0, "benchmark": 6.887667091935923, "f1-score": 0.9999999999999996}, "train_full": {"benchmark": 10.877643934899169}}