{"brand": {"avg_time": 2720257.3421077128, "loss": 0.0}, "estimate": {"accuracy": 1.0, "entropy": 13.144626279899615, "index": 67800.26979183686, "meanscore": 1.0, "prediction_time": 27119.894090358805}, "mark": {"avg_time": 1390.3988630324914, "falsepos": 5.773159728050814e-15}, "product": {"accuracy": 1.0}, "reports": {"auc": 1.0, "benchmark": 8.00446085534756, "f1-score": 1.0}, "train_full": {"benchmark": 12.807161704662812}}