{"brand": {"avg_time": 75845.23642423023, "loss": 3.0712099530205705e-12}, "estimate": {"accuracy": 0.9999999999999976, "entropy": 9.839906822078625, "index": 3650.772960194812, "meanscore": 0.9999999999984249, "prediction_time": 2138.803092572933}, "mark": {"avg_time": 183.14339862787062, "falsepos": 3.179627006133501e-09}, "product": {"accuracy": 1.0}, "reports": {"auc": 1.0, "benchmark": 6.2707497039556435, "f1-score": 0.9999999999996286}, "train_full": {"benchmark": 9.871608919593376}}