{"brand": {"avg_time": 22.309638988748006, "loss": 0.04793682835320523}, "estimate": {"accuracy": 0.9878743055271734, "entropy": 2.546950153130667, "index": 5.843890348158218, "meanscore": 0.9579769061640067, "prediction_time": 6.200349525986037}, "mark": {"avg_time": 3.212800661605811, "falsepos": 0.1423014458039984}, "product": {"accuracy": 0.9980194436927698}, "reports": {"auc": 0.9928036658417241, "benchmark": 2.1026251571342494, "f1-score": 0.9880912517800067}, "train_full": {"benchmark": 2.6454042768120574}}