{"brand": {"avg_time": 70784.30731451513, "loss": 3.2736036104097366e-12}, "estimate": {"accuracy": 0.9999999999999978, "entropy": 9.800313608131985, "index": 3379.283237380814, "meanscore": 0.9999999999941908, "prediction_time": 2068.413022726734}, "mark": {"avg_time": 168.69907734813114, "falsepos": 3.48700057717366e-09}, "product": {"accuracy": 1.0}, "reports": {"auc": 1.0, "benchmark": 6.259612641762323, "f1-score": 0.9999999999996361}, "train_full": {"benchmark": 9.732421735618122}}