{"brand": {"avg_time": 2578644.713143078, "loss": 0.0}, "estimate": {"accuracy": 1.0, "entropy": 13.101641882282372, "index": 62829.97371882485, "meanscore": 1.0, "prediction_time": 24016.731612166514}, "mark": {"avg_time": 1384.6811636413868, "falsepos": 6.8833827526759706e-15}, "product": {"accuracy": 1.0}, "reports": {"auc": 1.0, "benchmark": 8.003000352335116, "f1-score": 1.0}, "train_full": {"benchmark": 12.720471747704343}}