{"brand": {"avg_time": 12.61963699783951, "loss": 0.11475990620290699}, "estimate": {"accuracy": 0.973464677751272, "entropy": 1.9715387369162498, "index": 3.3421748162005582, "meanscore": 0.8997452371890238, "prediction_time": 4.781048179391252}, "mark": {"avg_time": 2.2376229359719604, "falsepos": 0.2671477283218967}, "product": {"accuracy": 0.989229788591718}, "reports": {"auc": 0.9609729375619221, "benchmark": 1.7682473737055728, "f1-score": 0.963446353538734}, "train_full": {"benchmark": 2.039462388599183}}