{"brand": {"avg_time": 15741.592983234086, "loss": 1.3062273485076048e-09}, "estimate": {"accuracy": 0.9999999999973712, "entropy": 8.462852956866442, "index": 1076.086523363002, "meanscore": 0.9999999989541567, "prediction_time": 740.6363792287344}, "mark": {"avg_time": 90.2861906653418, "falsepos": 5.672912022358645e-07}, "product": {"accuracy": 1.0}, "reports": {"auc": 1.0, "benchmark": 5.471172098211055, "f1-score": 0.9999999998680176}, "train_full": {"benchmark": 8.39588261104097}}