{"brand": {"avg_time": 245288.5813278164, "loss": 1.021405182655144e-14}, "estimate": {"accuracy": 1.0, "entropy": 10.863321722782919, "index": 9233.83036050949, "meanscore": 0.9999999999999929, "prediction_time": 4591.739398369314}, "mark": {"avg_time": 382.4042166359446, "falsepos": 8.506539916908196e-11}, "product": {"accuracy": 1.0}, "reports": {"auc": 1.0, "benchmark": 6.755010226612391, "f1-score": 0.9999999999999981}, "train_full": {"benchmark": 10.843932183195367}}