{"brand": {"avg_time": 551.5067056248887, "loss": 0.0001328927996830931}, "estimate": {"accuracy": 0.9999960799462779, "entropy": 5.435488616019044, "index": 76.49454386152601, "meanscore": 0.9998583920852536, "prediction_time": 65.25637228006849}, "mark": {"avg_time": 15.096467339347145, "falsepos": 0.0011239039824246788}, "product": {"accuracy": 0.9999999841313298}, "reports": {"auc": 0.9999999350443043, "benchmark": 3.752068209813632, "f1-score": 0.9999957837550231}, "train_full": {"benchmark": 5.521553093212703}}