{"brand": {"avg_time": 15.802322623889376, "loss": 0.08078519613801993}, "estimate": {"accuracy": 0.9819664358967646, "entropy": 2.2045128452733644, "index": 4.645983034338727, "meanscore": 0.9459079479191048, "prediction_time": 5.269802968498507}, "mark": {"avg_time": 2.849068992758627, "falsepos": 0.16512802383418734}, "product": {"accuracy": 0.995862976663723}, "reports": {"auc": 0.9827139100046077, "benchmark": 2.059926413956235, "f1-score": 0.9759960958521712}, "train_full": {"benchmark": 2.4252007780480955}}