{"brand": {"avg_time": 192325.12782674498, "loss": 2.4091839634365897e-14}, "estimate": {"accuracy": 1.0, "entropy": 10.673588069629892, "index": 7929.950874807662, "meanscore": 0.9999999999999504, "prediction_time": 4260.817309007306}, "mark": {"avg_time": 273.9441047222731, "falsepos": 1.406303962170341e-10}, "product": {"accuracy": 1.0}, "reports": {"auc": 1.0, "benchmark": 6.731717367706497, "f1-score": 0.9999999999999846}, "train_full": {"benchmark": 10.672316058093134}}