{"brand": {"avg_time": 45.061697441577735, "loss": 0.018616353248628537}, "estimate": {"accuracy": 0.99656419487579, "entropy": 3.136312649044467, "index": 10.284486295638182, "meanscore": 0.9773790757193159, "prediction_time": 10.30335302165333}, "mark": {"avg_time": 4.734143743216689, "falsepos": 0.06765276364912254}, "product": {"accuracy": 0.9997112132786375}, "reports": {"auc": 0.9988505547968691, "benchmark": 2.4184815552098002, "f1-score": 0.9965464278655736}, "train_full": {"benchmark": 3.159903858073221}}