{"brand": {"avg_time": 1858544.6577720759, "loss": 0.0}, "estimate": {"accuracy": 1.0, "entropy": 12.758849231193723, "index": 48273.12889959404, "meanscore": 1.0, "prediction_time": 19150.516405818125}, "mark": {"avg_time": 1111.5814203167372, "falsepos": 2.19824158875781e-14}, "product": {"accuracy": 1.0}, "reports": {"auc": 1.0, "benchmark": 7.799802143516531, "f1-score": 1.0}, "train_full": {"benchmark": 12.484572211320398}}