{"brand": {"avg_time": 39404.34163236446, "loss": 5.962308424756202e-11}, "estimate": {"accuracy": 0.9999999999999589, "entropy": 9.219414655003837, "index": 2154.9427575283858, "meanscore": 0.9999999999372804, "prediction_time": 1171.8300978240625}, "mark": {"avg_time": 139.7999800793231, "falsepos": 3.1572378711430815e-08}, "product": {"accuracy": 1.0}, "reports": {"auc": 1.0, "benchmark": 5.9391765957431675, "f1-score": 0.9999999999911287}, "train_full": {"benchmark": 9.120041732703617}}