{"brand": {"avg_time": 1261918.2199931324, "loss": 0.0}, "estimate": {"accuracy": 1.0, "entropy": 12.268188754766486, "index": 33458.33264099362, "meanscore": 1.0, "prediction_time": 16706.56890685217}, "mark": {"avg_time": 865.4532871763882, "falsepos": 1.7008616737257398e-13}, "product": {"accuracy": 1.0}, "reports": {"auc": 1.0, "benchmark": 7.625145205893602, "f1-score": 1.0}, "train_full": {"benchmark": 12.12645859819495}}