{"brand": {"avg_time": 13.074726741559397, "loss": 0.11263141345753747}, "estimate": {"accuracy": 0.9746083938925055, "entropy": 2.022897648351051, "index": 3.5391935768166096, "meanscore": 0.9110447408704008, "prediction_time": 4.875975177286442}, "mark": {"avg_time": 2.297251990420841, "falsepos": 0.2569854832282077}, "product": {"accuracy": 0.9904655118318317}, "reports": {"auc": 0.9738456030324318, "benchmark": 1.7628062586152398, "f1-score": 0.9709369192207769}, "train_full": {"benchmark": 2.1595451626204105}}