{"brand": {"avg_time": 2650483.286945831, "loss": 0.0}, "estimate": {"accuracy": 1.0, "entropy": 12.955039325225155, "index": 60550.78328388495, "meanscore": 1.0, "prediction_time": 23946.950597608113}, "mark": {"avg_time": 1167.1284346449838, "falsepos": 1.1435297153639112e-14}, "product": {"accuracy": 1.0}, "reports": {"auc": 1.0, "benchmark": 7.988919206195907, "f1-score": 1.0}, "train_full": {"benchmark": 12.682973272094433}}