{"brand": {"avg_time": 573.4421933719915, "loss": 0.00011411946611705748}, "estimate": {"accuracy": 0.999997077541005, "entropy": 5.47971039115502, "index": 79.71008192699462, "meanscore": 0.999900782355162, "prediction_time": 73.03875306444488}, "mark": {"avg_time": 15.550731902776409, "falsepos": 0.001147691333805545}, "product": {"accuracy": 0.9999999802619682}, "reports": {"auc": 0.9999999680531467, "benchmark": 3.7594852504835075, "f1-score": 0.9999970078536845}, "train_full": {"benchmark": 5.5328042734297815}}