{"brand": {"avg_time": 3.3475948626365253, "loss": 0.31138408613654434}, "estimate": {"accuracy": 0.8064689142925892, "entropy": 0.7313823880999456, "index": 1.0753829567067725, "meanscore": 0.6673975747835336, "prediction_time": 1.7274964586862038}, "mark": {"avg_time": 1.1720725736286421, "falsepos": 0.4391816398255509}, "product": {"accuracy": 0.8937374711935269}, "reports": {"auc": 0.7196171105097278, "benchmark": 1.0233908068829582, "f1-score": 0.8171618953487576}, "train_full": {"benchmark": 0.9799314023973521}}