{"brand": {"avg_time": 8262.120597622312, "loss": 1.7778454597383586e-08}, "estimate": {"accuracy": 0.999999999928742, "entropy": 7.951487762974407, "index": 728.1215589997296, "meanscore": 0.9999999719065918, "prediction_time": 469.62185330978394}, "mark": {"avg_time": 64.55639385994068, "falsepos": 3.0029561359778967e-06}, "product": {"accuracy": 0.9999999999999994}, "reports": {"auc": 0.9999999999999983, "benchmark": 5.2166473871723795, "f1-score": 0.9999999983652551}, "train_full": {"benchmark": 7.815360981215039}}