{"brand": {"avg_time": 933660.555612463, "loss": 0.0}, "estimate": {"accuracy": 1.0, "entropy": 12.143039696988154, "index": 28455.389522293703, "meanscore": 1.0, "prediction_time": 12113.290650488303}, "mark": {"avg_time": 679.479928312434, "falsepos": 5.470068842328146e-13}, "product": {"accuracy": 1.0}, "reports": {"auc": 1.0, "benchmark": 7.52744450161019, "f1-score": 1.0}, "train_full": {"benchmark": 12.010930094134743}}