{"brand": {"avg_time": 27.716018124006663, "loss": 0.026450582410705303}, "estimate": {"accuracy": 0.9955956148170044, "entropy": 2.8197650601031605, "index": 7.947482171925272, "meanscore": 0.9759666241074947, "prediction_time": 8.572614572566039}, "mark": {"avg_time": 4.226221742692843, "falsepos": 0.09166379450078121}, "product": {"accuracy": 0.9995083701499652}, "reports": {"auc": 0.9975456901154428, "benchmark": 2.3414874951651585, "f1-score": 0.9941889316746944}, "train_full": {"benchmark": 2.916336230906226}}