{"brand": {"avg_time": 91806.83569557744, "loss": 1.4972467710094861e-12}, "estimate": {"accuracy": 0.9999999999999998, "entropy": 10.004896100794287, "index": 4580.555927490767, "meanscore": 0.9999999999986365, "prediction_time": 2613.2147734264963}, "mark": {"avg_time": 209.74686097458238, "falsepos": 2.163902390606154e-09}, "product": {"accuracy": 1.0}, "reports": {"auc": 1.0, "benchmark": 6.346193216998621, "f1-score": 0.9999999999998768}, "train_full": {"benchmark": 9.984638374938369}}