{"brand": {"avg_time": 8065.183332295521, "loss": 2.122911246793535e-08}, "estimate": {"accuracy": 0.9999999999393918, "entropy": 7.901212655716883, "index": 701.2652576804288, "meanscore": 0.9999999554646105, "prediction_time": 439.4249177701419}, "mark": {"avg_time": 65.63444851828069, "falsepos": 4.553173503119012e-06}, "product": {"accuracy": 0.9999999999999994}, "reports": {"auc": 0.9999999999999944, "benchmark": 5.170284151731375, "f1-score": 0.9999999968915729}, "train_full": {"benchmark": 7.729515600392051}}