{"brand": {"avg_time": 84852.36091427677, "loss": 3.2576163988551343e-12}, "estimate": {"accuracy": 0.9999999999999993, "entropy": 9.842640557986044, "index": 3925.0744468093717, "meanscore": 0.999999999997757, "prediction_time": 2085.7849633790597}, "mark": {"avg_time": 209.6561898351735, "falsepos": 3.1831943747562264e-09}, "product": {"accuracy": 1.0}, "reports": {"auc": 1.0, "benchmark": 6.237801486326668, "f1-score": 0.9999999999990928}, "train_full": {"benchmark": 9.900141500360188}}