{"brand": {"avg_time": 510776.226371581, "loss": 2.220446049250313e-16}, "estimate": {"accuracy": 1.0, "entropy": 11.591893171921605, "index": 16947.01199437783, "meanscore": 0.9999999999999996, "prediction_time": 9477.28171590427}, "mark": {"avg_time": 487.10886058817965, "falsepos": 3.2330804700109184e-12}, "product": {"accuracy": 1.0}, "reports": {"auc": 1.0, "benchmark": 7.150586516919024, "f1-score": 0.9999999999999998}, "train_full": {"benchmark": 11.489036008142374}}