{"brand": {"avg_time": 1258443.7776654332, "loss": 0.0}, "estimate": {"accuracy": 1.0, "entropy": 12.378235715729152, "index": 36087.8953297012, "meanscore": 1.0, "prediction_time": 16136.84873159357}, "mark": {"avg_time": 889.9478341103403, "falsepos": 1.6464607455191071e-13}, "product": {"accuracy": 1.0}, "reports": {"auc": 1.0, "benchmark": 7.671794332204289, "f1-score": 1.0}, "train_full": {"benchmark": 12.196384596982291}}