{"brand": {"avg_time": 48358.34905590615, "loss": 2.0332180383775267e-11}, "estimate": {"accuracy": 0.9999999999999891, "entropy": 9.429928707590388, "index": 2675.5081070605447, "meanscore": 0.9999999999728436, "prediction_time": 1534.9234788552844}, "mark": {"avg_time": 155.75580219493938, "falsepos": 1.5086898730309883e-08}, "product": {"accuracy": 1.0}, "reports": {"auc": 1.0, "benchmark": 6.030584959049148, "f1-score": 0.999999999998874}, "train_full": {"benchmark": 9.398090619918586}}