{"brand": {"avg_time": 11370.502500977685, "loss": 7.998146811516449e-09}, "estimate": {"accuracy": 0.9999999999921629, "entropy": 8.163715284158059, "index": 912.2452978048021, "meanscore": 0.9999999944627015, "prediction_time": 576.5691612460599}, "mark": {"avg_time": 69.88963347421208, "falsepos": 1.1981383928327816e-06}, "product": {"accuracy": 1.0}, "reports": {"auc": 0.9999999999999996, "benchmark": 5.301697957566341, "f1-score": 0.9999999978828324}, "train_full": {"benchmark": 8.105985652468211}}