{"brand": {"avg_time": 16.328983422984027, "loss": 0.08615086475852651}, "estimate": {"accuracy": 0.9796308970414157, "entropy": 2.203117050176645, "index": 4.255934494437602, "meanscore": 0.9254938928487816, "prediction_time": 5.517696907902405}, "mark": {"avg_time": 2.462351299403908, "falsepos": 0.18348319850530148}, "product": {"accuracy": 0.9923026208118388}, "reports": {"auc": 0.9796124708292557, "benchmark": 1.9388684636890454, "f1-score": 0.9820247194914953}, "train_full": {"benchmark": 2.330942323962549}}