{"brand": {"avg_time": 137.185369151907, "loss": 0.002307023196868929}, "estimate": {"accuracy": 0.9998067787276733, "entropy": 4.215504187451789, "index": 26.37907574184384, "meanscore": 0.9977765418107605, "prediction_time": 24.522259078080634}, "mark": {"avg_time": 7.7413483611249765, "falsepos": 0.011972244717433633}, "product": {"accuracy": 0.9999953393119927}, "reports": {"auc": 0.9999809457755489, "benchmark": 3.081941370295878, "f1-score": 0.9997708044125162}, "train_full": {"benchmark": 4.2880468322344765}}