{"brand": {"avg_time": 14258.95791829693, "loss": 2.3009426586284576e-09}, "estimate": {"accuracy": 0.9999999999887943, "entropy": 8.342577681757316, "index": 1007.5244004614734, "meanscore": 0.9999999975667437, "prediction_time": 681.872709417691}, "mark": {"avg_time": 85.8133096640688, "falsepos": 8.544115080999504e-07}, "product": {"accuracy": 1.0}, "reports": {"auc": 1.0, "benchmark": 5.457471590735244, "f1-score": 0.9999999995522999}, "train_full": {"benchmark": 8.301695963443997}}