{"brand": {"avg_time": 64.12237233895799, "loss": 0.011890266088894208}, "estimate": {"accuracy": 0.9988365873125935, "entropy": 3.4282286065262886, "index": 13.56345642091897, "meanscore": 0.9900683377136545, "prediction_time": 13.35937172891396}, "mark": {"avg_time": 5.227100067410759, "falsepos": 0.03944143775605036}, "product": {"accuracy": 0.999915924278211}, "reports": {"auc": 0.9996923479457225, "benchmark": 2.699323360325094, "f1-score": 0.9977986252043103}, "train_full": {"benchmark": 3.5631117035013236}}