{"brand": {"avg_time": 68.8486851599555, "loss": 0.006693426680451919}, "estimate": {"accuracy": 0.9989398682287016, "entropy": 3.6475140984363454, "index": 16.345799792262802, "meanscore": 0.9910153864956492, "prediction_time": 16.239612191753245}, "mark": {"avg_time": 5.925874513707571, "falsepos": 0.03468657833795652}, "product": {"accuracy": 0.9999383518752825}, "reports": {"auc": 0.9998792578358532, "benchmark": 2.7865078005116386, "f1-score": 0.9992910936717987}, "train_full": {"benchmark": 3.7689767669751713}}