{"brand": {"avg_time": 102543.79060811954, "loss": 3.2673863614718357e-13}, "estimate": {"accuracy": 0.9999999999999999, "entropy": 10.229553185805504, "index": 5243.877185604499, "meanscore": 0.9999999999991173, "prediction_time": 2594.6535925352778}, "mark": {"avg_time": 202.66445167646168, "falsepos": 1.2150522810117081e-09}, "product": {"accuracy": 1.0}, "reports": {"auc": 1.0, "benchmark": 6.4396975014212545, "f1-score": 0.9999999999999861}, "train_full": {"benchmark": 10.174750246943628}}