{"brand": {"avg_time": 571.3802052224147, "loss": 8.36378494599721e-05}, "estimate": {"accuracy": 0.9999983726240077, "entropy": 5.512810763218412, "index": 81.85741246345509, "meanscore": 0.9999335941805993, "prediction_time": 72.43912286709867}, "mark": {"avg_time": 15.26457222480358, "falsepos": 0.0010328276487416854}, "product": {"accuracy": 0.9999999777245346}, "reports": {"auc": 0.9999999734704181, "benchmark": 3.8363510899191207, "f1-score": 0.9999969072873305}, "train_full": {"benchmark": 5.57127185952575}}