{"brand": {"avg_time": 3.902621460013873, "loss": 0.2772535523029327}, "estimate": {"accuracy": 0.8496347027062359, "entropy": 0.9488231270059817, "index": 1.3872025223236013, "meanscore": 0.7406184513775012, "prediction_time": 2.041073489066447}, "mark": {"avg_time": 1.5677888552097727, "falsepos": 0.40843984431666247}, "product": {"accuracy": 0.924288669159686}, "reports": {"auc": 0.7824398005495106, "benchmark": 1.230948368364264, "f1-score": 0.8548156514482604}, "train_full": {"benchmark": 1.19135088141633}}