{"brand": {"avg_time": 107.67061046751071, "loss": 0.004130420265787249}, "estimate": {"accuracy": 0.9996774817423698, "entropy": 3.884578258461216, "index": 21.103037666221486, "meanscore": 0.9958674745859617, "prediction_time": 22.222526722865588}, "mark": {"avg_time": 6.79328327474659, "falsepos": 0.0228803680694063}, "product": {"accuracy": 0.9999890353857224}, "reports": {"auc": 0.9999332069504987, "benchmark": 2.9146638972470904, "f1-score": 0.9994969066623183}, "train_full": {"benchmark": 3.992747236757553}}