{"brand": {"avg_time": 8183.505628946831, "loss": 1.789516967942717e-08}, "estimate": {"accuracy": 0.9999999999325193, "entropy": 7.9522733136975186, "index": 719.6193308977192, "meanscore": 0.9999999731260044, "prediction_time": 464.7821153802189}, "mark": {"avg_time": 62.717163637471856, "falsepos": 2.570834566784086e-06}, "product": {"accuracy": 0.9999999999999994}, "reports": {"auc": 0.9999999999999984, "benchmark": 5.219457091370055, "f1-score": 0.9999999981974039}, "train_full": {"benchmark": 7.797295928165489}}