{"brand": {"avg_time": 63150.41514775612, "loss": 4.540257059204578e-12}, "estimate": {"accuracy": 0.9999999999999987, "entropy": 9.761532472030236, "index": 3353.4855191292336, "meanscore": 0.9999999999893814, "prediction_time": 1926.7049495222143}, "mark": {"avg_time": 158.4058583584447, "falsepos": 4.130361497267643e-09}, "product": {"accuracy": 1.0}, "reports": {"auc": 1.0, "benchmark": 6.226087882693322, "f1-score": 0.9999999999996608}, "train_full": {"benchmark": 9.716364637504624}}