{"brand": {"avg_time": 21.943251524194746, "loss": 0.04666579944308191}, "estimate": {"accuracy": 0.9879899493519304, "entropy": 2.5476350125780542, "index": 5.7945933852319635, "meanscore": 0.9586970248986227, "prediction_time": 6.167130810378707}, "mark": {"avg_time": 3.2115839032073694, "falsepos": 0.14105704602184876}, "product": {"accuracy": 0.9980255283783417}, "reports": {"auc": 0.9927652681847585, "benchmark": 2.097485994100603, "f1-score": 0.9882623971011795}, "train_full": {"benchmark": 2.6368655927289626}}