{"brand": {"avg_time": 8.296824130335848, "loss": 0.17364397814540455}, "estimate": {"accuracy": 0.9335477336717861, "entropy": 1.5499730299642351, "index": 2.363205976103912, "meanscore": 0.8168123386200443, "prediction_time": 3.1985078379258933}, "mark": {"avg_time": 1.8632256118714396, "falsepos": 0.30527599643049674}, "product": {"accuracy": 0.9741112823143092}, "reports": {"auc": 0.9337718386368083, "benchmark": 1.6351694053016228, "f1-score": 0.9459606626402892}, "train_full": {"benchmark": 1.6737196546354622}}