{"brand": {"avg_time": 195487.84010151308, "loss": 1.9206858326015208e-14}, "estimate": {"accuracy": 1.0, "entropy": 10.713560199754804, "index": 8266.55986998551, "meanscore": 0.9999999999999414, "prediction_time": 4668.396123260072}, "mark": {"avg_time": 280.43503127455693, "falsepos": 1.482876044178738e-10}, "product": {"accuracy": 1.0}, "reports": {"auc": 1.0, "benchmark": 6.740955476061209, "f1-score": 0.9999999999999915}, "train_full": {"benchmark": 10.684167881054758}}