{"brand": {"avg_time": 63.621401571103945, "loss": 0.009854044680461138}, "estimate": {"accuracy": 0.9986975705966329, "entropy": 3.497332601276397, "index": 14.05223039355575, "meanscore": 0.9900087615333508, "prediction_time": 14.027413677843766}, "mark": {"avg_time": 5.610837431416642, "falsepos": 0.036213009618478176}, "product": {"accuracy": 0.9998997200989976}, "reports": {"auc": 0.99972827554167, "benchmark": 2.687956312818702, "f1-score": 0.9983271166319314}, "train_full": {"benchmark": 3.6125215834497855}}