{"brand": {"avg_time": 17.63512715015209, "loss": 0.06582104053833704}, "estimate": {"accuracy": 0.9874144820501811, "entropy": 2.3367667749055485, "index": 5.33395647344991, "meanscore": 0.9418245922235047, "prediction_time": 5.952931735755737}, "mark": {"avg_time": 3.149199765894055, "falsepos": 0.16615119703840986}, "product": {"accuracy": 0.9972814990660235}, "reports": {"auc": 0.9905612134188648, "benchmark": 2.0587883875944812, "f1-score": 0.977702401282332}, "train_full": {"benchmark": 2.5915067131268565}}