{"brand": {"avg_time": 6828.242342451615, "loss": 4.035649014966225e-08}, "estimate": {"accuracy": 0.9999999998039496, "entropy": 7.622990143410428, "index": 558.9565174721616, "meanscore": 0.9999999528997141, "prediction_time": 389.17667713603396}, "mark": {"avg_time": 63.793457416751565, "falsepos": 9.78876677637519e-06}, "product": {"accuracy": 0.9999999999999971}, "reports": {"auc": 0.9999999999999798, "benchmark": 4.964244831157042, "f1-score": 0.9999999848083061}, "train_full": {"benchmark": 7.595424639444234}}