{"brand": {"avg_time": 2800.919898730655, "loss": 4.988574002773305e-07}, "estimate": {"accuracy": 0.9999999961733023, "entropy": 7.01377710150359, "index": 309.8958977090263, "meanscore": 0.9999995557709798, "prediction_time": 234.6260073434342}, "mark": {"avg_time": 36.38935773567975, "falsepos": 3.104597414316235e-05}, "product": {"accuracy": 0.9999999999997032}, "reports": {"auc": 0.9999999999967115, "benchmark": 4.662486606155303, "f1-score": 0.9999999582978787}, "train_full": {"benchmark": 6.923561562209226}}