{"brand": {"avg_time": 2633525.5919191563, "loss": 0.0}, "estimate": {"accuracy": 1.0, "entropy": 13.105265142873051, "index": 64072.24325723019, "meanscore": 1.0, "prediction_time": 23894.550199644185}, "mark": {"avg_time": 1364.6148498686305, "falsepos": 6.8833827526759706e-15}, "product": {"accuracy": 1.0}, "reports": {"auc": 1.0, "benchmark": 8.02316912719771, "f1-score": 1.0}, "train_full": {"benchmark": 12.722169735319735}}