{"brand": {"avg_time": 93.82539090263917, "loss": 0.0047298168855550715}, "estimate": {"accuracy": 0.9993582556440523, "entropy": 3.8198545996588775, "index": 19.289764557294994, "meanscore": 0.9944366089597442, "prediction_time": 18.959734754519758}, "mark": {"avg_time": 6.9883838997225425, "falsepos": 0.02807803577828971}, "product": {"accuracy": 0.9999791022156679}, "reports": {"auc": 0.9999283100766622, "benchmark": 2.917962314668697, "f1-score": 0.9994070345509477}, "train_full": {"benchmark": 3.8703530441613023}}