{"brand": {"avg_time": 1015055.8833736415, "loss": 0.0}, "estimate": {"accuracy": 1.0, "entropy": 12.203020564994425, "index": 29251.185614595975, "meanscore": 1.0, "prediction_time": 11948.398438332153}, "mark": {"avg_time": 682.8706040188972, "falsepos": 5.532241331707155e-13}, "product": {"accuracy": 1.0}, "reports": {"auc": 1.0, "benchmark": 7.528650594832436, "f1-score": 1.0}, "train_full": {"benchmark": 12.046377933362491}}