{"brand": {"avg_time": 2752.2490297581785, "loss": 6.183205419896254e-07}, "estimate": {"accuracy": 0.9999999959598602, "entropy": 6.951172018689501, "index": 301.49006176793057, "meanscore": 0.9999996517893174, "prediction_time": 236.11634518555715}, "mark": {"avg_time": 36.31344370191221, "falsepos": 4.018442114395171e-05}, "product": {"accuracy": 0.9999999999997926}, "reports": {"auc": 0.9999999999935727, "benchmark": 4.646833404662413, "f1-score": 0.9999999289357777}, "train_full": {"benchmark": 6.900477228956988}}