{"brand": {"avg_time": 49.0554029223077, "loss": 0.01742737342263112}, "estimate": {"accuracy": 0.9973544428200727, "entropy": 3.19478877680677, "index": 11.009485096013291, "meanscore": 0.9862614397201616, "prediction_time": 12.235538381567359}, "mark": {"avg_time": 4.531638698082416, "falsepos": 0.06481107282047915}, "product": {"accuracy": 0.9997841455967529}, "reports": {"auc": 0.9987779237407182, "benchmark": 2.4600425265248926, "f1-score": 0.9967828083999941}, "train_full": {"benchmark": 3.192477455478023}}