{"brand": {"avg_time": 9.309318472981664, "loss": 0.14431348470866823}, "estimate": {"accuracy": 0.9507908795603147, "entropy": 1.708476307925239, "index": 2.9093830497596134, "meanscore": 0.8493630343447455, "prediction_time": 3.9289694016001238}, "mark": {"avg_time": 2.4575218772444725, "falsepos": 0.28473497212791654}, "product": {"accuracy": 0.9790642153688479}, "reports": {"auc": 0.9424428567760909, "benchmark": 1.7315079724050346, "f1-score": 0.9350433568835164}, "train_full": {"benchmark": 1.9132811931052869}}