{"brand": {"avg_time": 6.905353745495769, "loss": 0.1814630478502035}, "estimate": {"accuracy": 0.931414455427576, "entropy": 1.3868100149956852, "index": 2.0687260786235586, "meanscore": 0.8448275956689599, "prediction_time": 2.6858207641377114}, "mark": {"avg_time": 1.6509661431962597, "falsepos": 0.35518474059283767}, "product": {"accuracy": 0.959813488742402}, "reports": {"auc": 0.8982049322102728, "benchmark": 1.4506131924538708, "f1-score": 0.9310334725900918}, "train_full": {"benchmark": 1.5682878142125103}}