{"brand": {"avg_time": 667.8440071894834, "loss": 4.6229040312928404e-05}, "estimate": {"accuracy": 0.9999984880544444, "entropy": 5.6616184060892705, "index": 97.892499177728, "meanscore": 0.9999724828186984, "prediction_time": 78.7799974343405}, "mark": {"avg_time": 18.576753849360706, "falsepos": 0.0008541409880641337}, "product": {"accuracy": 0.9999999978826426}, "reports": {"auc": 0.9999999877532281, "benchmark": 3.8051503836272675, "f1-score": 0.999995504360223}, "train_full": {"benchmark": 5.72996081566216}}