{"brand": {"avg_time": 667.0128154321241, "loss": 4.632872150123202e-05}, "estimate": {"accuracy": 0.9999984994763222, "entropy": 5.662625894672183, "index": 97.97396207859721, "meanscore": 0.9999726613373652, "prediction_time": 78.87015945594506}, "mark": {"avg_time": 18.581170291688526, "falsepos": 0.000858804610244901}, "product": {"accuracy": 0.9999999979008595}, "reports": {"auc": 0.9999999875744964, "benchmark": 3.80663636985209, "f1-score": 0.9999955223646743}, "train_full": {"benchmark": 5.728826830144063}}