{"brand": {"avg_time": 26.243076418795944, "loss": 0.026488459375958007}, "estimate": {"accuracy": 0.9951709404038442, "entropy": 2.769886200077078, "index": 7.632365252877884, "meanscore": 0.9702104168938837, "prediction_time": 8.772227157089448}, "mark": {"avg_time": 4.207792778555989, "falsepos": 0.10351046826317734}, "product": {"accuracy": 0.9993080911976152}, "reports": {"auc": 0.9964971236208787, "benchmark": 2.2819071340739305, "f1-score": 0.9935200206375128}, "train_full": {"benchmark": 2.8819018577923217}}