{"brand": {"avg_time": 4.426102809521271, "loss": 0.2761332156862256}, "estimate": {"accuracy": 0.8660121483971486, "entropy": 1.0597736641079738, "index": 1.5058115683924642, "meanscore": 0.7646747024083169, "prediction_time": 2.2504804471627122}, "mark": {"avg_time": 1.6031837296291476, "falsepos": 0.41318959837512304}, "product": {"accuracy": 0.9396878645118122}, "reports": {"auc": 0.8340793376241261, "benchmark": 1.317866326844495, "f1-score": 0.8448091003568384}, "train_full": {"benchmark": 1.2322500847163298}}