{"brand": {"avg_time": 13.428404861323648, "loss": 0.11267958644719966}, "estimate": {"accuracy": 0.9737745335074616, "entropy": 2.0285738537653333, "index": 3.6118533149980556, "meanscore": 0.9108313401808523, "prediction_time": 4.812457784426093}, "mark": {"avg_time": 2.2586563183335566, "falsepos": 0.2571144762691725}, "product": {"accuracy": 0.9904863233657047}, "reports": {"auc": 0.9739980302596647, "benchmark": 1.7846632610680029, "f1-score": 0.9710270296723975}, "train_full": {"benchmark": 2.1566242950749452}}