{"brand": {"avg_time": 7638.2875228202965, "loss": 2.3201397580940863e-08}, "estimate": {"accuracy": 0.9999999999196408, "entropy": 7.773079593238502, "index": 605.7593995724477, "meanscore": 0.9999999811977228, "prediction_time": 377.2245447705989}, "mark": {"avg_time": 67.03146293292167, "falsepos": 6.600676689116902e-06}, "product": {"accuracy": 0.9999999999999996}, "reports": {"auc": 0.9999999999999882, "benchmark": 5.0043034878638935, "f1-score": 0.9999999948541021}, "train_full": {"benchmark": 7.621081213214948}}