{"brand": {"avg_time": 695137.6926078543, "loss": 0.0}, "estimate": {"accuracy": 1.0, "entropy": 11.843394070882157, "index": 23184.46607683302, "meanscore": 1.0, "prediction_time": 10293.87369076829}, "mark": {"avg_time": 685.9312387960462, "falsepos": 1.6692203175239229e-12}, "product": {"accuracy": 1.0}, "reports": {"auc": 1.0, "benchmark": 7.332525183807973, "f1-score": 1.0}, "train_full": {"benchmark": 11.736428777008499}}