{"brand": {"avg_time": 190496.40777390185, "loss": 2.4424906541753444e-14}, "estimate": {"accuracy": 1.0, "entropy": 10.670563059875311, "index": 8029.752245403842, "meanscore": 0.9999999999999521, "prediction_time": 4364.477155342177}, "mark": {"avg_time": 267.3273914428147, "falsepos": 1.4510881385376706e-10}, "product": {"accuracy": 1.0}, "reports": {"auc": 1.0, "benchmark": 6.7405690386568216, "f1-score": 0.9999999999999836}, "train_full": {"benchmark": 10.683122238842833}}