{"brand": {"avg_time": 4.761507090071475, "loss": 0.2596573355118923}, "estimate": {"accuracy": 0.862511274586687, "entropy": 1.105236105152833, "index": 1.6186315630539894, "meanscore": 0.7391201909730275, "prediction_time": 2.4953399806214636}, "mark": {"avg_time": 1.7518559932545084, "falsepos": 0.39933298422881514}, "product": {"accuracy": 0.9392011457961388}, "reports": {"auc": 0.842934357031999, "benchmark": 1.3347884307279898, "f1-score": 0.8649296275624713}, "train_full": {"benchmark": 1.3767366863400785}}