{"brand": {"avg_time": 201.83746853045446, "loss": 0.001223915564128375}, "estimate": {"accuracy": 0.999919451133332, "entropy": 4.443354611653971, "index": 36.16639953169302, "meanscore": 0.9993485994910659, "prediction_time": 29.25285867113423}, "mark": {"avg_time": 9.54408097535992, "falsepos": 0.009441998146433206}, "product": {"accuracy": 0.9999989971479524}, "reports": {"auc": 0.9999927994639253, "benchmark": 3.239930269858354, "f1-score": 0.9998532242091291}, "train_full": {"benchmark": 4.58714217304139}}