{"brand": {"avg_time": 234.05897222088456, "loss": 0.0010338518773383987}, "estimate": {"accuracy": 0.9999487337210982, "entropy": 4.591347620553995, "index": 37.790303821735385, "meanscore": 0.9990759901828926, "prediction_time": 35.90438800067494}, "mark": {"avg_time": 9.0881969667781, "falsepos": 0.0069090794019031065}, "product": {"accuracy": 0.9999988203597556}, "reports": {"auc": 0.9999972028434643, "benchmark": 3.3578120347590503, "f1-score": 0.9999175336660548}, "train_full": {"benchmark": 4.663724546565293}}