{"brand": {"avg_time": 155.3682614144284, "loss": 0.00134362211619099}, "estimate": {"accuracy": 0.9998768579192182, "entropy": 4.416004248531536, "index": 31.298621632756195, "meanscore": 0.9990645749730637, "prediction_time": 28.373430500774248}, "mark": {"avg_time": 8.57379662001091, "falsepos": 0.01100366286642751}, "product": {"accuracy": 0.999996009315555}, "reports": {"auc": 0.9999887631834934, "benchmark": 3.2544341228438207, "f1-score": 0.9999170486803637}, "train_full": {"benchmark": 4.5270249598736605}}