{"brand": {"avg_time": 810.378174012798, "loss": 4.684588453607308e-05}, "estimate": {"accuracy": 0.9999992576606398, "entropy": 5.778325003468062, "index": 108.55377526572448, "meanscore": 0.9999635573055348, "prediction_time": 88.06556145934526}, "mark": {"avg_time": 20.886894318081453, "falsepos": 0.000510819147313657}, "product": {"accuracy": 0.9999999964833711}, "reports": {"auc": 0.9999999965385525, "benchmark": 3.911695206942411, "f1-score": 0.9999967688843081}, "train_full": {"benchmark": 5.891912566981482}}