{"brand": {"avg_time": 666647.3562466698, "loss": 0.0}, "estimate": {"accuracy": 1.0, "entropy": 11.763478715630907, "index": 20600.84656096571, "meanscore": 1.0, "prediction_time": 10099.273833321125}, "mark": {"avg_time": 654.3501693467973, "falsepos": 1.4774848011711583e-12}, "product": {"accuracy": 1.0}, "reports": {"auc": 1.0, "benchmark": 7.291148444741134, "f1-score": 0.9999999999999999}, "train_full": {"benchmark": 11.587532902941348}}