{"brand": {"avg_time": 8297.304176343914, "loss": 1.7664412821360997e-08}, "estimate": {"accuracy": 0.9999999999304614, "entropy": 7.954048324030013, "index": 726.9399151591302, "meanscore": 0.999999972970508, "prediction_time": 471.35899975393676}, "mark": {"avg_time": 64.45607883403069, "falsepos": 2.8761802581822593e-06}, "product": {"accuracy": 0.9999999999999994}, "reports": {"auc": 0.9999999999999984, "benchmark": 5.2155906188996966, "f1-score": 0.9999999983131225}, "train_full": {"benchmark": 7.811062095771797}}