{"brand": {"avg_time": 5357.224927397952, "loss": 8.854771293975716e-08}, "estimate": {"accuracy": 0.9999999997870319, "entropy": 7.539291354366895, "index": 500.2182882456722, "meanscore": 0.9999999528013263, "prediction_time": 310.0769105471112}, "mark": {"avg_time": 53.574771017125855, "falsepos": 1.0222660603353972e-05}, "product": {"accuracy": 0.9999999999999941}, "reports": {"auc": 0.9999999999999485, "benchmark": 4.9242225254345, "f1-score": 0.9999999881638268}, "train_full": {"benchmark": 7.523863858014064}}