{"brand": {"avg_time": 11835.612618035382, "loss": 5.567471594858375e-09}, "estimate": {"accuracy": 0.999999999992355, "entropy": 8.229190270438838, "index": 946.122950024227, "meanscore": 0.9999999983191665, "prediction_time": 586.5327344566654}, "mark": {"avg_time": 72.56464729229111, "falsepos": 8.834457259077055e-07}, "product": {"accuracy": 1.0}, "reports": {"auc": 0.9999999999999999, "benchmark": 5.328277201175318, "f1-score": 0.9999999989264761}, "train_full": {"benchmark": 8.246936369694687}}