{"brand": {"avg_time": 96753.03643808783, "loss": 4.214406601477094e-13}, "estimate": {"accuracy": 0.9999999999999998, "entropy": 10.212588249626435, "index": 5097.776239749862, "meanscore": 0.999999999998899, "prediction_time": 2673.048579447853}, "mark": {"avg_time": 193.98728776373466, "falsepos": 1.696593310285266e-09}, "product": {"accuracy": 1.0}, "reports": {"auc": 1.0, "benchmark": 6.392360425193762, "f1-score": 0.9999999999999795}, "train_full": {"benchmark": 10.118371019325533}}