{"brand": {"avg_time": 445191.5707863136, "loss": 1.1102230246251565e-15}, "estimate": {"accuracy": 1.0, "entropy": 11.468040866446586, "index": 13939.296395938765, "meanscore": 0.9999999999999983, "prediction_time": 7754.427073252138}, "mark": {"avg_time": 500.42040030002346, "falsepos": 5.8191229612702955e-12}, "product": {"accuracy": 1.0}, "reports": {"auc": 1.0, "benchmark": 7.041499297934434, "f1-score": 0.9999999999999998}, "train_full": {"benchmark": 11.29842311980842}}