{"brand": {"avg_time": 997.065166443283, "loss": 1.4437604523354075e-05}, "estimate": {"accuracy": 0.9999997544852662, "entropy": 6.0114618559423105, "index": 131.45187392923305, "meanscore": 0.9999744379035533, "prediction_time": 103.43396730748066}, "mark": {"avg_time": 21.04029991462721, "falsepos": 0.000288429603414464}, "product": {"accuracy": 0.9999999994894696}, "reports": {"auc": 0.9999999988476393, "benchmark": 4.0710012382267715, "f1-score": 0.9999976762114947}, "train_full": {"benchmark": 6.065466472049753}}