{"brand": {"avg_time": 85.25905885758213, "loss": 0.0045651166747582295}, "estimate": {"accuracy": 0.9994697272765721, "entropy": 3.822342822462, "index": 18.640759588881576, "meanscore": 0.9932011396129272, "prediction_time": 17.92130283887207}, "mark": {"avg_time": 7.091636643741149, "falsepos": 0.02995516737724957}, "product": {"accuracy": 0.9999824519827181}, "reports": {"auc": 0.9999180018915754, "benchmark": 2.8665234304493588, "f1-score": 0.9995403957170956}, "train_full": {"benchmark": 3.8572777392033704}}