{"brand": {"avg_time": 22793.480553594178, "loss": 4.1737135969555084e-10}, "estimate": {"accuracy": 0.9999999999997933, "entropy": 8.848049684356189, "index": 1586.991032545932, "meanscore": 0.9999999997173994, "prediction_time": 960.6786718984182}, "mark": {"avg_time": 95.95051901001345, "falsepos": 1.6794387502905295e-07}, "product": {"accuracy": 1.0}, "reports": {"auc": 1.0, "benchmark": 5.735014220901623, "f1-score": 0.999999999906283}, "train_full": {"benchmark": 8.828061136270925}}