{"brand": {"avg_time": 358.6981438887979, "loss": 0.0002885573998836488}, "estimate": {"accuracy": 0.9999923730412176, "entropy": 5.036601900410532, "index": 57.16218121503824, "meanscore": 0.9997251731130335, "prediction_time": 51.05402028130836}, "mark": {"avg_time": 14.035533392589638, "falsepos": 0.002941961727404019}, "product": {"accuracy": 0.9999998574657086}, "reports": {"auc": 0.999999725699792, "benchmark": 3.618951418966715, "f1-score": 0.9999708489986759}, "train_full": {"benchmark": 5.166692927715771}}