{"brand": {"avg_time": 51.374118040677594, "loss": 0.015473847706021338}, "estimate": {"accuracy": 0.9981322397126714, "entropy": 3.2222597781708666, "index": 11.731762507596253, "meanscore": 0.9911292129439757, "prediction_time": 11.575060274161233}, "mark": {"avg_time": 4.401083895111388, "falsepos": 0.06360858017484206}, "product": {"accuracy": 0.9998725001460754}, "reports": {"auc": 0.9992782075992903, "benchmark": 2.574935298115517, "f1-score": 0.9971676581130817}, "train_full": {"benchmark": 3.2645494127302834}}