{"brand": {"avg_time": 539.6969029908142, "loss": 0.0001585148138435466}, "estimate": {"accuracy": 0.9999948613438925, "entropy": 5.421646187876221, "index": 73.67654554748059, "meanscore": 0.9998556764954629, "prediction_time": 61.28262796404105}, "mark": {"avg_time": 14.349962994039181, "falsepos": 0.0011715504932601206}, "product": {"accuracy": 0.9999999846708911}, "reports": {"auc": 0.9999999496934011, "benchmark": 3.7221017461298045, "f1-score": 0.99999333084724}, "train_full": {"benchmark": 5.502367889669163}}