{"brand": {"avg_time": 680045.6592534358, "loss": 0.0}, "estimate": {"accuracy": 1.0, "entropy": 11.867004997662267, "index": 22799.4811981556, "meanscore": 1.0, "prediction_time": 10033.181240195232}, "mark": {"avg_time": 706.7653644365488, "falsepos": 1.863065257623475e-12}, "product": {"accuracy": 1.0}, "reports": {"auc": 1.0, "benchmark": 7.305085102102182, "f1-score": 1.0}, "train_full": {"benchmark": 11.708517621284539}}