{"brand": {"avg_time": 13.617982433679318, "loss": 0.09882139224786624}, "estimate": {"accuracy": 0.972165140129943, "entropy": 2.0518379340523634, "index": 3.75928346383778, "meanscore": 0.9135337145424626, "prediction_time": 4.548767919298297}, "mark": {"avg_time": 2.2981502069153255, "falsepos": 0.2391131988944145}, "product": {"accuracy": 0.9911911039216846}, "reports": {"auc": 0.9721892567290512, "benchmark": 1.78460926856415, "f1-score": 0.9776205464635059}, "train_full": {"benchmark": 2.1672607483307282}}