{"brand": {"avg_time": 1960182.8061916777, "loss": 0.0}, "estimate": {"accuracy": 1.0, "entropy": 12.88020869739501, "index": 52255.69426937695, "meanscore": 1.0, "prediction_time": 21199.96992803785}, "mark": {"avg_time": 1083.374653023956, "falsepos": 2.2093438190040615e-14}, "product": {"accuracy": 1.0}, "reports": {"auc": 1.0, "benchmark": 7.926527938534764, "f1-score": 1.0}, "train_full": {"benchmark": 12.573345027471792}}