{"brand": {"avg_time": 196169.00555823836, "loss": 1.2878587085651816e-14}, "estimate": {"accuracy": 1.0, "entropy": 10.77056469547634, "index": 8447.6869395617, "meanscore": 0.9999999999999685, "prediction_time": 4551.187217354226}, "mark": {"avg_time": 314.1681473363056, "falsepos": 1.547444394844888e-10}, "product": {"accuracy": 1.0}, "reports": {"auc": 1.0, "benchmark": 6.734094591413824, "f1-score": 0.9999999999999956}, "train_full": {"benchmark": 10.733669342058487}}