{"brand": {"avg_time": 22873.75776970097, "loss": 4.1431880148934397e-10}, "estimate": {"accuracy": 0.9999999999997975, "entropy": 8.850076207054371, "index": 1583.945193821728, "meanscore": 0.9999999997269154, "prediction_time": 963.8415211621948}, "mark": {"avg_time": 95.94734769164518, "falsepos": 1.6218934373313232e-07}, "product": {"accuracy": 1.0}, "reports": {"auc": 1.0, "benchmark": 5.734115119031772, "f1-score": 0.999999999902704}, "train_full": {"benchmark": 8.824856291741556}}