{"brand": {"avg_time": 249.4680769424868, "loss": 0.0010321908159209858}, "estimate": {"accuracy": 0.9999640924352422, "entropy": 4.63116603212265, "index": 38.84180839527171, "meanscore": 0.9988864597775112, "prediction_time": 38.44952639744787}, "mark": {"avg_time": 9.508069071329214, "falsepos": 0.005833359179150288}, "product": {"accuracy": 0.9999992630408302}, "reports": {"auc": 0.9999979469551926, "benchmark": 3.3521390809405323, "f1-score": 0.9999083591338292}, "train_full": {"benchmark": 4.678918959281853}}