{"brand": {"avg_time": 468853.1083995127, "loss": 1.1102230246251565e-16}, "estimate": {"accuracy": 1.0, "entropy": 11.53261866274802, "index": 16384.505874510192, "meanscore": 0.9999999999999991, "prediction_time": 8717.056201212597}, "mark": {"avg_time": 491.6928654964136, "falsepos": 3.444244889294623e-12}, "product": {"accuracy": 1.0}, "reports": {"auc": 1.0, "benchmark": 7.182686052924774, "f1-score": 0.9999999999999996}, "train_full": {"benchmark": 11.44500305830638}}