{"brand": {"avg_time": 171458.08528447823, "loss": 3.5638159090467525e-14}, "estimate": {"accuracy": 1.0, "entropy": 10.66279127807912, "index": 7518.210155569261, "meanscore": 0.9999999999999776, "prediction_time": 3628.2219362041}, "mark": {"avg_time": 263.29718211966537, "falsepos": 1.537682203789359e-10}, "product": {"accuracy": 1.0}, "reports": {"auc": 1.0, "benchmark": 6.743534557829183, "f1-score": 0.9999999999999882}, "train_full": {"benchmark": 10.62304166473226}}