{"brand": {"avg_time": 25315.292005137006, "loss": 1.99880667572927e-10}, "estimate": {"accuracy": 0.9999999999998755, "entropy": 8.941119719642712, "index": 1716.1479206989093, "meanscore": 0.999999999780397, "prediction_time": 1009.8735867352352}, "mark": {"avg_time": 105.96694602363742, "falsepos": 7.265848611659464e-08}, "product": {"accuracy": 1.0}, "reports": {"auc": 1.0, "benchmark": 5.75368676262161, "f1-score": 0.9999999999805582}, "train_full": {"benchmark": 8.966466943145662}}