{"brand": {"avg_time": 8180.95116680735, "loss": 2.112558883382576e-08}, "estimate": {"accuracy": 0.9999999999388007, "entropy": 7.895967821056091, "index": 697.8617045081076, "meanscore": 0.9999999568763427, "prediction_time": 447.1937969837569}, "mark": {"avg_time": 64.45947591725715, "falsepos": 4.464107440815823e-06}, "product": {"accuracy": 0.9999999999999996}, "reports": {"auc": 0.9999999999999944, "benchmark": 5.188562826488542, "f1-score": 0.9999999969010003}, "train_full": {"benchmark": 7.7339527761020195}}