{"brand": {"avg_time": 138942.50241068474, "loss": 7.105427357601002e-14}, "estimate": {"accuracy": 1.0, "entropy": 10.500559728111632, "index": 6653.745104498408, "meanscore": 0.9999999999997835, "prediction_time": 3181.417574601922}, "mark": {"avg_time": 253.6870941521758, "falsepos": 4.0764847053509357e-10}, "product": {"accuracy": 1.0}, "reports": {"auc": 1.0, "benchmark": 6.61939124511036, "f1-score": 0.9999999999999939}, "train_full": {"benchmark": 10.370992488371122}}