{"brand": {"avg_time": 16.673940434892994, "loss": 0.07985027262704758}, "estimate": {"accuracy": 0.9843920789379056, "entropy": 2.2464717257875204, "index": 4.836996380250099, "meanscore": 0.9522476999837057, "prediction_time": 5.720764542589815}, "mark": {"avg_time": 2.833492161837445, "falsepos": 0.1656805033249522}, "product": {"accuracy": 0.9957547458130778}, "reports": {"auc": 0.9851628963697204, "benchmark": 2.064735094935294, "f1-score": 0.975647888853591}, "train_full": {"benchmark": 2.5030674315881383}}