{"brand": {"avg_time": 90889.16473653741, "loss": 1.1963763313360687e-12}, "estimate": {"accuracy": 0.9999999999999996, "entropy": 10.06854423628615, "index": 4769.540306748914, "meanscore": 0.9999999999986726, "prediction_time": 2724.3599128883125}, "mark": {"avg_time": 203.02483328817783, "falsepos": 1.7024408549559666e-09}, "product": {"accuracy": 1.0}, "reports": {"auc": 1.0, "benchmark": 6.4154984405525814, "f1-score": 0.9999999999999362}, "train_full": {"benchmark": 10.022184998235943}}