{"brand": {"avg_time": 1237642.1541522343, "loss": 0.0}, "estimate": {"accuracy": 1.0, "entropy": 12.28979650531084, "index": 32814.31906652042, "meanscore": 1.0, "prediction_time": 16091.395217139323}, "mark": {"avg_time": 888.3962473067764, "falsepos": 2.020605904817785e-13}, "product": {"accuracy": 1.0}, "reports": {"auc": 1.0, "benchmark": 7.600820065752351, "f1-score": 1.0}, "train_full": {"benchmark": 12.099809547786716}}