{"brand": {"avg_time": 36890.74856388782, "loss": 6.283074061030902e-11}, "estimate": {"accuracy": 0.9999999999999698, "entropy": 9.192219413024668, "index": 2084.6731573279267, "meanscore": 0.9999999999255812, "prediction_time": 1241.1903469404158}, "mark": {"avg_time": 141.0553683466712, "falsepos": 3.860341701855674e-08}, "product": {"accuracy": 1.0}, "reports": {"auc": 1.0, "benchmark": 5.892426809970376, "f1-score": 0.9999999999923774}, "train_full": {"benchmark": 9.088975985922431}}