{"brand": {"avg_time": 64.6172365529694, "loss": 0.009225725140146857}, "estimate": {"accuracy": 0.9986090915422404, "entropy": 3.502771408867974, "index": 14.482859219517355, "meanscore": 0.9924217847449912, "prediction_time": 15.251921774364531}, "mark": {"avg_time": 5.522285963432519, "falsepos": 0.03404650794659858}, "product": {"accuracy": 0.999926574958515}, "reports": {"auc": 0.999766999695122, "benchmark": 2.6867244445613787, "f1-score": 0.9983543525040086}, "train_full": {"benchmark": 3.6148122699055674}}