{"brand": {"avg_time": 2443.282969182415, "loss": 1.3155420646171478e-06}, "estimate": {"accuracy": 0.9999999865230551, "entropy": 6.730770168474714, "index": 249.3974980559758, "meanscore": 0.9999981114394185, "prediction_time": 199.9073002637313}, "mark": {"avg_time": 37.02708171601661, "falsepos": 8.369434998223291e-05}, "product": {"accuracy": 0.999999999996645}, "reports": {"auc": 0.999999999968748, "benchmark": 4.433593458672473, "f1-score": 0.9999997980850327}, "train_full": {"benchmark": 6.688486613331204}}