{"brand": {"avg_time": 29.52751201744773, "loss": 0.02614501687719284}, "estimate": {"accuracy": 0.9964644966159103, "entropy": 2.870002625559687, "index": 8.173980817764278, "meanscore": 0.9771194177836021, "prediction_time": 9.767653461357755}, "mark": {"avg_time": 4.241516437225498, "falsepos": 0.08249112144069226}, "product": {"accuracy": 0.999478013443575}, "reports": {"auc": 0.9969958493735145, "benchmark": 2.3726575210580703, "f1-score": 0.993932957601367}, "train_full": {"benchmark": 2.9981937766569153}}