{"brand": {"avg_time": 611.0693968325645, "loss": 5.3201624843013384e-05}, "estimate": {"accuracy": 0.9999974941045712, "entropy": 5.579939388805596, "index": 90.2710042590473, "meanscore": 0.9999453552633815, "prediction_time": 80.02352710515227}, "mark": {"avg_time": 16.84003132189054, "falsepos": 0.0010291730613962713}, "product": {"accuracy": 0.9999999961373093}, "reports": {"auc": 0.9999999901595047, "benchmark": 3.8511370492649015, "f1-score": 0.9999952523641517}, "train_full": {"benchmark": 5.696585789981652}}