{"brand": {"avg_time": 53.2327968183428, "loss": 0.014155803565389813}, "estimate": {"accuracy": 0.998583451331209, "entropy": 3.2369233944894327, "index": 12.104940969952104, "meanscore": 0.9906780843487593, "prediction_time": 12.145793242977318}, "mark": {"avg_time": 4.46618566846459, "falsepos": 0.05866314928915051}, "product": {"accuracy": 0.9999123281423017}, "reports": {"auc": 0.9995089884990485, "benchmark": 2.62218356128427, "f1-score": 0.9976935469924315}, "train_full": {"benchmark": 3.337067116730091}}