{"brand": {"avg_time": 719433.9775935386, "loss": 0.0}, "estimate": {"accuracy": 1.0, "entropy": 11.96304231889847, "index": 24753.23313142438, "meanscore": 1.0, "prediction_time": 10638.606069559233}, "mark": {"avg_time": 664.2698670126169, "falsepos": 1.2849721287011562e-12}, "product": {"accuracy": 1.0}, "reports": {"auc": 1.0, "benchmark": 7.394446176573692, "f1-score": 1.0}, "train_full": {"benchmark": 11.801081850742841}}