{"brand": {"avg_time": 3.7062862039429, "loss": 0.28161149671756136}, "estimate": {"accuracy": 0.8497739318264349, "entropy": 0.9331749210749232, "index": 1.3380176217658721, "meanscore": 0.7056540020538122, "prediction_time": 1.9746954600758104}, "mark": {"avg_time": 1.5854568256795714, "falsepos": 0.4155157949327769}, "product": {"accuracy": 0.9247332802574051}, "reports": {"auc": 0.7787829656526658, "benchmark": 1.194798326908276, "f1-score": 0.8526753994753604}, "train_full": {"benchmark": 1.170566538446353}}