{"brand": {"avg_time": 10772.909712556264, "loss": 1.0271834161024174e-08}, "estimate": {"accuracy": 0.9999999999896171, "entropy": 8.157438275050236, "index": 888.3818686180743, "meanscore": 0.9999999904986112, "prediction_time": 589.7429329523134}, "mark": {"avg_time": 67.15399791437352, "falsepos": 1.4864730607522247e-06}, "product": {"accuracy": 1.0}, "reports": {"auc": 0.9999999999999996, "benchmark": 5.31114631225572, "f1-score": 0.9999999983083703}, "train_full": {"benchmark": 8.060127910446292}}