{"brand": {"avg_time": 23440.592830170845, "loss": 3.4452929398298693e-10}, "estimate": {"accuracy": 0.9999999999998543, "entropy": 8.863716682614797, "index": 1624.5555233952107, "meanscore": 0.9999999995999913, "prediction_time": 994.9935259146625}, "mark": {"avg_time": 96.61610687323044, "falsepos": 1.400059839173906e-07}, "product": {"accuracy": 1.0}, "reports": {"auc": 1.0, "benchmark": 5.730960715337055, "f1-score": 0.9999999999397604}, "train_full": {"benchmark": 8.900845342988582}}