{"brand": {"avg_time": 1517.313470994941, "loss": 5.598666050543599e-06}, "estimate": {"accuracy": 0.9999999000064772, "entropy": 6.35776608866443, "index": 175.49263739840669, "meanscore": 0.9999963461793646, "prediction_time": 134.48866918313635}, "mark": {"avg_time": 27.76093836819156, "falsepos": 0.00015713973039555018}, "product": {"accuracy": 0.9999999999105866}, "reports": {"auc": 0.9999999998661242, "benchmark": 4.224229005574573, "f1-score": 0.9999997778882762}, "train_full": {"benchmark": 6.282115608182654}}