{"brand": {"avg_time": 181.80347536143887, "loss": 0.001178696873071594}, "estimate": {"accuracy": 0.9999358340505656, "entropy": 4.420527845242855, "index": 34.764987879623355, "meanscore": 0.9989604401888291, "prediction_time": 27.100190423746113}, "mark": {"avg_time": 9.60332390803624, "falsepos": 0.010106794874403802}, "product": {"accuracy": 0.9999984566841488}, "reports": {"auc": 0.9999915586172654, "benchmark": 3.2082668192453454, "f1-score": 0.9998688583177702}, "train_full": {"benchmark": 4.584259985882669}}