{"brand": {"avg_time": 33127.92795202391, "loss": 7.332334739373891e-11}, "estimate": {"accuracy": 0.9999999999998884, "entropy": 9.129756475901939, "index": 1911.3945605493693, "meanscore": 0.9999999999110103, "prediction_time": 1137.2428418835834}, "mark": {"avg_time": 135.61462895506517, "falsepos": 6.129345164751498e-08}, "product": {"accuracy": 1.0}, "reports": {"auc": 1.0, "benchmark": 5.7757708508192325, "f1-score": 0.9999999999945326}, "train_full": {"benchmark": 9.058696860556871}}