{"brand": {"avg_time": 4532.16368892168, "loss": 1.9289964647839497e-07}, "estimate": {"accuracy": 0.9999999992685923, "entropy": 7.275407609721881, "index": 410.4961325164445, "meanscore": 0.9999998917384232, "prediction_time": 284.3038831305669}, "mark": {"avg_time": 52.76468024359316, "falsepos": 1.9789495254718403e-05}, "product": {"accuracy": 0.9999999999999544}, "reports": {"auc": 0.9999999999997617, "benchmark": 4.73974938505173, "f1-score": 0.9999999717173385}, "train_full": {"benchmark": 7.326942798005017}}