{"brand": {"avg_time": 250.33702655572375, "loss": 0.001028011627765335}, "estimate": {"accuracy": 0.9999645020589307, "entropy": 4.635001674894855, "index": 38.87704211876306, "meanscore": 0.9989028487056477, "prediction_time": 38.551289048687316}, "mark": {"avg_time": 9.487867889257325, "falsepos": 0.005678469657995788}, "product": {"accuracy": 0.9999992721761796}, "reports": {"auc": 0.9999979539846126, "benchmark": 3.3531117036501805, "f1-score": 0.9999078872207608}, "train_full": {"benchmark": 4.674460533325433}}