{"brand": {"avg_time": 467704.20473239967, "loss": 2.220446049250313e-16}, "estimate": {"accuracy": 1.0, "entropy": 11.534722581290815, "index": 16304.66638166647, "meanscore": 0.9999999999999991, "prediction_time": 8733.856893440254}, "mark": {"avg_time": 493.8788191922471, "falsepos": 3.424149852548908e-12}, "product": {"accuracy": 1.0}, "reports": {"auc": 1.0, "benchmark": 7.182551295533932, "f1-score": 0.9999999999999996}, "train_full": {"benchmark": 11.443467760460079}}