{"brand": {"avg_time": 1023754.6508808549, "loss": 0.0}, "estimate": {"accuracy": 1.0, "entropy": 12.204659782008505, "index": 29473.984667167184, "meanscore": 1.0, "prediction_time": 11886.372556002601}, "mark": {"avg_time": 678.1431337182003, "falsepos": 5.532241331707155e-13}, "product": {"accuracy": 1.0}, "reports": {"auc": 1.0, "benchmark": 7.536124172548216, "f1-score": 1.0}, "train_full": {"benchmark": 12.045585715856351}}