{"brand": {"avg_time": 3498.1567403886943, "loss": 3.284029430616897e-07}, "estimate": {"accuracy": 0.9999999989731234, "entropy": 7.232208330050332, "index": 370.2036267042135, "meanscore": 0.9999997615057844, "prediction_time": 252.64768223658498}, "mark": {"avg_time": 41.79655008225086, "falsepos": 2.228490558553453e-05}, "product": {"accuracy": 0.9999999999998114}, "reports": {"auc": 0.9999999999995142, "benchmark": 4.732303585225882, "f1-score": 0.999999986516024}, "train_full": {"benchmark": 7.232760429735521}}