{"brand": {"falsepos": 4.2917673923170696e-05, "meanscore": 0.9999978477626043, "prediction_time": 142.49748082760775, "time": 178.75930522415732}, "mark": {"distinct": 146}, "reports": {"fullscore": 0.9971766010061055, "weighted_avg": 3.1885994307513426}, "train": {"exp_cost": 6003465, "fullscore": 0.9999431602505026, "weighted_avg": 3.9118935210113945}}