{"brand": {"falsepos": 3.871456320525546e-06, "meanscore": 0.9999993801710914, "prediction_time": 205.02061303917944, "time": 232.368411829787}, "mark": {"distinct": 165}, "reports": {"fullscore": 0.9991663580227728, "weighted_avg": 3.5202053539517575}, "train": {"exp_cost": 23475748, "fullscore": 0.9999902949232309, "weighted_avg": 4.143951028828447}}