{"brand": {"falsepos": 0.005150890538284325, "meanscore": 0.9994375222268792, "prediction_time": 34.26694726122347, "time": 65.78998209454505}, "mark": {"distinct": 59}, "reports": {"fullscore": 0.975135462939919, "weighted_avg": 2.0352419482680513}, "train": {"exp_cost": 271679, "fullscore": 0.9896390329912876, "weighted_avg": 2.8937198952726404}}