{"brand": {"falsepos": 0.12494751253927117, "meanscore": 0.9734744525638022, "prediction_time": 8.795431370787764, "time": 22.902177505924136}, "mark": {"distinct": -11}, "reports": {"fullscore": 0.8399957015428553, "weighted_avg": 0.8254220029813844}, "train": {"exp_cost": 14184, "fullscore": 0.8558687426667964, "weighted_avg": 1.8371736112409653}}