{"brand": {"falsepos": 0.07392938978763208, "meanscore": 0.987385876200474, "prediction_time": 11.637431963094055, "time": 32.47214329811823}, "mark": {"distinct": 21}, "reports": {"fullscore": 0.9103575536630071, "weighted_avg": 1.1791630413628185}, "train": {"exp_cost": 25749, "fullscore": 0.9197465895398584, "weighted_avg": 2.0249541989116837}}