{"brand": {"falsepos": 0.07096108748611174, "meanscore": 0.9858695184802451, "prediction_time": 10.019647790475402, "time": 30.951013785706177}, "mark": {"distinct": 12}, "reports": {"fullscore": 0.9072551723259024, "weighted_avg": 1.1531572959157463}, "train": {"exp_cost": 20933, "fullscore": 0.8905384676384092, "weighted_avg": 1.9219360183379637}}