{"brand": {"falsepos": 0.23185140674593063, "meanscore": 0.8956204007345123, "prediction_time": 5.641309693166894, "time": 16.380127918877655}, "mark": {"distinct": -23}, "reports": {"fullscore": 0.7634194392694739, "weighted_avg": 0.3703499811106448}, "train": {"exp_cost": 4861, "fullscore": 0.6793700382622958, "weighted_avg": 1.4411215156558739}}