{"brand": {"falsepos": 0.19510512134831492, "meanscore": 0.9240890014217731, "prediction_time": 6.963333647560917, "time": 18.87975705945108}, "mark": {"distinct": -13}, "reports": {"fullscore": 0.8040618112533332, "weighted_avg": 0.4908773514515699}, "train": {"exp_cost": 4951, "fullscore": 0.7494131887076751, "weighted_avg": 1.514375237047982}}