{"brand": {"falsepos": 0.00010540335459630068, "meanscore": 0.9999845128421909, "prediction_time": 93.13969050881498, "time": 132.59860842367263}, "mark": {"distinct": 127}, "reports": {"fullscore": 0.9938408535846414, "weighted_avg": 2.902056156827266}, "train": {"exp_cost": 3701363, "fullscore": 0.9997090783076339, "weighted_avg": 3.735853256457139}}