{"brand": {"falsepos": 0.017092104669331865, "meanscore": 0.9970816440560476, "prediction_time": 22.394981935769213, "time": 41.85316374445137}, "mark": {"distinct": 37}, "reports": {"fullscore": 0.950753492854098, "weighted_avg": 1.6503871992624235}, "train": {"exp_cost": 77855, "fullscore": 0.96445734208693, "weighted_avg": 2.4354962092451733}}