{"brand": {"falsepos": 3.575274691391961e-05, "meanscore": 0.999997246355951, "prediction_time": 152.6018344591433, "time": 192.64033839658202}, "mark": {"distinct": 154}, "reports": {"fullscore": 0.9980627024579489, "weighted_avg": 3.2388786674691157}, "train": {"exp_cost": 6610501, "fullscore": 0.999954193455697, "weighted_avg": 3.8334661060659228}}