{"brand": {"falsepos": 7.859984176850077e-07, "meanscore": 0.9999999383850111, "prediction_time": 261.8265094626838, "time": 346.0191138962018}, "mark": {"distinct": 191}, "reports": {"fullscore": 0.9996342323356748, "weighted_avg": 3.7789699979804108}, "train": {"exp_cost": 51988263, "fullscore": 0.9999991164169442, "weighted_avg": 4.45617359856249}}