{"brand": {"falsepos": 1.0687666862629897e-08, "meanscore": 0.9999999989187974, "prediction_time": 471.8807206701199, "time": 638.8887965644567}, "mark": {"distinct": 245}, "reports": {"fullscore": 0.9999738281538126, "weighted_avg": 4.549847558075891}, "train": {"exp_cost": 313819750, "fullscore": 0.999999976746363, "weighted_avg": 5.05080924675804}}