{"brand": {"falsepos": 0.610324766793173, "meanscore": 0.7493100153437013, "prediction_time": 2.1069105221912947, "time": 8.70035818403527}, "mark": {"distinct": -85}, "reports": {"fullscore": 0.6460241143122729, "weighted_avg": -0.19962503467614556}, "train": {"exp_cost": 785, "fullscore": 0.35041763070946774, "weighted_avg": 0.623541161307739}}