{"brand": {"falsepos": 2.0664281041860022e-07, "meanscore": 0.9999999746292967, "prediction_time": 412.0650826405071, "time": 419.70937221474156}, "mark": {"distinct": 211}, "reports": {"fullscore": 0.9998096996731793, "weighted_avg": 4.129725989176538}, "train": {"exp_cost": 70645103, "fullscore": 0.999999624993117, "weighted_avg": 4.675984327264209}}