{"brand": {"falsepos": 0.1657171182573275, "meanscore": 0.964244078668546, "prediction_time": 9.72527092936693, "time": 23.519088483635674}, "mark": {"distinct": -15}, "reports": {"fullscore": 0.8773479894993346, "weighted_avg": 0.7492855600746029}, "train": {"exp_cost": 7726, "fullscore": 0.7946020739293276, "weighted_avg": 1.6559233019581021}}