{"brand": {"falsepos": 0.01431308398123532, "meanscore": 0.9984049195265284, "prediction_time": 24.508504510071106, "time": 54.00683939396105}, "mark": {"distinct": 61}, "reports": {"fullscore": 0.9659675457517474, "weighted_avg": 1.7559666234527225}, "train": {"exp_cost": 171068, "fullscore": 0.9801602840620562, "weighted_avg": 2.650198641408297}}