{"brand": {"falsepos": 0.2221532213727665, "meanscore": 0.9167788733981928, "prediction_time": 6.739037350644785, "time": 16.10103246776647}, "mark": {"distinct": -22}, "reports": {"fullscore": 0.7832051785230616, "weighted_avg": 0.3695831483322017}, "train": {"exp_cost": 5161, "fullscore": 0.6876017182146439, "weighted_avg": 1.4670713534733806}}