{"brand": {"falsepos": 9.155773973645864e-06, "meanscore": 0.9999984158280594, "prediction_time": 187.94057284236504, "time": 245.71765254995802}, "mark": {"distinct": 169}, "reports": {"fullscore": 0.9991855922399157, "weighted_avg": 3.544205273752539}, "train": {"exp_cost": 18358335, "fullscore": 0.9999844227134747, "weighted_avg": 4.148276154347752}}