{"brand": {"falsepos": 0.0006300424669857252, "meanscore": 0.9999564464308248, "prediction_time": 66.72624715844456, "time": 106.81245433180452}, "mark": {"distinct": 110}, "reports": {"fullscore": 0.9892173725165385, "weighted_avg": 2.6957071262473558}, "train": {"exp_cost": 1503220, "fullscore": 0.9990922216232551, "weighted_avg": 3.4203837832594965}}