{"brand": {"falsepos": 6.945897027543779e-07, "meanscore": 0.9999998888461027, "prediction_time": 261.725119994667, "time": 333.7584748813287}, "mark": {"distinct": 185}, "reports": {"fullscore": 0.9996257424794, "weighted_avg": 3.7309870850786027}, "train": {"exp_cost": 48526468, "fullscore": 0.9999990410893667, "weighted_avg": 4.3278293165792965}}