{"brand": {"falsepos": 0.5688810894588372, "meanscore": 0.7881208511541572, "prediction_time": 2.4730243535686682, "time": 9.697808864425594}, "mark": {"distinct": -79}, "reports": {"fullscore": 0.7014641849256684, "weighted_avg": -0.1317845475688163}, "train": {"exp_cost": 988, "fullscore": 0.3991940605416553, "weighted_avg": 0.7707431551499262}}