{"brand": {"falsepos": 0.00011083422790192365, "meanscore": 0.9999865317149407, "prediction_time": 93.39043991865894, "time": 133.0368517445748}, "mark": {"distinct": 129}, "reports": {"fullscore": 0.9941874876752927, "weighted_avg": 2.897790373137149}, "train": {"exp_cost": 3636046, "fullscore": 0.9997235897160421, "weighted_avg": 3.7276607533043618}}