{"brand": {"falsepos": 0.35200026632328185, "meanscore": 0.8777443339529595, "prediction_time": 4.41071956590524, "time": 13.790943766419325}, "mark": {"distinct": -51}, "reports": {"fullscore": 0.7136800641721943, "weighted_avg": 0.2608062681422988}, "train": {"exp_cost": 1948, "fullscore": 0.5767645818460643, "weighted_avg": 1.1437374049843856}}