{"brand": {"falsepos": 0.03672701643780707, "meanscore": 0.994939314677471, "prediction_time": 16.055887454201955, "time": 38.13271902225787}, "mark": {"distinct": 20}, "reports": {"fullscore": 0.9344633200525587, "weighted_avg": 1.3130344151254696}, "train": {"exp_cost": 55766, "fullscore": 0.9384811214702883, "weighted_avg": 2.2966739863522236}}