{"brand": {"falsepos": 4.4278167364852905e-05, "meanscore": 0.9999928229664561, "prediction_time": 99.79305824912846, "time": 170.24906281348504}, "mark": {"distinct": 128}, "reports": {"fullscore": 0.9963562749803513, "weighted_avg": 3.02745944228763}, "train": {"exp_cost": 5406939, "fullscore": 0.999867736153838, "weighted_avg": 3.7301049526571077}}