{"brand": {"falsepos": 1.88013593702685e-05, "meanscore": 0.9999984852489174, "prediction_time": 181.97195701538286, "time": 202.10858565399334}, "mark": {"distinct": 165}, "reports": {"fullscore": 0.998159801780359, "weighted_avg": 3.4670110169213997}, "train": {"exp_cost": 10209557, "fullscore": 0.9999676877625194, "weighted_avg": 3.9792397673863102}}