{"brand": {"falsepos": 0.03613662826997943, "meanscore": 0.9948260984790512, "prediction_time": 16.22227601245436, "time": 38.40216297719359}, "mark": {"distinct": 19}, "reports": {"fullscore": 0.9343987261975288, "weighted_avg": 1.318022398074985}, "train": {"exp_cost": 56642, "fullscore": 0.938625082656745, "weighted_avg": 2.2992469075699464}}