{"brand": {"falsepos": 0.2398419544234549, "meanscore": 0.8913108547479682, "prediction_time": 5.304298548275196, "time": 16.008950800673833}, "mark": {"distinct": -26}, "reports": {"fullscore": 0.7539116735817444, "weighted_avg": 0.33711414486500246}, "train": {"exp_cost": 4714, "fullscore": 0.6696293555583539, "weighted_avg": 1.393941371610152}}