{"brand": {"falsepos": 0.0003780095817962348, "meanscore": 0.9999749437878604, "prediction_time": 81.46073294847353, "time": 117.72835906845263}, "mark": {"distinct": 112}, "reports": {"fullscore": 0.9896316272997725, "weighted_avg": 2.6845000905168916}, "train": {"exp_cost": 1408383, "fullscore": 0.9993293429035945, "weighted_avg": 3.475609146619421}}