{"brand": {"falsepos": 1.9807270230765006e-05, "meanscore": 0.9999983993556788, "prediction_time": 177.55767123331054, "time": 202.6717619186374}, "mark": {"distinct": 162}, "reports": {"fullscore": 0.9981075937624966, "weighted_avg": 3.4629098991544334}, "train": {"exp_cost": 10285372, "fullscore": 0.9999676316183326, "weighted_avg": 3.9789592898789303}}