{"brand": {"falsepos": 4.034637859806622e-06, "meanscore": 0.999999402573081, "prediction_time": 200.71066711871964, "time": 232.38785738623568}, "mark": {"distinct": 166}, "reports": {"fullscore": 0.9991805100218879, "weighted_avg": 3.5164710008505002}, "train": {"exp_cost": 23134282, "fullscore": 0.9999904019793391, "weighted_avg": 4.139722503257063}}