{"brand": {"falsepos": 0.0007195377410068593, "meanscore": 0.9999456438477162, "prediction_time": 65.67560459154676, "time": 110.23278098794754}, "mark": {"distinct": 100}, "reports": {"fullscore": 0.986360617883814, "weighted_avg": 2.5527539923702256}, "train": {"exp_cost": 1073472, "fullscore": 0.9983039641764612, "weighted_avg": 3.2749197154862344}}