{"brand": {"falsepos": 1.7899871473936457e-07, "meanscore": 0.9999999817611455, "prediction_time": 427.34180985362593, "time": 428.98854684586865}, "mark": {"distinct": 205}, "reports": {"fullscore": 0.9999030736873574, "weighted_avg": 4.14416302544559}, "train": {"exp_cost": 101296892, "fullscore": 0.9999997311779322, "weighted_avg": 4.6626780384060895}}