{"brand": {"falsepos": 0.6378708395336131, "meanscore": 0.646996410100496, "prediction_time": 2.348529285966655, "time": 7.741898961977977}, "mark": {"distinct": -78}, "reports": {"fullscore": 0.6516572755831013, "weighted_avg": -0.5148372851966644}, "train": {"exp_cost": 362, "fullscore": 0.2741254943682858, "weighted_avg": 0.5607930637009713}}