{"brand": {"falsepos": 0.004704502245949538, "meanscore": 0.9993221405830746, "prediction_time": 32.26281711649739, "time": 59.73672993697509}, "mark": {"distinct": 62}, "reports": {"fullscore": 0.9796174800632578, "weighted_avg": 2.0467447035766777}, "train": {"exp_cost": 259569, "fullscore": 0.991544822864644, "weighted_avg": 2.9337817045470858}}