{"brand": {"falsepos": 0.3165434456243441, "meanscore": 0.8800938093534785, "prediction_time": 4.4707863588639425, "time": 14.144295151708414}, "mark": {"distinct": -42}, "reports": {"fullscore": 0.7496039175832834, "weighted_avg": 0.2907640880106207}, "train": {"exp_cost": 2185, "fullscore": 0.6059206479222503, "weighted_avg": 1.1105616130466114}}