{"brand": {"falsepos": 0.25217031705587867, "meanscore": 0.9020767707023495, "prediction_time": 4.856104547180423, "time": 16.709019312701052}, "mark": {"distinct": -30}, "reports": {"fullscore": 0.8122187252839239, "weighted_avg": 0.35229481380711014}, "train": {"exp_cost": 3634, "fullscore": 0.6749286275034171, "weighted_avg": 1.2075714439406773}}