{"brand": {"falsepos": 0.036334192393577824, "meanscore": 0.9948971934175173, "prediction_time": 16.05584320925929, "time": 38.58156825584269}, "mark": {"distinct": 18}, "reports": {"fullscore": 0.9348551956396178, "weighted_avg": 1.312605252899007}, "train": {"exp_cost": 55541, "fullscore": 0.9386278408351513, "weighted_avg": 2.291815278087704}}