{"brand": {"falsepos": 2.1237042834298947e-06, "meanscore": 0.9999997734030975, "prediction_time": 207.11143435112464, "time": 280.9651153649761}, "mark": {"distinct": 169}, "reports": {"fullscore": 0.9992878974199892, "weighted_avg": 3.6181825758217077}, "train": {"exp_cost": 23595087, "fullscore": 0.999997061543952, "weighted_avg": 4.205674313825209}}