{"brand": {"falsepos": 0.17227147144849608, "meanscore": 0.945875394890516, "prediction_time": 8.946567978782522, "time": 21.439329293461885}, "mark": {"distinct": -7}, "reports": {"fullscore": 0.8453421639165237, "weighted_avg": 0.6014155477758121}, "train": {"exp_cost": 6141, "fullscore": 0.7504492288928475, "weighted_avg": 1.5908159473166221}}