{"brand": {"falsepos": 3.759578759421345e-09, "meanscore": 0.9999999997211525, "prediction_time": 827.5409473815054, "time": 745.6662470692553}, "mark": {"distinct": 240}, "reports": {"fullscore": 0.9999784980871573, "weighted_avg": 4.847358422931781}, "train": {"exp_cost": 475547398, "fullscore": 0.9999999951136515, "weighted_avg": 5.321049323092347}}