{"brand": {"falsepos": 2.147115197637106e-06, "meanscore": 0.9999997750579483, "prediction_time": 208.78089539925477, "time": 278.1734358662343}, "mark": {"distinct": 170}, "reports": {"fullscore": 0.9992888529650495, "weighted_avg": 3.6195289973679436}, "train": {"exp_cost": 23403363, "fullscore": 0.9999970531605837, "weighted_avg": 4.20740991092018}}