{"brand": {"falsepos": 3.0173377687514602e-05, "meanscore": 0.9999975023392844, "prediction_time": 154.68794069812566, "time": 186.0779064498495}, "mark": {"distinct": 155}, "reports": {"fullscore": 0.997999559612242, "weighted_avg": 3.2747849521153394}, "train": {"exp_cost": 6511370, "fullscore": 0.9999557754127593, "weighted_avg": 3.8852224095619072}}