{"brand": {"falsepos": 1.2792441794751142e-07, "meanscore": 0.9999999941974765, "prediction_time": 424.8683741263232, "time": 417.8958902012292}, "mark": {"distinct": 207}, "reports": {"fullscore": 0.9998445251902243, "weighted_avg": 4.251159570245802}, "train": {"exp_cost": 118566544, "fullscore": 0.9999997322398596, "weighted_avg": 4.82563493360039}}