{"brand": {"falsepos": 3.610331034131775e-09, "meanscore": 0.999999999548929, "prediction_time": 796.9653217311997, "time": 737.4746768875567}, "mark": {"distinct": 239}, "reports": {"fullscore": 0.9999655299972043, "weighted_avg": 4.84894204663037}, "train": {"exp_cost": 398316513, "fullscore": 0.9999999938353498, "weighted_avg": 5.195225344578519}}