{"brand": {"falsepos": 0.014466674642677146, "meanscore": 0.9982830313658808, "prediction_time": 25.860729181946507, "time": 50.30513530566519}, "mark": {"distinct": 41}, "reports": {"fullscore": 0.9587284599707376, "weighted_avg": 1.6487518024594807}, "train": {"exp_cost": 120609, "fullscore": 0.9746063642223171, "weighted_avg": 2.4636917258091144}}