{"brand": {"falsepos": 0.3721983105212483, "meanscore": 0.8772402437705831, "prediction_time": 3.7631490771737117, "time": 14.738846121832664}, "mark": {"distinct": -54}, "reports": {"fullscore": 0.7506820376569697, "weighted_avg": 0.18004184569129447}, "train": {"exp_cost": 1782, "fullscore": 0.5565159272068458, "weighted_avg": 1.1255929349543419}}