{"brand": {"falsepos": 3.843892341648392e-06, "meanscore": 0.9999993611666292, "prediction_time": 209.2547542005544, "time": 224.74026311494842}, "mark": {"distinct": 168}, "reports": {"fullscore": 0.9991670111112048, "weighted_avg": 3.5314398630986226}, "train": {"exp_cost": 23366956, "fullscore": 0.9999903010465523, "weighted_avg": 4.151767158428876}}