{"brand": {"falsepos": 1.0821095686175397e-08, "meanscore": 0.9999999989156867, "prediction_time": 475.03756645164094, "time": 640.5532083019027}, "mark": {"distinct": 245}, "reports": {"fullscore": 0.9999757403849494, "weighted_avg": 4.5546875686815085}, "train": {"exp_cost": 320799648, "fullscore": 0.9999999784241559, "weighted_avg": 5.044780329111255}}