{"brand": {"falsepos": 2.3867926119081062e-05, "meanscore": 0.9999986649339492, "prediction_time": 152.33482857156545, "time": 203.98613274508205}, "mark": {"distinct": 159}, "reports": {"fullscore": 0.9972610528522949, "weighted_avg": 3.397449188627416}, "train": {"exp_cost": 7977544, "fullscore": 0.9999524267549083, "weighted_avg": 3.955378659588026}}