{"brand": {"falsepos": 2.0036896467678922e-05, "meanscore": 0.9999984209705524, "prediction_time": 176.88569104092963, "time": 202.9266550916523}, "mark": {"distinct": 162}, "reports": {"fullscore": 0.9981146978665187, "weighted_avg": 3.4613086948042664}, "train": {"exp_cost": 10234603, "fullscore": 0.9999677578144827, "weighted_avg": 3.9763681077467776}}