{"brand": {"falsepos": 1.0387764306507563e-06, "meanscore": 0.9999998734488628, "prediction_time": 263.92872710065404, "time": 304.0145140755892}, "mark": {"distinct": 182}, "reports": {"fullscore": 0.999501628063155, "weighted_avg": 3.740563648282043}, "train": {"exp_cost": 41348544, "fullscore": 0.9999976700781652, "weighted_avg": 4.289924134452112}}