{"brand": {"falsepos": 7.955688097194269e-07, "meanscore": 0.9999999615683796, "prediction_time": 273.6646759047095, "time": 363.9059666608699}, "mark": {"distinct": 201}, "reports": {"fullscore": 0.9997534735768293, "weighted_avg": 3.8595743574768653}, "train": {"exp_cost": 54383548, "fullscore": 0.9999990811757263, "weighted_avg": 4.498511021864301}}