{"brand": {"falsepos": 0.07157384317802462, "meanscore": 0.9852715794294626, "prediction_time": 10.12195562047849, "time": 31.371962701931672}, "mark": {"distinct": 21}, "reports": {"fullscore": 0.9155195599162859, "weighted_avg": 1.1577154203863098}, "train": {"exp_cost": 23189, "fullscore": 0.8939032853820885, "weighted_avg": 2.0505740920818702}}