{"brand": {"falsepos": 2.098662094973669e-05, "meanscore": 0.9999985236853071, "prediction_time": 175.597432165692, "time": 200.6043675672932}, "mark": {"distinct": 163}, "reports": {"fullscore": 0.9980159647237098, "weighted_avg": 3.459625340483478}, "train": {"exp_cost": 10167856, "fullscore": 0.9999665864928005, "weighted_avg": 3.995978526108791}}