{"brand": {"falsepos": 0.003593019182221324, "meanscore": 0.999637081115916, "prediction_time": 37.82761580070344, "time": 72.3477618630262}, "mark": {"distinct": 69}, "reports": {"fullscore": 0.9759769640026008, "weighted_avg": 2.022457423701135}, "train": {"exp_cost": 321035, "fullscore": 0.9915940599117827, "weighted_avg": 2.9659055571367134}}