{"brand": {"falsepos": 6.836723261960387e-07, "meanscore": 0.9999999719959513, "prediction_time": 322.2551122583944, "time": 368.1097371977544}, "mark": {"distinct": 198}, "reports": {"fullscore": 0.9997872724194847, "weighted_avg": 3.91279147116693}, "train": {"exp_cost": 53125351, "fullscore": 0.9999990900688779, "weighted_avg": 4.53008794177154}}