{"brand": {"falsepos": 0.0965344615088638, "meanscore": 0.9809780828244883, "prediction_time": 9.63990579698283, "time": 27.76166990055925}, "mark": {"distinct": -6}, "reports": {"fullscore": 0.8834170181324824, "weighted_avg": 0.9196987440527056}, "train": {"exp_cost": 19303, "fullscore": 0.8662198660472312, "weighted_avg": 1.7953941031339111}}