{"brand": {"falsepos": 7.992438451065453e-07, "meanscore": 0.9999999631662576, "prediction_time": 273.63650923743876, "time": 366.9288294308822}, "mark": {"distinct": 200}, "reports": {"fullscore": 0.9997770261746501, "weighted_avg": 3.8547884158807397}, "train": {"exp_cost": 54715495, "fullscore": 0.9999990916164904, "weighted_avg": 4.4743735819694335}}