{"brand": {"falsepos": 1.3149610333940132e-07, "meanscore": 0.99999999018356, "prediction_time": 427.3310310686891, "time": 398.85506080566984}, "mark": {"distinct": 205}, "reports": {"fullscore": 0.9998451042599957, "weighted_avg": 4.225124758610981}, "train": {"exp_cost": 98733775, "fullscore": 0.9999997315532486, "weighted_avg": 4.7072242635279515}}