{"brand": {"falsepos": 7.963591786008806e-09, "meanscore": 0.9999999989414293, "prediction_time": 607.704350469002, "time": 704.2147857922175}, "mark": {"distinct": 239}, "reports": {"fullscore": 0.9999780956707266, "weighted_avg": 4.697917892534283}, "train": {"exp_cost": 439653389, "fullscore": 0.9999999832397903, "weighted_avg": 5.127944634682827}}