{"brand": {"falsepos": 0.6107386591120616, "meanscore": 0.7470559154479649, "prediction_time": 2.118222130711213, "time": 8.583140272239012}, "mark": {"distinct": -84}, "reports": {"fullscore": 0.642625257638957, "weighted_avg": -0.1995340521824428}, "train": {"exp_cost": 785, "fullscore": 0.35076250585198354, "weighted_avg": 0.6361862126108367}}