{"brand": {"falsepos": 0.19329557077440773, "meanscore": 0.9230451364360421, "prediction_time": 7.157910745921823, "time": 18.533443842444377}, "mark": {"distinct": -14}, "reports": {"fullscore": 0.8066763759589677, "weighted_avg": 0.5147819776524394}, "train": {"exp_cost": 4892, "fullscore": 0.7505547074811617, "weighted_avg": 1.5084515230076603}}