{"brand": {"falsepos": 0.002396809989859916, "meanscore": 0.9997482491303844, "prediction_time": 46.63252867315751, "time": 74.21888720643338}, "mark": {"distinct": 83}, "reports": {"fullscore": 0.9856346506673037, "weighted_avg": 2.227320565634821}, "train": {"exp_cost": 483951, "fullscore": 0.9950721157134909, "weighted_avg": 3.028296010614515}}