{"brand": {"falsepos": 0.007733861027430122, "meanscore": 0.9989317396973224, "prediction_time": 27.697833596566518, "time": 59.036223351314355}, "mark": {"distinct": 61}, "reports": {"fullscore": 0.9608012815135282, "weighted_avg": 1.922884592179755}, "train": {"exp_cost": 271078, "fullscore": 0.9867247882019373, "weighted_avg": 2.8134876501718034}}