{"brand": {"falsepos": 0.24200545639476068, "meanscore": 0.8976735310554779, "prediction_time": 4.966856241818219, "time": 15.819715840442125}, "mark": {"distinct": -30}, "reports": {"fullscore": 0.7761697385409599, "weighted_avg": 0.333030738732078}, "train": {"exp_cost": 4316, "fullscore": 0.671041536502785, "weighted_avg": 1.2493429201152773}}