{"brand": {"falsepos": 5.526684976331353e-08, "meanscore": 0.9999999973793985, "prediction_time": 387.39884878929684, "time": 530.089594155162}, "mark": {"distinct": 227}, "reports": {"fullscore": 0.9999205188246577, "weighted_avg": 4.44846841859764}, "train": {"exp_cost": 154450090, "fullscore": 0.999999907091197, "weighted_avg": 4.833586910920197}}