{"brand": {"falsepos": 0.00010142459217044042, "meanscore": 0.9999838822315641, "prediction_time": 94.53212422997184, "time": 133.93433950662188}, "mark": {"distinct": 127}, "reports": {"fullscore": 0.9941419563952907, "weighted_avg": 2.911483366611336}, "train": {"exp_cost": 3744718, "fullscore": 0.9997237214348972, "weighted_avg": 3.731422636700395}}