{"brand": {"falsepos": 0.13653640034208414, "meanscore": 0.9679765873860322, "prediction_time": 9.338829799436267, "time": 23.97110873148373}, "mark": {"distinct": -11}, "reports": {"fullscore": 0.856533058126562, "weighted_avg": 0.8416669969591826}, "train": {"exp_cost": 11569, "fullscore": 0.8319050993860285, "weighted_avg": 1.8091659141808498}}