{"brand": {"falsepos": 3.1579334762721345e-06, "meanscore": 0.9999995528837475, "prediction_time": 217.17923982057334, "time": 277.4560959214935}, "mark": {"distinct": 166}, "reports": {"fullscore": 0.9994239881864772, "weighted_avg": 3.5625315784155607}, "train": {"exp_cost": 24496583, "fullscore": 0.9999945251760035, "weighted_avg": 4.170543831529053}}