{"brand": {"falsepos": 2.092450576518523e-05, "meanscore": 0.99999858119733, "prediction_time": 177.37611865196286, "time": 199.73278236973945}, "mark": {"distinct": 163}, "reports": {"fullscore": 0.9980774886251815, "weighted_avg": 3.4604350894390485}, "train": {"exp_cost": 10102064, "fullscore": 0.9999666359282765, "weighted_avg": 3.9935869916637468}}