{"brand": {"falsepos": 1.1434001401244842e-07, "meanscore": 0.9999999895210838, "prediction_time": 439.9127860432503, "time": 409.9838045947567}, "mark": {"distinct": 203}, "reports": {"fullscore": 0.9998555894638296, "weighted_avg": 4.239299810309484}, "train": {"exp_cost": 102238856, "fullscore": 0.9999997409935273, "weighted_avg": 4.693868564787484}}