{"brand": {"falsepos": 0.009509321016308858, "meanscore": 0.9985222118065987, "prediction_time": 23.94307241290438, "time": 51.60243393562098}, "mark": {"distinct": 61}, "reports": {"fullscore": 0.970004063730854, "weighted_avg": 1.8419021529501631}, "train": {"exp_cost": 269658, "fullscore": 0.9853237253308781, "weighted_avg": 2.7769155928624505}}