{"brand": {"falsepos": 0.07802747357412954, "meanscore": 0.9858566648637967, "prediction_time": 10.281708852928718, "time": 30.148668662025877}, "mark": {"distinct": 2}, "reports": {"fullscore": 0.8869509954043776, "weighted_avg": 1.1202513241272591}, "train": {"exp_cost": 18040, "fullscore": 0.8920097459832207, "weighted_avg": 1.8806857952466784}}