{"brand": {"falsepos": 1.683390854945177e-05, "meanscore": 0.999998551779912, "prediction_time": 196.53228378287554, "time": 205.8795751348693}, "mark": {"distinct": 169}, "reports": {"fullscore": 0.9983589779013762, "weighted_avg": 3.513277525473346}, "train": {"exp_cost": 12443245, "fullscore": 0.9999690086970536, "weighted_avg": 4.019188092012589}}