{"brand": {"falsepos": 3.3091862687517626e-05, "meanscore": 0.9999972907966626, "prediction_time": 154.99378197272614, "time": 192.41144289542967}, "mark": {"distinct": 154}, "reports": {"fullscore": 0.9981060772809608, "weighted_avg": 3.256920251576036}, "train": {"exp_cost": 6656999, "fullscore": 0.999955850030986, "weighted_avg": 3.844461531036908}}