{"brand": {"falsepos": 0.0013205329315668646, "meanscore": 0.9998618166344563, "prediction_time": 56.23505784063352, "time": 89.78472847065883}, "mark": {"distinct": 88}, "reports": {"fullscore": 0.9870214540370915, "weighted_avg": 2.4175285560460207}, "train": {"exp_cost": 597978, "fullscore": 0.9971235558160872, "weighted_avg": 3.1736125345230306}}