{"brand": {"falsepos": 0.08816354417806438, "meanscore": 0.9785142024887726, "prediction_time": 11.061684419904074, "time": 27.44066727718981}, "mark": {"distinct": -4}, "reports": {"fullscore": 0.8854358393995436, "weighted_avg": 0.983683377871917}, "train": {"exp_cost": 18925, "fullscore": 0.8633443026029802, "weighted_avg": 1.807898653215803}}