{"brand": {"falsepos": 0.0017795521812105086, "meanscore": 0.9998734847868509, "prediction_time": 46.14020155180871, "time": 91.67259112448107}, "mark": {"distinct": 86}, "reports": {"fullscore": 0.982704537162822, "weighted_avg": 2.3875820765058378}, "train": {"exp_cost": 644606, "fullscore": 0.9967846763744834, "weighted_avg": 3.104528535219414}}