{"brand": {"falsepos": 3.95681655307456e-06, "meanscore": 0.999999397476192, "prediction_time": 203.52494949036168, "time": 230.97852300811493}, "mark": {"distinct": 165}, "reports": {"fullscore": 0.999122928052972, "weighted_avg": 3.516079572447411}, "train": {"exp_cost": 23268006, "fullscore": 0.9999898289766483, "weighted_avg": 4.156590777731392}}