{"brand": {"falsepos": 7.821336865942996e-07, "meanscore": 0.9999999632197732, "prediction_time": 273.5167023698803, "time": 367.78940080868847}, "mark": {"distinct": 200}, "reports": {"fullscore": 0.9997773915794903, "weighted_avg": 3.8604694754269833}, "train": {"exp_cost": 54727189, "fullscore": 0.9999991281395666, "weighted_avg": 4.483945439007765}}