{"brand": {"falsepos": 1.8271764767874288e-08, "meanscore": 0.9999999990431921, "prediction_time": 509.96454798142344, "time": 535.1164881960021}, "mark": {"distinct": 240}, "reports": {"fullscore": 0.9999427138338578, "weighted_avg": 4.538863442806508}, "train": {"exp_cost": 248806323, "fullscore": 0.9999999720901941, "weighted_avg": 4.974858670875012}}