{"brand": {"falsepos": 0.006746390894702303, "meanscore": 0.9991916616997653, "prediction_time": 31.50859389358677, "time": 63.331725573240355}, "mark": {"distinct": 62}, "reports": {"fullscore": 0.9698665309988502, "weighted_avg": 1.9811149855047072}, "train": {"exp_cost": 259649, "fullscore": 0.9897230692972007, "weighted_avg": 2.8614704297090507}}