{"brand": {"falsepos": 8.085279558089908e-07, "meanscore": 0.999999916608694, "prediction_time": 244.44389991697022, "time": 286.97003835589345}, "mark": {"distinct": 184}, "reports": {"fullscore": 0.9993546242912015, "weighted_avg": 3.7238334422047283}, "train": {"exp_cost": 47751091, "fullscore": 0.9999985928490694, "weighted_avg": 4.2953670276161535}}