{"brand": {"falsepos": 0.0749703355819702, "meanscore": 0.9855075603335126, "prediction_time": 10.683553855017331, "time": 31.749377311909427}, "mark": {"distinct": 24}, "reports": {"fullscore": 0.9089276566731297, "weighted_avg": 1.157598139226868}, "train": {"exp_cost": 24638, "fullscore": 0.9057946197683802, "weighted_avg": 2.045790735713756}}