{"brand": {"falsepos": 1.8439378335344259e-07, "meanscore": 0.9999999834402785, "prediction_time": 422.78755165033704, "time": 431.13847056622336}, "mark": {"distinct": 204}, "reports": {"fullscore": 0.9999075550743489, "weighted_avg": 4.1400527856662235}, "train": {"exp_cost": 100223848, "fullscore": 0.9999997313045192, "weighted_avg": 4.659335031554366}}