{"brand": {"falsepos": 0.6144561394309286, "meanscore": 0.7142613615234752, "prediction_time": 2.166100387854326, "time": 8.278856103406987}, "mark": {"distinct": -83}, "reports": {"fullscore": 0.6552565851934699, "weighted_avg": -0.2957022601262934}, "train": {"exp_cost": 664, "fullscore": 0.3323891027736683, "weighted_avg": 0.5506658257401034}}