{"brand": {"falsepos": 0.04004077212911272, "meanscore": 0.9928402152172904, "prediction_time": 17.65977504596033, "time": 33.25759906762081}, "mark": {"distinct": 20}, "reports": {"fullscore": 0.9275504638282133, "weighted_avg": 1.3199990418949827}, "train": {"exp_cost": 44496, "fullscore": 0.937644283483587, "weighted_avg": 2.278320793559399}}