{"brand": {"falsepos": 1.7027827392546158e-07, "meanscore": 0.9999999805877909, "prediction_time": 434.3307309452552, "time": 426.33910695668095}, "mark": {"distinct": 205}, "reports": {"fullscore": 0.9999006009035829, "weighted_avg": 4.151274443619562}, "train": {"exp_cost": 103895812, "fullscore": 0.9999997244696326, "weighted_avg": 4.672140437593689}}