{"brand": {"falsepos": 3.4504785212607914e-05, "meanscore": 0.9999971819672792, "prediction_time": 154.0219816720247, "time": 192.10670894360322}, "mark": {"distinct": 155}, "reports": {"fullscore": 0.9980584066190952, "weighted_avg": 3.2418807835690946}, "train": {"exp_cost": 6630152, "fullscore": 0.999953156057281, "weighted_avg": 3.836212237970073}}