{"brand": {"falsepos": 0.6095779357831635, "meanscore": 0.7474797985430959, "prediction_time": 2.0862531762966707, "time": 8.732650353468133}, "mark": {"distinct": -85}, "reports": {"fullscore": 0.6423802960693986, "weighted_avg": -0.20543378050398997}, "train": {"exp_cost": 794, "fullscore": 0.35007290153019854, "weighted_avg": 0.6300404265665542}}