{"brand": {"falsepos": 0.03295419484157436, "meanscore": 0.9948090571435874, "prediction_time": 17.21053001434503, "time": 39.70798673742145}, "mark": {"distinct": 21}, "reports": {"fullscore": 0.9528936615301125, "weighted_avg": 1.3766908543851708}, "train": {"exp_cost": 65412, "fullscore": 0.9508637569266936, "weighted_avg": 2.3307749502850745}}