{"brand": {"falsepos": 0.4787244229368126, "meanscore": 0.8191826520396203, "prediction_time": 3.274556770288294, "time": 12.394780321577468}, "mark": {"distinct": -63}, "reports": {"fullscore": 0.6889993564783994, "weighted_avg": 0.011385820907031247}, "train": {"exp_cost": 1098, "fullscore": 0.48859170286617254, "weighted_avg": 0.933372392404257}}