{"brand": {"falsepos": 0.1263679819961332, "meanscore": 0.9732974307176779, "prediction_time": 8.815309768450442, "time": 22.721537441145088}, "mark": {"distinct": -13}, "reports": {"fullscore": 0.8422891433519522, "weighted_avg": 0.8357082631988471}, "train": {"exp_cost": 14728, "fullscore": 0.8545321435279958, "weighted_avg": 1.8319368661386979}}