{"brand": {"falsepos": 0.6809868074560363, "meanscore": 0.5907105966990327, "prediction_time": 1.8054356264702276, "time": 7.871218744440682}, "mark": {"distinct": -82}, "reports": {"fullscore": 0.5896154764658063, "weighted_avg": -0.607754982735071}, "train": {"exp_cost": 291, "fullscore": 0.27234872762043016, "weighted_avg": 0.51699432283981}}