{"brand": {"falsepos": 3.141356730296252e-09, "meanscore": 0.9999999996735777, "prediction_time": 767.849995098854, "time": 791.1478789142122}, "mark": {"distinct": 241}, "reports": {"fullscore": 0.9999895841147421, "weighted_avg": 4.893109648429934}, "train": {"exp_cost": 495839220, "fullscore": 0.9999999948505023, "weighted_avg": 5.335877538311466}}