{"brand": {"falsepos": 0.03534868393963542, "meanscore": 0.9949902859803973, "prediction_time": 16.63662136008816, "time": 38.8821145606847}, "mark": {"distinct": 22}, "reports": {"fullscore": 0.93800853817942, "weighted_avg": 1.3356073376859745}, "train": {"exp_cost": 57154, "fullscore": 0.9413605506802376, "weighted_avg": 2.319908475799483}}