{"brand": {"falsepos": 0.030477769045971215, "meanscore": 0.9946262343689896, "prediction_time": 20.531063635065312, "time": 36.67924301348308}, "mark": {"distinct": 22}, "reports": {"fullscore": 0.9416625538749217, "weighted_avg": 1.4540083328896107}, "train": {"exp_cost": 66267, "fullscore": 0.959414801888175, "weighted_avg": 2.3547003724607376}}