{"brand": {"falsepos": 7.409219475540407e-05, "meanscore": 0.999983953179664, "prediction_time": 92.31150450292425, "time": 157.41065271060435}, "mark": {"distinct": 129}, "reports": {"fullscore": 0.9958348047053438, "weighted_avg": 2.9465550539772924}, "train": {"exp_cost": 4707828, "fullscore": 0.9997472525121017, "weighted_avg": 3.7820540803316}}