{"brand": {"falsepos": 8.114169003370364e-08, "meanscore": 0.9999999959605953, "prediction_time": 385.1971452674923, "time": 500.22155556974457}, "mark": {"distinct": 218}, "reports": {"fullscore": 0.9998877327770965, "weighted_avg": 4.361342985226582}, "train": {"exp_cost": 142714303, "fullscore": 0.9999998456552809, "weighted_avg": 4.8671125895723275}}