{"brand": {"falsepos": 0.14482749772528203, "meanscore": 0.9708880096921594, "prediction_time": 9.540450405056175, "time": 24.81678219813708}, "mark": {"distinct": -13}, "reports": {"fullscore": 0.8681160599979196, "weighted_avg": 0.8405371133561919}, "train": {"exp_cost": 9183, "fullscore": 0.8131172003790044, "weighted_avg": 1.744216617678791}}