{"brand": {"falsepos": 2.0976457237864565e-08, "meanscore": 0.9999999991428772, "prediction_time": 526.4154041161244, "time": 529.5158603317881}, "mark": {"distinct": 241}, "reports": {"fullscore": 0.9999406114382657, "weighted_avg": 4.546338049093742}, "train": {"exp_cost": 249536332, "fullscore": 0.999999970982334, "weighted_avg": 4.9682728262689535}}