{"brand": {"falsepos": 7.831034520844327e-07, "meanscore": 0.9999999630820204, "prediction_time": 273.4845775227625, "time": 367.7550378218871}, "mark": {"distinct": 200}, "reports": {"fullscore": 0.9997768552978654, "weighted_avg": 3.860375607353682}, "train": {"exp_cost": 54700149, "fullscore": 0.9999991290619865, "weighted_avg": 4.483546765644124}}