{"brand": {"falsepos": 0.44417612641595194, "meanscore": 0.8616846558811184, "prediction_time": 3.067663723735558, "time": 11.763201903022296}, "mark": {"distinct": -63}, "reports": {"fullscore": 0.7431818482398274, "weighted_avg": 0.10933752728450372}, "train": {"exp_cost": 1722, "fullscore": 0.4895322223823227, "weighted_avg": 0.9953873943255749}}