{"brand": {"falsepos": 7.730226935231954e-07, "meanscore": 0.9999999602499121, "prediction_time": 275.176518925825, "time": 366.43989651894344}, "mark": {"distinct": 201}, "reports": {"fullscore": 0.9997679392687635, "weighted_avg": 3.8629952800360043}, "train": {"exp_cost": 54906734, "fullscore": 0.9999991316996926, "weighted_avg": 4.4841448882196815}}