{"brand": {"falsepos": 3.327254684803993e-05, "meanscore": 0.9999972602674031, "prediction_time": 154.10033984130274, "time": 191.03952975968727}, "mark": {"distinct": 156}, "reports": {"fullscore": 0.9980753243425767, "weighted_avg": 3.253463616161762}, "train": {"exp_cost": 6709240, "fullscore": 0.9999554581024375, "weighted_avg": 3.85277991242535}}