{"brand": {"falsepos": 0.6269429273033977, "meanscore": 0.6728428407016671, "prediction_time": 2.141572486051348, "time": 9.109683632407693}, "mark": {"distinct": -83}, "reports": {"fullscore": 0.6071731247049625, "weighted_avg": -0.34556951151716564}, "train": {"exp_cost": 542, "fullscore": 0.29608893061698044, "weighted_avg": 0.5247181433171403}}