{"brand": {"falsepos": 0.0022359452980234007, "meanscore": 0.9997580354678359, "prediction_time": 48.38938707797543, "time": 75.26889143608311}, "mark": {"distinct": 86}, "reports": {"fullscore": 0.986913806082195, "weighted_avg": 2.2423800912130565}, "train": {"exp_cost": 486555, "fullscore": 0.9953170364902587, "weighted_avg": 3.0308360278837294}}