{"brand": {"falsepos": 1.1438887392856145e-07, "meanscore": 0.9999999969044191, "prediction_time": 411.27580786698513, "time": 432.8083195129821}, "mark": {"distinct": 216}, "reports": {"fullscore": 0.999828004613001, "weighted_avg": 4.296049864628005}, "train": {"exp_cost": 131253745, "fullscore": 0.9999997697999107, "weighted_avg": 4.8392126604295305}}