{"brand": {"falsepos": 2.1654050699204674e-06, "meanscore": 0.9999997385306437, "prediction_time": 202.6429229064968, "time": 281.244861480267}, "mark": {"distinct": 166}, "reports": {"fullscore": 0.9992259776604967, "weighted_avg": 3.620462511814378}, "train": {"exp_cost": 24349803, "fullscore": 0.9999969874535982, "weighted_avg": 4.217602545003865}}