{"brand": {"falsepos": 0.17547934392814002, "meanscore": 0.9547827100675237, "prediction_time": 9.52917645774871, "time": 22.315200341283806}, "mark": {"distinct": -11}, "reports": {"fullscore": 0.8708806505548772, "weighted_avg": 0.6615449110897267}, "train": {"exp_cost": 6726, "fullscore": 0.7686215036292648, "weighted_avg": 1.5524371359397162}}