{"brand": {"falsepos": 0.0015867570630415662, "meanscore": 0.9998603973510053, "prediction_time": 55.012587524250776, "time": 83.16666371693321}, "mark": {"distinct": 86}, "reports": {"fullscore": 0.9886085662812937, "weighted_avg": 2.424353805390513}, "train": {"exp_cost": 632754, "fullscore": 0.9966644801016779, "weighted_avg": 3.1477712560372475}}