{"brand": {"falsepos": 0.12494867618651584, "meanscore": 0.9736095439993363, "prediction_time": 8.806048119721037, "time": 22.96324190119285}, "mark": {"distinct": -12}, "reports": {"fullscore": 0.8401822513193561, "weighted_avg": 0.8236025502414392}, "train": {"exp_cost": 14141, "fullscore": 0.8559453196935398, "weighted_avg": 1.8339173720461388}}