{"brand": {"falsepos": 5.325969976710532e-06, "meanscore": 0.9999993408128551, "prediction_time": 174.6736251418863, "time": 239.42579441185228}, "mark": {"distinct": 165}, "reports": {"fullscore": 0.9989633908152025, "weighted_avg": 3.5259182790904906}, "train": {"exp_cost": 23674560, "fullscore": 0.9999902648013467, "weighted_avg": 4.138357968306644}}