{"brand": {"falsepos": 0.2688377940750962, "meanscore": 0.9016729731338853, "prediction_time": 5.232686130511424, "time": 14.326347382837868}, "mark": {"distinct": -30}, "reports": {"fullscore": 0.7909732669416529, "weighted_avg": 0.3462839132479477}, "train": {"exp_cost": 2867, "fullscore": 0.6551727970789106, "weighted_avg": 1.1596884099119662}}