{"brand": {"falsepos": 2.487841455067752e-08, "meanscore": 0.9999999981565452, "prediction_time": 455.3323717556108, "time": 574.7053162919058}, "mark": {"distinct": 237}, "reports": {"fullscore": 0.9999645434713661, "weighted_avg": 4.561936469652924}, "train": {"exp_cost": 196711388, "fullscore": 0.9999999659987003, "weighted_avg": 4.955715507297174}}