{"brand": {"falsepos": 2.234570560810667e-06, "meanscore": 0.9999997560084636, "prediction_time": 203.14060179285732, "time": 282.5744085586682}, "mark": {"distinct": 168}, "reports": {"fullscore": 0.9992514368062728, "weighted_avg": 3.637947554923538}, "train": {"exp_cost": 23609891, "fullscore": 0.9999971485408706, "weighted_avg": 4.2032794360106704}}