{"brand": {"falsepos": 0.13646331394088007, "meanscore": 0.9679712561001939, "prediction_time": 9.342326691113232, "time": 23.981191821118617}, "mark": {"distinct": -11}, "reports": {"fullscore": 0.856570834007635, "weighted_avg": 0.8415928556255552}, "train": {"exp_cost": 11576, "fullscore": 0.8319288962951553, "weighted_avg": 1.8090543929788012}}