{"brand": {"falsepos": 0.2906425715589869, "meanscore": 0.8769694042634234, "prediction_time": 4.7339141259606, "time": 14.33298998895445}, "mark": {"distinct": -32}, "reports": {"fullscore": 0.7533126744065407, "weighted_avg": 0.29361358110553937}, "train": {"exp_cost": 2343, "fullscore": 0.6164270100531578, "weighted_avg": 1.1232531651019746}}