{"brand": {"falsepos": 1.1000151803441938e-05, "meanscore": 0.9999985624532199, "prediction_time": 194.31179119510122, "time": 209.01549082288085}, "mark": {"distinct": 166}, "reports": {"fullscore": 0.9988677518295057, "weighted_avg": 3.5231945067812047}, "train": {"exp_cost": 14882641, "fullscore": 0.9999759245041333, "weighted_avg": 4.14086308873652}}