{"brand": {"falsepos": 4.182922674900169e-09, "meanscore": 0.999999999537261, "prediction_time": 787.137340695186, "time": 731.0468151767133}, "mark": {"distinct": 238}, "reports": {"fullscore": 0.9999634259118556, "weighted_avg": 4.848084687290914}, "train": {"exp_cost": 402643673, "fullscore": 0.9999999934394259, "weighted_avg": 5.20672028319029}}