{"brand": {"falsepos": 0.011023753585648777, "meanscore": 0.9987470568998527, "prediction_time": 25.252642663238717, "time": 56.62326301454865}, "mark": {"distinct": 61}, "reports": {"fullscore": 0.9690118048377887, "weighted_avg": 1.7802933707239565}, "train": {"exp_cost": 226725, "fullscore": 0.9857885994392537, "weighted_avg": 2.756920916397855}}