{"brand": {"falsepos": 0.5013576927362114, "meanscore": 0.8234184301157834, "prediction_time": 2.5827264319201757, "time": 10.505223264522185}, "mark": {"distinct": -68}, "reports": {"fullscore": 0.7260052544250991, "weighted_avg": -0.10335314947816927}, "train": {"exp_cost": 924, "fullscore": 0.44521270469701535, "weighted_avg": 0.868957684657458}}