{"brand": {"falsepos": 0.6103545439115525, "meanscore": 0.7467826879723971, "prediction_time": 2.112844722153183, "time": 8.576848277099147}, "mark": {"distinct": -84}, "reports": {"fullscore": 0.6426673355413594, "weighted_avg": -0.20160837259455133}, "train": {"exp_cost": 789, "fullscore": 0.34961059417055496, "weighted_avg": 0.6337716550042503}}