{"brand": {"falsepos": 3.309912932358827e-05, "meanscore": 0.9999970459556576, "prediction_time": 153.8489416686565, "time": 187.51758614786561}, "mark": {"distinct": 154}, "reports": {"fullscore": 0.9979962101568594, "weighted_avg": 3.264160326463488}, "train": {"exp_cost": 6986820, "fullscore": 0.9999513117989817, "weighted_avg": 3.871220875293097}}