{"brand": {"falsepos": 0.01692208663005057, "meanscore": 0.9969554341684611, "prediction_time": 22.011449321271733, "time": 42.35311807127321}, "mark": {"distinct": 36}, "reports": {"fullscore": 0.9490256091459955, "weighted_avg": 1.644872285377936}, "train": {"exp_cost": 77596, "fullscore": 0.96437774562779, "weighted_avg": 2.432055757529841}}