{"brand": {"falsepos": 0.03543822888795689, "meanscore": 0.994697836002724, "prediction_time": 16.358696056521527, "time": 38.303571252175615}, "mark": {"distinct": 19}, "reports": {"fullscore": 0.9338799950060452, "weighted_avg": 1.3212022045106369}, "train": {"exp_cost": 57043, "fullscore": 0.9379500526856626, "weighted_avg": 2.3031756310112788}}