{"brand": {"falsepos": 5.115135947764138e-05, "meanscore": 0.9999963710639957, "prediction_time": 118.42739344765359, "time": 189.02002064356452}, "mark": {"distinct": 146}, "reports": {"fullscore": 0.9976869850066584, "weighted_avg": 3.201122729005717}, "train": {"exp_cost": 6198078, "fullscore": 0.9999100002250204, "weighted_avg": 3.9147910492266798}}