{"brand": {"falsepos": 0.12637282038484, "meanscore": 0.9733305622375272, "prediction_time": 8.792003447610586, "time": 22.752687592415597}, "mark": {"distinct": -13}, "reports": {"fullscore": 0.8425179579605636, "weighted_avg": 0.8325107563783738}, "train": {"exp_cost": 14741, "fullscore": 0.8548001287478731, "weighted_avg": 1.8283904878398416}}