{"brand": {"falsepos": 0.03589606777096033, "meanscore": 0.9950428669322678, "prediction_time": 16.33977997910106, "time": 38.51921529783327}, "mark": {"distinct": 20}, "reports": {"fullscore": 0.9356108158128904, "weighted_avg": 1.316203884885839}, "train": {"exp_cost": 55796, "fullscore": 0.9389438853633417, "weighted_avg": 2.2932204528298725}}