{"brand": {"falsepos": 0.0019653514429305297, "meanscore": 0.9997953202092272, "prediction_time": 44.09268064713871, "time": 82.92234928615363}, "mark": {"distinct": 86}, "reports": {"fullscore": 0.9832754147354429, "weighted_avg": 2.312166329316622}, "train": {"exp_cost": 586412, "fullscore": 0.9965251227617844, "weighted_avg": 3.057099887076209}}