{"brand": {"falsepos": 0.014898831918599087, "meanscore": 0.9983332540071921, "prediction_time": 23.8381363112005, "time": 54.768481075072195}, "mark": {"distinct": 66}, "reports": {"fullscore": 0.9720671469086801, "weighted_avg": 1.7621454544422794}, "train": {"exp_cost": 196359, "fullscore": 0.9839321516986352, "weighted_avg": 2.623159538417347}}