{"brand": {"falsepos": 0.10807971261699689, "meanscore": 0.9760419122424271, "prediction_time": 8.46948056499142, "time": 23.749054444942175}, "mark": {"distinct": -6}, "reports": {"fullscore": 0.8493165815995832, "weighted_avg": 0.9011564738492144}, "train": {"exp_cost": 17592, "fullscore": 0.858714201435161, "weighted_avg": 1.7829417863580486}}