{"brand": {"falsepos": 0.0009048188971065851, "meanscore": 0.9999183292940214, "prediction_time": 57.72762654824124, "time": 91.51167215689149}, "mark": {"distinct": 95}, "reports": {"fullscore": 0.98945420871602, "weighted_avg": 2.4121946405337904}, "train": {"exp_cost": 684310, "fullscore": 0.9982588134950461, "weighted_avg": 3.198799115464557}}