{"brand": {"falsepos": 3.350610095920192e-05, "meanscore": 0.999997323914039, "prediction_time": 154.50666109393327, "time": 192.19152946203315}, "mark": {"distinct": 154}, "reports": {"fullscore": 0.9980858812211494, "weighted_avg": 3.249422684858471}, "train": {"exp_cost": 6659730, "fullscore": 0.9999557597487627, "weighted_avg": 3.847060486379208}}