{"brand": {"falsepos": 0.13716978366114185, "meanscore": 0.9671671484984397, "prediction_time": 9.445752964033398, "time": 24.154878194717416}, "mark": {"distinct": -13}, "reports": {"fullscore": 0.8555060840231847, "weighted_avg": 0.8299448041861293}, "train": {"exp_cost": 11636, "fullscore": 0.8315260987869648, "weighted_avg": 1.7888258002390636}}