{"brand": {"falsepos": 0.1805605886769126, "meanscore": 0.938087760365574, "prediction_time": 7.560176871044313, "time": 18.314525610547292}, "mark": {"distinct": -10}, "reports": {"fullscore": 0.8034525236139284, "weighted_avg": 0.5707550509004584}, "train": {"exp_cost": 5187, "fullscore": 0.7514944439399012, "weighted_avg": 1.5440999493681904}}