{"brand": {"falsepos": 4.68420408328285e-05, "meanscore": 0.9999931384017162, "prediction_time": 97.15332725512553, "time": 166.78417865445127}, "mark": {"distinct": 127}, "reports": {"fullscore": 0.9958802812788001, "weighted_avg": 3.014084921147526}, "train": {"exp_cost": 5346846, "fullscore": 0.9998487922202968, "weighted_avg": 3.7584757909001887}}