{"brand": {"falsepos": 0.3850308296123215, "meanscore": 0.8822854365018898, "prediction_time": 3.873980918290652, "time": 12.700973873282544}, "mark": {"distinct": -58}, "reports": {"fullscore": 0.7486638716713563, "weighted_avg": 0.11380282945275741}, "train": {"exp_cost": 1822, "fullscore": 0.5610620516772471, "weighted_avg": 1.115460093548663}}