{"brand": {"falsepos": 0.22872867117336138, "meanscore": 0.9226449454216399, "prediction_time": 7.3685666905240925, "time": 16.48255990088411}, "mark": {"distinct": -22}, "reports": {"fullscore": 0.7972943736813566, "weighted_avg": 0.3938583708370907}, "train": {"exp_cost": 5446, "fullscore": 0.6908958620542216, "weighted_avg": 1.48934876169388}}