{"brand": {"falsepos": 0.19427236336002607, "meanscore": 0.923712601923045, "prediction_time": 6.985891640552429, "time": 18.9010757366878}, "mark": {"distinct": -14}, "reports": {"fullscore": 0.8050101324544932, "weighted_avg": 0.4985622721185546}, "train": {"exp_cost": 4949, "fullscore": 0.74956851425042, "weighted_avg": 1.511744011860034}}