{"brand": {"falsepos": 2.2467216582722216e-06, "meanscore": 0.9999997884572578, "prediction_time": 207.18067887573665, "time": 275.46948415946576}, "mark": {"distinct": 172}, "reports": {"fullscore": 0.9992921776675667, "weighted_avg": 3.622019420700977}, "train": {"exp_cost": 23250813, "fullscore": 0.9999968725280701, "weighted_avg": 4.213878853364229}}