{"brand": {"falsepos": 0.19432397990851347, "meanscore": 0.9211855039702224, "prediction_time": 7.116566358893939, "time": 18.496959884481445}, "mark": {"distinct": -15}, "reports": {"fullscore": 0.8045635904658288, "weighted_avg": 0.5163661356662017}, "train": {"exp_cost": 4986, "fullscore": 0.7502096028614827, "weighted_avg": 1.515156838824784}}