{"brand": {"falsepos": 1.851401787433815e-08, "meanscore": 0.9999999990456513, "prediction_time": 509.8840513531459, "time": 534.9039408699101}, "mark": {"distinct": 240}, "reports": {"fullscore": 0.9999430848232029, "weighted_avg": 4.538925298466637}, "train": {"exp_cost": 249483867, "fullscore": 0.9999999722743613, "weighted_avg": 4.974711977942964}}