{"brand": {"falsepos": 0.4653929889944851, "meanscore": 0.8363595599055603, "prediction_time": 3.276250662095374, "time": 11.385360845254437}, "mark": {"distinct": -63}, "reports": {"fullscore": 0.6884138380966633, "weighted_avg": 0.08173647738465958}, "train": {"exp_cost": 1374, "fullscore": 0.48792125493273625, "weighted_avg": 0.955237422222851}}