{"brand": {"falsepos": 0.002242919443720792, "meanscore": 0.9997552858916987, "prediction_time": 48.360312408117714, "time": 75.24907999801776}, "mark": {"distinct": 86}, "reports": {"fullscore": 0.9868165334964829, "weighted_avg": 2.2419135955470737}, "train": {"exp_cost": 485437, "fullscore": 0.9953328834264322, "weighted_avg": 3.0290577021122296}}