{"brand": {"falsepos": 0.23240456201258974, "meanscore": 0.89587880503092, "prediction_time": 5.65187602854702, "time": 16.3670551287209}, "mark": {"distinct": -23}, "reports": {"fullscore": 0.7636435303187485, "weighted_avg": 0.37109731334092194}, "train": {"exp_cost": 4907, "fullscore": 0.6802836358998071, "weighted_avg": 1.443249706993429}}