{"brand": {"falsepos": 0.22967329307925644, "meanscore": 0.894294795985614, "prediction_time": 5.546438302212049, "time": 16.51603557915884}, "mark": {"distinct": -24}, "reports": {"fullscore": 0.7615289656764275, "weighted_avg": 0.36302507565355185}, "train": {"exp_cost": 4773, "fullscore": 0.6771341577722322, "weighted_avg": 1.4322210106214532}}