{"brand": {"falsepos": 0.6807909841270707, "meanscore": 0.5905019965147502, "prediction_time": 1.802842019887473, "time": 7.867317224995879}, "mark": {"distinct": -82}, "reports": {"fullscore": 0.5897323798696975, "weighted_avg": -0.6088971695926004}, "train": {"exp_cost": 292, "fullscore": 0.2718538513824035, "weighted_avg": 0.5156943424009561}}