{"brand": {"falsepos": 3.2351071810321486e-07, "meanscore": 0.9999999767150959, "prediction_time": 382.77346789309655, "time": 407.2028787229219}, "mark": {"distinct": 212}, "reports": {"fullscore": 0.9998178646406625, "weighted_avg": 4.084609302701513}, "train": {"exp_cost": 61466983, "fullscore": 0.9999994130545763, "weighted_avg": 4.571711575582383}}