{"brand": {"falsepos": 0.0006444614857705755, "meanscore": 0.99995608324711, "prediction_time": 64.47413030728379, "time": 105.38244196320568}, "mark": {"distinct": 111}, "reports": {"fullscore": 0.9889236553289622, "weighted_avg": 2.68717650145627}, "train": {"exp_cost": 1442786, "fullscore": 0.9990431746398115, "weighted_avg": 3.4172681139824133}}