{"brand": {"falsepos": 5.235827389427072e-07, "meanscore": 0.9999999773449018, "prediction_time": 349.17820457370215, "time": 388.77682531780596}, "mark": {"distinct": 207}, "reports": {"fullscore": 0.9998389035415207, "weighted_avg": 4.006015361241035}, "train": {"exp_cost": 56080909, "fullscore": 0.9999991722084801, "weighted_avg": 4.484351753102884}}