{"brand": {"falsepos": 0.4175411244776248, "meanscore": 0.8476900449809739, "prediction_time": 3.5077849702805137, "time": 13.49502513185797}, "mark": {"distinct": -63}, "reports": {"fullscore": 0.7182441893056879, "weighted_avg": 0.1073532025915547}, "train": {"exp_cost": 1905, "fullscore": 0.5139643346251115, "weighted_avg": 1.0572569375157947}}