{"brand": {"falsepos": 0.06539392601488281, "meanscore": 0.9902280117885216, "prediction_time": 12.736142122483606, "time": 33.76586516244439}, "mark": {"distinct": 17}, "reports": {"fullscore": 0.9266170075876915, "weighted_avg": 1.236315351329079}, "train": {"exp_cost": 27370, "fullscore": 0.9279773005763964, "weighted_avg": 2.146122033742013}}