{"brand": {"falsepos": 2.1805891118331644e-06, "meanscore": 0.9999997619182881, "prediction_time": 202.52807349006218, "time": 283.0077720059597}, "mark": {"distinct": 168}, "reports": {"fullscore": 0.9992567478402654, "weighted_avg": 3.613503806784517}, "train": {"exp_cost": 23596841, "fullscore": 0.9999970654232593, "weighted_avg": 4.2038291822648794}}