{"brand": {"falsepos": 6.934062970920252e-06, "meanscore": 0.9999987443891647, "prediction_time": 181.347043966699, "time": 248.5027104364261}, "mark": {"distinct": 164}, "reports": {"fullscore": 0.9993241398933683, "weighted_avg": 3.5426069049041558}, "train": {"exp_cost": 21498151, "fullscore": 0.9999894595695027, "weighted_avg": 4.128230705571005}}