{"brand": {"falsepos": 7.351222741647234e-09, "meanscore": 0.9999999988330743, "prediction_time": 513.6600355680098, "time": 671.4447111779933}, "mark": {"distinct": 246}, "reports": {"fullscore": 0.9999754656227715, "weighted_avg": 4.6354453807159315}, "train": {"exp_cost": 341153809, "fullscore": 0.9999999834083668, "weighted_avg": 5.125139316931357}}