{"brand": {"falsepos": 4.7406684818063205e-05, "meanscore": 0.999993472818759, "prediction_time": 97.14571206109024, "time": 167.17420998229912}, "mark": {"distinct": 128}, "reports": {"fullscore": 0.9959740472390588, "weighted_avg": 3.011274080771191}, "train": {"exp_cost": 5288020, "fullscore": 0.9998517986830772, "weighted_avg": 3.7549504790718267}}