{"brand": {"falsepos": 0.2126437054684116, "meanscore": 0.9275222760348467, "prediction_time": 7.706239648568989, "time": 19.280148881302374}, "mark": {"distinct": -19}, "reports": {"fullscore": 0.832682972903275, "weighted_avg": 0.43792153167695885}, "train": {"exp_cost": 5215, "fullscore": 0.7232338623499961, "weighted_avg": 1.50018527709909}}