{"brand": {"falsepos": 0.2289667879760816, "meanscore": 0.8956410460932516, "prediction_time": 5.621850113439518, "time": 16.451174745475218}, "mark": {"distinct": -23}, "reports": {"fullscore": 0.7645315414217616, "weighted_avg": 0.36670196697115004}, "train": {"exp_cost": 4816, "fullscore": 0.6768906668790176, "weighted_avg": 1.437722388337857}}