{"brand": {"falsepos": 0.04772219139087008, "meanscore": 0.9918706614506008, "prediction_time": 16.048409959656514, "time": 35.933462373484645}, "mark": {"distinct": 19}, "reports": {"fullscore": 0.9454593068708652, "weighted_avg": 1.331803896185876}, "train": {"exp_cost": 34891, "fullscore": 0.9380565143141567, "weighted_avg": 2.251867997189535}}