{"brand": {"falsepos": 2.1449377450744045e-05, "meanscore": 0.9999986313591747, "prediction_time": 190.93413020413269, "time": 200.85012583919448}, "mark": {"distinct": 166}, "reports": {"fullscore": 0.9980949348321126, "weighted_avg": 3.47053613422724}, "train": {"exp_cost": 10200253, "fullscore": 0.9999657198232654, "weighted_avg": 3.9605157541910545}}