{"brand": {"falsepos": 3.928664171759522e-09, "meanscore": 0.999999999565914, "prediction_time": 788.9404534661501, "time": 734.5053327044576}, "mark": {"distinct": 240}, "reports": {"fullscore": 0.9999648612138815, "weighted_avg": 4.843765776537424}, "train": {"exp_cost": 392560337, "fullscore": 0.9999999932439786, "weighted_avg": 5.197894981232395}}