{"brand": {"falsepos": 0.0002111321564501889, "meanscore": 0.999985472286055, "prediction_time": 103.58386262150478, "time": 129.84324026915763}, "mark": {"distinct": 123}, "reports": {"fullscore": 0.9902302862169301, "weighted_avg": 2.870865009142452}, "train": {"exp_cost": 2374176, "fullscore": 0.9996789316212743, "weighted_avg": 3.592418590744781}}