{"brand": {"falsepos": 1.4737443820855844e-08, "meanscore": 0.999999998881228, "prediction_time": 486.7728067266213, "time": 613.3872099199976}, "mark": {"distinct": 243}, "reports": {"fullscore": 0.9999524857696791, "weighted_avg": 4.5273014171567025}, "train": {"exp_cost": 296805117, "fullscore": 0.999999970045378, "weighted_avg": 5.003082008327364}}