{"brand": {"falsepos": 0.6466222473507389, "meanscore": 0.6857381670947189, "prediction_time": 2.2984847839502973, "time": 8.163091896157045}, "mark": {"distinct": -83}, "reports": {"fullscore": 0.6490037650578064, "weighted_avg": -0.4257407654982156}, "train": {"exp_cost": 428, "fullscore": 0.2747911413501657, "weighted_avg": 0.5131631296806105}}