{"brand": {"falsepos": 2.054749189561722e-05, "meanscore": 0.9999985498944518, "prediction_time": 160.20497472660483, "time": 208.09799622969248}, "mark": {"distinct": 160}, "reports": {"fullscore": 0.9972934944614551, "weighted_avg": 3.401981427022647}, "train": {"exp_cost": 8612911, "fullscore": 0.9999520057718253, "weighted_avg": 3.95956670304353}}