{"brand": {"falsepos": 0.013714570320276787, "meanscore": 0.9984317567738685, "prediction_time": 24.001754694601722, "time": 55.41208945901491}, "mark": {"distinct": 65}, "reports": {"fullscore": 0.9706924736302829, "weighted_avg": 1.7613359989320412}, "train": {"exp_cost": 214931, "fullscore": 0.9857370310010383, "weighted_avg": 2.6263361009607684}}