{"brand": {"falsepos": 2.3828009618753754e-05, "meanscore": 0.9999986633409708, "prediction_time": 190.57965248920507, "time": 199.9467494272149}, "mark": {"distinct": 166}, "reports": {"fullscore": 0.9982157082082546, "weighted_avg": 3.4712504146187655}, "train": {"exp_cost": 10530541, "fullscore": 0.9999676620198439, "weighted_avg": 3.9589529202780294}}