{"brand": {"falsepos": 8.23471376976137e-07, "meanscore": 0.9999999186648663, "prediction_time": 243.4896058175283, "time": 285.7318889866802}, "mark": {"distinct": 184}, "reports": {"fullscore": 0.9993336773702758, "weighted_avg": 3.721435062395586}, "train": {"exp_cost": 47486593, "fullscore": 0.999998541357931, "weighted_avg": 4.304968054719907}}