{"brand": {"falsepos": 0.13675742803175595, "meanscore": 0.9676809569765714, "prediction_time": 9.32625768328113, "time": 23.941299820521483}, "mark": {"distinct": -12}, "reports": {"fullscore": 0.8558462060942845, "weighted_avg": 0.8426120459311117}, "train": {"exp_cost": 11640, "fullscore": 0.831812521905603, "weighted_avg": 1.810990528854148}}