{"brand": {"falsepos": 0.053435747066013506, "meanscore": 0.9926397183602377, "prediction_time": 13.61898999883052, "time": 35.77289017559478}, "mark": {"distinct": 15}, "reports": {"fullscore": 0.93603937564344, "weighted_avg": 1.323088059702628}, "train": {"exp_cost": 30646, "fullscore": 0.9296686033953655, "weighted_avg": 2.2051933540585327}}