{"brand": {"falsepos": 0.0001611889399498745, "meanscore": 0.999984543376587, "prediction_time": 96.07742864871072, "time": 131.6298653890416}, "mark": {"distinct": 133}, "reports": {"fullscore": 0.9939609091503548, "weighted_avg": 2.8994036160975867}, "train": {"exp_cost": 3206770, "fullscore": 0.9997190517498126, "weighted_avg": 3.597577872172409}}