{"brand": {"falsepos": 0.002250747065731251, "meanscore": 0.9997646889336864, "prediction_time": 48.888039802702316, "time": 74.88434131224841}, "mark": {"distinct": 87}, "reports": {"fullscore": 0.987179826457553, "weighted_avg": 2.244185623828542}, "train": {"exp_cost": 484925, "fullscore": 0.9953431488565083, "weighted_avg": 3.029465883066364}}