{"brand": {"falsepos": 0.00020919887854098373, "meanscore": 0.9999863890590235, "prediction_time": 102.5784141530101, "time": 130.74671999699777}, "mark": {"distinct": 125}, "reports": {"fullscore": 0.9900839647123743, "weighted_avg": 2.8500231730708796}, "train": {"exp_cost": 2353058, "fullscore": 0.9996744603204781, "weighted_avg": 3.5955848328831266}}