{"brand": {"falsepos": 0.23633001165275236, "meanscore": 0.8969807163128699, "prediction_time": 5.4180825751096835, "time": 16.015174262472584}, "mark": {"distinct": -23}, "reports": {"fullscore": 0.7634007521017262, "weighted_avg": 0.333800472158858}, "train": {"exp_cost": 4515, "fullscore": 0.6685688572663613, "weighted_avg": 1.3810550475779457}}