{"brand": {"falsepos": 0.00033130078653553774, "meanscore": 0.9999685698715255, "prediction_time": 81.54716858852936, "time": 121.0211018688349}, "mark": {"distinct": 116}, "reports": {"fullscore": 0.9929118777888424, "weighted_avg": 2.719523923235589}, "train": {"exp_cost": 1534142, "fullscore": 0.9994721339756996, "weighted_avg": 3.5016633353719615}}