{"brand": {"falsepos": 1.0534016547936176e-08, "meanscore": 0.9999999989001968, "prediction_time": 473.0683334822396, "time": 640.179192600774}, "mark": {"distinct": 245}, "reports": {"fullscore": 0.9999740953242692, "weighted_avg": 4.5562061787356125}, "train": {"exp_cost": 313815891, "fullscore": 0.9999999768545371, "weighted_avg": 5.0478156068845985}}