{"brand": {"falsepos": 0.00020848976560305932, "meanscore": 0.9999866047183696, "prediction_time": 102.64516254365822, "time": 130.75587753411725}, "mark": {"distinct": 125}, "reports": {"fullscore": 0.9901645316419222, "weighted_avg": 2.8508678735015094}, "train": {"exp_cost": 2358218, "fullscore": 0.9996723977754347, "weighted_avg": 3.597574017363311}}