{"brand": {"falsepos": 5.36153473840173e-08, "meanscore": 0.9999999973887964, "prediction_time": 384.14755919185785, "time": 525.7462747378316}, "mark": {"distinct": 228}, "reports": {"fullscore": 0.9999187111648642, "weighted_avg": 4.4397729575840845}, "train": {"exp_cost": 151559655, "fullscore": 0.9999998973287207, "weighted_avg": 4.833330880355285}}