{"brand": {"falsepos": 5.297774434231961e-05, "meanscore": 0.9999888155906904, "prediction_time": 92.64256797832982, "time": 160.71253966150215}, "mark": {"distinct": 125}, "reports": {"fullscore": 0.9952808796864636, "weighted_avg": 2.963018755539921}, "train": {"exp_cost": 5095342, "fullscore": 0.9997898282439825, "weighted_avg": 3.786217789389946}}