{"brand": {"falsepos": 3.839176358266805e-06, "meanscore": 0.9999993636609191, "prediction_time": 204.1464126516578, "time": 230.85422920625192}, "mark": {"distinct": 167}, "reports": {"fullscore": 0.9991602651038902, "weighted_avg": 3.5245467193176174}, "train": {"exp_cost": 23663837, "fullscore": 0.9999901787737828, "weighted_avg": 4.150346517379627}}