{"brand": {"falsepos": 0.4917203887995365, "meanscore": 0.8328723756040373, "prediction_time": 2.7574055504218182, "time": 10.85381674174469}, "mark": {"distinct": -65}, "reports": {"fullscore": 0.7263445435248264, "weighted_avg": -0.06801121024638504}, "train": {"exp_cost": 962, "fullscore": 0.45944287372749615, "weighted_avg": 0.922996002690271}}