{"brand": {"falsepos": 0.013607788030816081, "meanscore": 0.9984476984679244, "prediction_time": 25.432387107006235, "time": 52.555277354268206}, "mark": {"distinct": 51}, "reports": {"fullscore": 0.9578937428829211, "weighted_avg": 1.7200578574464893}, "train": {"exp_cost": 143968, "fullscore": 0.9762233179742318, "weighted_avg": 2.5336744815156416}}