{"brand": {"falsepos": 2.1181048029950134e-06, "meanscore": 0.9999997588587269, "prediction_time": 204.23539461702276, "time": 282.2244509751659}, "mark": {"distinct": 168}, "reports": {"fullscore": 0.9992566002149106, "weighted_avg": 3.61784202633291}, "train": {"exp_cost": 23884101, "fullscore": 0.9999970129866356, "weighted_avg": 4.210817230332378}}