{"brand": {"falsepos": 0.23316236934240242, "meanscore": 0.895101264864898, "prediction_time": 5.581376063755586, "time": 16.42763548928161}, "mark": {"distinct": -24}, "reports": {"fullscore": 0.7614614578629296, "weighted_avg": 0.36838062895951357}, "train": {"exp_cost": 4871, "fullscore": 0.6803220394836195, "weighted_avg": 1.4400465233050412}}