{"brand": {"falsepos": 5.1354135698344905e-05, "meanscore": 0.9999963882514216, "prediction_time": 118.71828232511767, "time": 189.1848903483303}, "mark": {"distinct": 146}, "reports": {"fullscore": 0.9976832137544615, "weighted_avg": 3.2031201643217058}, "train": {"exp_cost": 6151454, "fullscore": 0.9999110193400825, "weighted_avg": 3.917030281435508}}