{"brand": {"falsepos": 0.00010558043833319708, "meanscore": 0.9999847842822155, "prediction_time": 93.52964059868722, "time": 132.36173631855752}, "mark": {"distinct": 127}, "reports": {"fullscore": 0.9939132813331435, "weighted_avg": 2.9029086971690923}, "train": {"exp_cost": 3700047, "fullscore": 0.9997093794118622, "weighted_avg": 3.736009160731721}}