{"brand": {"falsepos": 0.0029562151367972245, "meanscore": 0.9995734946559041, "prediction_time": 40.91409558869277, "time": 65.591544842219}, "mark": {"distinct": 72}, "reports": {"fullscore": 0.9827711302828719, "weighted_avg": 2.060524129260476}, "train": {"exp_cost": 406659, "fullscore": 0.993226576009105, "weighted_avg": 2.9824248624425445}}