{"brand": {"falsepos": 1.7118080819500392e-07, "meanscore": 0.9999999764302823, "prediction_time": 426.4065474564049, "time": 426.3644449251732}, "mark": {"distinct": 206}, "reports": {"fullscore": 0.9998685569880912, "weighted_avg": 4.141744544224908}, "train": {"exp_cost": 83993786, "fullscore": 0.9999997200664421, "weighted_avg": 4.638118455782204}}