{"brand": {"falsepos": 0.583616486403131, "meanscore": 0.7682226315486886, "prediction_time": 2.0574572659280443, "time": 9.073001228425984}, "mark": {"distinct": -82}, "reports": {"fullscore": 0.6710869748640829, "weighted_avg": -0.1337367430438799}, "train": {"exp_cost": 920, "fullscore": 0.3827621107450427, "weighted_avg": 0.7339770111188921}}