{"brand": {"falsepos": 1.1107482267291857e-08, "meanscore": 0.9999999989360997, "prediction_time": 473.64374751121755, "time": 636.9129526519971}, "mark": {"distinct": 245}, "reports": {"fullscore": 0.9999738320265474, "weighted_avg": 4.552914127925078}, "train": {"exp_cost": 317678956, "fullscore": 0.9999999774369811, "weighted_avg": 5.055488425933823}}