{"brand": {"falsepos": 0.0007839134024104633, "meanscore": 0.9999493850549929, "prediction_time": 67.49211465752745, "time": 115.26097121977122}, "mark": {"distinct": 111}, "reports": {"fullscore": 0.9850565239047129, "weighted_avg": 2.6266156131311473}, "train": {"exp_cost": 1258461, "fullscore": 0.9986971335900487, "weighted_avg": 3.3715485767180353}}