{"brand": {"falsepos": 0.0023974630281904385, "meanscore": 0.9996774053784878, "prediction_time": 43.5386251724389, "time": 70.29916013448687}, "mark": {"distinct": 74}, "reports": {"fullscore": 0.9858131899620066, "weighted_avg": 2.1346853984912637}, "train": {"exp_cost": 431231, "fullscore": 0.9937700420227831, "weighted_avg": 2.9325340360034144}}