{"brand": {"falsepos": 0.0028495836413579, "meanscore": 0.9995304474340593, "prediction_time": 39.753613925498136, "time": 66.76680126922024}, "mark": {"distinct": 71}, "reports": {"fullscore": 0.9817441203235164, "weighted_avg": 2.050184441938333}, "train": {"exp_cost": 402077, "fullscore": 0.9930585890091959, "weighted_avg": 2.975117163275183}}