{"brand": {"falsepos": 0.0004225709384666487, "meanscore": 0.9999666924880516, "prediction_time": 87.02337735260517, "time": 127.86846802549447}, "mark": {"distinct": 110}, "reports": {"fullscore": 0.9880698829825084, "weighted_avg": 2.6924651934165373}, "train": {"exp_cost": 1443305, "fullscore": 0.9993404485041705, "weighted_avg": 3.46401249524118}}