{"brand": {"falsepos": 0.4186932431379089, "meanscore": 0.8516082699885115, "prediction_time": 3.4596063307421074, "time": 13.55443820958517}, "mark": {"distinct": -63}, "reports": {"fullscore": 0.7232741566891174, "weighted_avg": 0.09708794443715354}, "train": {"exp_cost": 1968, "fullscore": 0.5216390472337255, "weighted_avg": 1.0435019390183027}}