{"brand": {"falsepos": 0.041632206258400584, "meanscore": 0.9922690934809142, "prediction_time": 17.55045856424198, "time": 33.51314104185355}, "mark": {"distinct": 21}, "reports": {"fullscore": 0.9299981011271872, "weighted_avg": 1.312910466205559}, "train": {"exp_cost": 43652, "fullscore": 0.9372757294598573, "weighted_avg": 2.2841174791355088}}