{"brand": {"falsepos": 0.00011108454334096685, "meanscore": 0.9999866243014801, "prediction_time": 93.2853578275344, "time": 133.14614962393765}, "mark": {"distinct": 129}, "reports": {"fullscore": 0.9941926993949419, "weighted_avg": 2.898099765050341}, "train": {"exp_cost": 3637929, "fullscore": 0.9997217290964875, "weighted_avg": 3.7283377985459545}}