{"brand": {"falsepos": 0.01580335211636552, "meanscore": 0.997979866659803, "prediction_time": 26.38330524040853, "time": 47.64839503045692}, "mark": {"distinct": 40}, "reports": {"fullscore": 0.9427889086545033, "weighted_avg": 1.633152215393843}, "train": {"exp_cost": 95114, "fullscore": 0.9717852377331537, "weighted_avg": 2.4535526937236045}}