{"brand": {"falsepos": 0.00020324822983375235, "meanscore": 0.9999859455573425, "prediction_time": 101.05806640899273, "time": 126.11770725158951}, "mark": {"distinct": 125}, "reports": {"fullscore": 0.9902012215435925, "weighted_avg": 2.8524825136962964}, "train": {"exp_cost": 2270597, "fullscore": 0.9996829380920981, "weighted_avg": 3.6085895741795033}}