{"brand": {"falsepos": 2.129245271875746e-06, "meanscore": 0.9999997544942081, "prediction_time": 204.09114560577086, "time": 282.15340276863276}, "mark": {"distinct": 168}, "reports": {"fullscore": 0.9992481478718651, "weighted_avg": 3.6172972476035516}, "train": {"exp_cost": 23821169, "fullscore": 0.9999970324879683, "weighted_avg": 4.208796836085412}}