{"brand": {"falsepos": 8.38149229007712e-05, "meanscore": 0.9999799263685917, "prediction_time": 87.20683136965015, "time": 135.40941521688774}, "mark": {"distinct": 129}, "reports": {"fullscore": 0.9963736036975757, "weighted_avg": 2.951284384240906}, "train": {"exp_cost": 4460497, "fullscore": 0.9997097739281231, "weighted_avg": 3.765695668582622}}