{"brand": {"falsepos": 0.2907351219776535, "meanscore": 0.8769567723643448, "prediction_time": 4.733577207769514, "time": 14.330168976034756}, "mark": {"distinct": -32}, "reports": {"fullscore": 0.7531752634247347, "weighted_avg": 0.29387649708617447}, "train": {"exp_cost": 2342, "fullscore": 0.6163260232478773, "weighted_avg": 1.123107507932267}}