{"brand": {"falsepos": 3.3776862739642866e-05, "meanscore": 0.999997440987747, "prediction_time": 144.04891664670183, "time": 177.8040137541694}, "mark": {"distinct": 147}, "reports": {"fullscore": 0.9982627547384504, "weighted_avg": 3.198494204048546}, "train": {"exp_cost": 5731829, "fullscore": 0.9999570455771608, "weighted_avg": 3.9338584652509208}}