{"brand": {"falsepos": 3.5154185853314424e-05, "meanscore": 0.999997116622715, "prediction_time": 153.81651033967782, "time": 189.30167392968505}, "mark": {"distinct": 153}, "reports": {"fullscore": 0.9980130632563083, "weighted_avg": 3.255384319539115}, "train": {"exp_cost": 6580126, "fullscore": 0.9999529804010223, "weighted_avg": 3.8457150317499593}}