{"brand": {"falsepos": 2.6597617512891247e-06, "meanscore": 0.9999997482762017, "prediction_time": 203.8265184534967, "time": 273.25902877459197}, "mark": {"distinct": 167}, "reports": {"fullscore": 0.9992393871337307, "weighted_avg": 3.6397590867523837}, "train": {"exp_cost": 24889109, "fullscore": 0.9999968004655019, "weighted_avg": 4.202870789051198}}