{"brand": {"falsepos": 0.6776735645476477, "meanscore": 0.561276694251274, "prediction_time": 1.7725711153891712, "time": 7.551289641085281}, "mark": {"distinct": -81}, "reports": {"fullscore": 0.5507111590250123, "weighted_avg": -0.6719426535246915}, "train": {"exp_cost": 257, "fullscore": 0.2730084152819267, "weighted_avg": 0.4643591936824317}}