{"brand": {"falsepos": 8.244487497144348e-07, "meanscore": 0.9999999591733448, "prediction_time": 271.403326842639, "time": 364.6436888446528}, "mark": {"distinct": 198}, "reports": {"fullscore": 0.9997650010527099, "weighted_avg": 3.858949559355203}, "train": {"exp_cost": 56122786, "fullscore": 0.9999990816093856, "weighted_avg": 4.483331155851425}}