{"brand": {"falsepos": 0.023090360977706892, "meanscore": 0.9965175962706647, "prediction_time": 19.642884862288483, "time": 43.777841587667396}, "mark": {"distinct": 27}, "reports": {"fullscore": 0.9575226122072326, "weighted_avg": 1.5616126949140032}, "train": {"exp_cost": 61242, "fullscore": 0.9599839939050254, "weighted_avg": 2.444417141138604}}