{"brand": {"falsepos": 2.5209556918204257e-05, "meanscore": 0.999997293802291, "prediction_time": 143.37864110520206, "time": 218.94798669207188}, "mark": {"distinct": 156}, "reports": {"fullscore": 0.998134246212552, "weighted_avg": 3.3206883962839764}, "train": {"exp_cost": 7297493, "fullscore": 0.9999503000392095, "weighted_avg": 3.911458654961953}}