{"brand": {"falsepos": 4.754808228957241e-05, "meanscore": 0.9999953849483181, "prediction_time": 108.33812025248785, "time": 179.15650944698288}, "mark": {"distinct": 135}, "reports": {"fullscore": 0.9974255659614721, "weighted_avg": 3.1100903310124823}, "train": {"exp_cost": 5676615, "fullscore": 0.999901245162085, "weighted_avg": 3.846017773868434}}