{"brand": {"falsepos": 5.488944743170521e-09, "meanscore": 0.9999999995313216, "prediction_time": 712.4887825957636, "time": 644.2132719546242}, "mark": {"distinct": 239}, "reports": {"fullscore": 0.9999671018258973, "weighted_avg": 4.769072177459146}, "train": {"exp_cost": 422013417, "fullscore": 0.9999999907135018, "weighted_avg": 5.174577357483271}}