{"brand": {"falsepos": 1.2650439296102434e-07, "meanscore": 0.9999999897705512, "prediction_time": 430.5499436902813, "time": 400.54123872514435}, "mark": {"distinct": 204}, "reports": {"fullscore": 0.9998495713596719, "weighted_avg": 4.243513302695244}, "train": {"exp_cost": 98679564, "fullscore": 0.999999733994779, "weighted_avg": 4.699785590845986}}