{"brand": {"falsepos": 0.002294263753507053, "meanscore": 0.9997666319360512, "prediction_time": 47.74983326774953, "time": 75.65933475771406}, "mark": {"distinct": 86}, "reports": {"fullscore": 0.9870985666372663, "weighted_avg": 2.2361465255130613}, "train": {"exp_cost": 477732, "fullscore": 0.9953712011617334, "weighted_avg": 3.0226193046385754}}