{"brand": {"falsepos": 3.4408968350163605e-05, "meanscore": 0.9999970289412657, "prediction_time": 156.26736778476808, "time": 190.10504509334217}, "mark": {"distinct": 154}, "reports": {"fullscore": 0.9980278816503969, "weighted_avg": 3.2495637529099186}, "train": {"exp_cost": 6774751, "fullscore": 0.9999526544499152, "weighted_avg": 3.8439899161493405}}