{"brand": {"falsepos": 0.00020146523111197467, "meanscore": 0.9999850470426556, "prediction_time": 99.64399229455937, "time": 129.72973592455784}, "mark": {"distinct": 132}, "reports": {"fullscore": 0.9917995697518396, "weighted_avg": 2.891435968062556}, "train": {"exp_cost": 2716074, "fullscore": 0.9997230492411773, "weighted_avg": 3.5664091773705655}}