{"brand": {"falsepos": 0.001066317026553687, "meanscore": 0.9999176121901873, "prediction_time": 52.19729948551341, "time": 100.58626119527568}, "mark": {"distinct": 91}, "reports": {"fullscore": 0.984230185010948, "weighted_avg": 2.3994810937411732}, "train": {"exp_cost": 602112, "fullscore": 0.9979124789811085, "weighted_avg": 3.185126476599567}}