{"brand": {"falsepos": 1.9890390499099908e-05, "meanscore": 0.9999984175293134, "prediction_time": 176.70257538802045, "time": 202.85933928617368}, "mark": {"distinct": 162}, "reports": {"fullscore": 0.9981128071372539, "weighted_avg": 3.462860425161292}, "train": {"exp_cost": 10255685, "fullscore": 0.9999678918845569, "weighted_avg": 3.976687435108793}}