{"brand": {"falsepos": 0.007738389121142886, "meanscore": 0.9989315631160383, "prediction_time": 27.695506330899875, "time": 59.02693844235876}, "mark": {"distinct": 61}, "reports": {"fullscore": 0.9607711254046315, "weighted_avg": 1.9230879755598302}, "train": {"exp_cost": 270944, "fullscore": 0.9867183847603476, "weighted_avg": 2.8133500003176843}}