{"brand": {"falsepos": 0.0008141143224489333, "meanscore": 0.9999097690687937, "prediction_time": 67.64147491234642, "time": 97.23600787630043}, "mark": {"distinct": 98}, "reports": {"fullscore": 0.9899575447457928, "weighted_avg": 2.471314847831103}, "train": {"exp_cost": 855466, "fullscore": 0.99820268025759, "weighted_avg": 3.22909571203059}}