{"brand": {"falsepos": 0.5833602347423014, "meanscore": 0.7696658282915835, "prediction_time": 2.0670482241208448, "time": 9.049790884410978}, "mark": {"distinct": -81}, "reports": {"fullscore": 0.6728439876309512, "weighted_avg": -0.13274422628589982}, "train": {"exp_cost": 916, "fullscore": 0.38226542900373384, "weighted_avg": 0.7327672697758321}}