{"brand": {"falsepos": 0.026859446570989487, "meanscore": 0.9963246136794749, "prediction_time": 21.226997252048246, "time": 42.157887066380006}, "mark": {"distinct": 24}, "reports": {"fullscore": 0.9405358693306209, "weighted_avg": 1.5278915494870533}, "train": {"exp_cost": 62688, "fullscore": 0.9607333338813513, "weighted_avg": 2.396552295737806}}