{"brand": {"falsepos": 0.0002685540982392265, "meanscore": 0.9999779239043751, "prediction_time": 96.85607913971964, "time": 139.77781925616182}, "mark": {"distinct": 119}, "reports": {"fullscore": 0.9906767866292381, "weighted_avg": 2.79408028004196}, "train": {"exp_cost": 1871926, "fullscore": 0.9996326309008607, "weighted_avg": 3.545049860520988}}