{"brand": {"falsepos": 3.677529722934114e-05, "meanscore": 0.9999974617906822, "prediction_time": 155.23159736723875, "time": 190.92522212631806}, "mark": {"distinct": 155}, "reports": {"fullscore": 0.9981424855338261, "weighted_avg": 3.245213844641294}, "train": {"exp_cost": 6743726, "fullscore": 0.9999551771589578, "weighted_avg": 3.838679103912262}}