{"brand": {"falsepos": 2.1848220519204986e-05, "meanscore": 0.9999986495622156, "prediction_time": 156.60776536069025, "time": 209.90062494482066}, "mark": {"distinct": 159}, "reports": {"fullscore": 0.9973573119928469, "weighted_avg": 3.3912731415766646}, "train": {"exp_cost": 8339626, "fullscore": 0.9999534541883102, "weighted_avg": 3.9448724903835766}}