{"brand": {"falsepos": 0.009562800216958323, "meanscore": 0.9985268205432374, "prediction_time": 24.03343747036231, "time": 51.56240202292349}, "mark": {"distinct": 61}, "reports": {"fullscore": 0.9700942403114446, "weighted_avg": 1.8435571890272364}, "train": {"exp_cost": 270718, "fullscore": 0.9853972355630838, "weighted_avg": 2.778134786287752}}