{"brand": {"falsepos": 0.4190372703930678, "meanscore": 0.8478903895540884, "prediction_time": 3.506620667857862, "time": 13.4845349412466}, "mark": {"distinct": -63}, "reports": {"fullscore": 0.7195643633804665, "weighted_avg": 0.1074785732792796}, "train": {"exp_cost": 1915, "fullscore": 0.5149445630942191, "weighted_avg": 1.0570048877738034}}