{"brand": {"falsepos": 3.8532362691690025e-06, "meanscore": 0.9999993626476883, "prediction_time": 209.22655223751232, "time": 224.58960391031897}, "mark": {"distinct": 168}, "reports": {"fullscore": 0.9991667958830985, "weighted_avg": 3.5313829463716493}, "train": {"exp_cost": 23340044, "fullscore": 0.999990281573157, "weighted_avg": 4.152017369127564}}