{"brand": {"falsepos": 0.020497466654985863, "meanscore": 0.9961229040863474, "prediction_time": 21.493217276069235, "time": 40.126454731611204}, "mark": {"distinct": 31}, "reports": {"fullscore": 0.9524325816801066, "weighted_avg": 1.5528307182729015}, "train": {"exp_cost": 66832, "fullscore": 0.9648933931897423, "weighted_avg": 2.4807525881015686}}