{"brand": {"falsepos": 4.6707384440125566e-05, "meanscore": 0.9999931434337432, "prediction_time": 97.17713322347981, "time": 166.86960916917997}, "mark": {"distinct": 127}, "reports": {"fullscore": 0.9958942459333014, "weighted_avg": 3.0134157062601106}, "train": {"exp_cost": 5355352, "fullscore": 0.9998491629558003, "weighted_avg": 3.7589015945724342}}