{"brand": {"falsepos": 1.88226250397161e-06, "meanscore": 0.9999998380666613, "prediction_time": 209.65005060820525, "time": 262.0743087220506}, "mark": {"distinct": 175}, "reports": {"fullscore": 0.9992368947396384, "weighted_avg": 3.700267722616612}, "train": {"exp_cost": 26361833, "fullscore": 0.9999975106875552, "weighted_avg": 4.255398947106668}}