{"brand": {"falsepos": 0.5478975472307099, "meanscore": 0.7732417329088405, "prediction_time": 2.6162591240595843, "time": 10.956395258337924}, "mark": {"distinct": -75}, "reports": {"fullscore": 0.656056515461628, "weighted_avg": -0.15123428691912377}, "train": {"exp_cost": 968, "fullscore": 0.39417426233022435, "weighted_avg": 0.8181421387605619}}