{"brand": {"falsepos": 6.92497581500362e-09, "meanscore": 0.9999999987545292, "prediction_time": 563.1817753159786, "time": 692.770694255047}, "mark": {"distinct": 242}, "reports": {"fullscore": 0.9999712628060945, "weighted_avg": 4.683654445363775}, "train": {"exp_cost": 378445696, "fullscore": 0.999999983490082, "weighted_avg": 5.0776909479163965}}