{"brand": {"falsepos": 0.08318532613592, "meanscore": 0.9810192967571084, "prediction_time": 10.484266082673406, "time": 25.883362087953234}, "mark": {"distinct": -1}, "reports": {"fullscore": 0.8617998872866913, "weighted_avg": 1.0648577309001481}, "train": {"exp_cost": 17889, "fullscore": 0.8719119634781272, "weighted_avg": 1.8360141542037276}}