{"brand": {"falsepos": 0.0042423661628091525, "meanscore": 0.9994649612074685, "prediction_time": 31.959261640174432, "time": 66.39692683541357}, "mark": {"distinct": 65}, "reports": {"fullscore": 0.9725512132625944, "weighted_avg": 2.0284055351147403}, "train": {"exp_cost": 271580, "fullscore": 0.9915457397940146, "weighted_avg": 2.955547053896531}}