{"brand": {"falsepos": 0.00921998020780379, "meanscore": 0.998530470285831, "prediction_time": 24.127712428100665, "time": 52.441722514712566}, "mark": {"distinct": 61}, "reports": {"fullscore": 0.9696601060074073, "weighted_avg": 1.8414850554780855}, "train": {"exp_cost": 257289, "fullscore": 0.9857139322489189, "weighted_avg": 2.775090175319226}}