{"brand": {"falsepos": 9.135547647032283e-06, "meanscore": 0.9999984167078051, "prediction_time": 187.98016082046945, "time": 245.80730643088248}, "mark": {"distinct": 169}, "reports": {"fullscore": 0.999187901414006, "weighted_avg": 3.543737461164665}, "train": {"exp_cost": 18379636, "fullscore": 0.9999844514954904, "weighted_avg": 4.148607753928862}}