{"brand": {"falsepos": 0.0006434481437861406, "meanscore": 0.9999552713874671, "prediction_time": 64.18519951619369, "time": 105.52432636512233}, "mark": {"distinct": 111}, "reports": {"fullscore": 0.9887881140446863, "weighted_avg": 2.6864079954712246}, "train": {"exp_cost": 1442805, "fullscore": 0.9990424102991262, "weighted_avg": 3.4171061168893884}}