{"brand": {"falsepos": 3.398931155862428e-05, "meanscore": 0.9999973654192476, "prediction_time": 153.91670845262445, "time": 189.4995470667095}, "mark": {"distinct": 157}, "reports": {"fullscore": 0.9980746248435988, "weighted_avg": 3.2550954456687777}, "train": {"exp_cost": 6701984, "fullscore": 0.9999555241201772, "weighted_avg": 3.8562753050368808}}