{"brand": {"falsepos": 4.3989928627752306e-05, "meanscore": 0.9999979268852599, "prediction_time": 140.9793249458372, "time": 177.46728266012255}, "mark": {"distinct": 146}, "reports": {"fullscore": 0.9970412938420198, "weighted_avg": 3.182443290564434}, "train": {"exp_cost": 5944489, "fullscore": 0.9999401367110585, "weighted_avg": 3.925185929576161}}