{"brand": {"falsepos": 2.037428514611861e-05, "meanscore": 0.9999984508312025, "prediction_time": 177.43263480466138, "time": 202.21882370149683}, "mark": {"distinct": 163}, "reports": {"fullscore": 0.9981180054831323, "weighted_avg": 3.4656775787434766}, "train": {"exp_cost": 10273502, "fullscore": 0.999968487163764, "weighted_avg": 3.9791585972501786}}