{"brand": {"falsepos": 2.2496726788112653e-06, "meanscore": 0.9999997883868692, "prediction_time": 207.15997602272793, "time": 275.4138438353556}, "mark": {"distinct": 172}, "reports": {"fullscore": 0.9992910632808703, "weighted_avg": 3.6222825996968}, "train": {"exp_cost": 23236180, "fullscore": 0.9999968688621426, "weighted_avg": 4.213708325548025}}