{"brand": {"falsepos": 2.1151160959576032e-05, "meanscore": 0.9999984716925959, "prediction_time": 177.34733188104116, "time": 202.2487497652009}, "mark": {"distinct": 162}, "reports": {"fullscore": 0.9981255331228276, "weighted_avg": 3.4641020494855015}, "train": {"exp_cost": 10404119, "fullscore": 0.9999690613355179, "weighted_avg": 3.981503730198524}}