{"brand": {"falsepos": 0.5819137465959107, "meanscore": 0.773009640311586, "prediction_time": 2.0772081426685998, "time": 9.082398855654514}, "mark": {"distinct": -80}, "reports": {"fullscore": 0.6758217756192397, "weighted_avg": -0.13518245234784337}, "train": {"exp_cost": 902, "fullscore": 0.38276787188356387, "weighted_avg": 0.7274283035428888}}