{"brand": {"falsepos": 3.226648470633364e-08, "meanscore": 0.9999999977226738, "prediction_time": 403.5528241310409, "time": 559.9136504784271}, "mark": {"distinct": 233}, "reports": {"fullscore": 0.9999475484944771, "weighted_avg": 4.541684932181262}, "train": {"exp_cost": 161416158, "fullscore": 0.9999999415611697, "weighted_avg": 4.9433148865603185}}