{"brand": {"falsepos": 0.3974694572117481, "meanscore": 0.855708115723268, "prediction_time": 4.056939281470202, "time": 12.49969034522944}, "mark": {"distinct": -61}, "reports": {"fullscore": 0.6951204357642403, "weighted_avg": 0.09227206566956}, "train": {"exp_cost": 1927, "fullscore": 0.5519286198453747, "weighted_avg": 1.095559988853432}}