{"brand": {"falsepos": 4.5885915607613015e-05, "meanscore": 0.9999932000851594, "prediction_time": 98.47717481272714, "time": 168.65240156654272}, "mark": {"distinct": 128}, "reports": {"fullscore": 0.9961626968240802, "weighted_avg": 3.019479330442403}, "train": {"exp_cost": 5346305, "fullscore": 0.9998596050959148, "weighted_avg": 3.7452155977678596}}