{"brand": {"falsepos": 0.0007195975611742345, "meanscore": 0.9999456435354134, "prediction_time": 65.67509559730209, "time": 110.22956951116912}, "mark": {"distinct": 100}, "reports": {"fullscore": 0.9863611798690899, "weighted_avg": 2.5527576032294204}, "train": {"exp_cost": 1073573, "fullscore": 0.9983039126607888, "weighted_avg": 3.2749211539116536}}