{"brand": {"falsepos": 0.053929343066870805, "meanscore": 0.9927194891474411, "prediction_time": 13.604058896071882, "time": 35.57062982987684}, "mark": {"distinct": 16}, "reports": {"fullscore": 0.9359608898880469, "weighted_avg": 1.322521975066063}, "train": {"exp_cost": 30340, "fullscore": 0.9291503236393724, "weighted_avg": 2.207419451039311}}