{"brand": {"falsepos": 2.7338349122274508e-06, "meanscore": 0.9999997571264696, "prediction_time": 202.307374539983, "time": 271.2954858060899}, "mark": {"distinct": 167}, "reports": {"fullscore": 0.999190950840048, "weighted_avg": 3.635464103078915}, "train": {"exp_cost": 24629113, "fullscore": 0.999996611441012, "weighted_avg": 4.218444449733363}}