{"brand": {"falsepos": 0.0006698048728916994, "meanscore": 0.9999578970697272, "prediction_time": 65.3238034426588, "time": 104.72958199837107}, "mark": {"distinct": 112}, "reports": {"fullscore": 0.9890804733434797, "weighted_avg": 2.6916749834486677}, "train": {"exp_cost": 1457119, "fullscore": 0.9990771135276233, "weighted_avg": 3.4201105996227303}}