{"brand": {"falsepos": 0.12410367771193731, "meanscore": 0.973335100743963, "prediction_time": 8.842600273049102, "time": 23.035859981760648}, "mark": {"distinct": -13}, "reports": {"fullscore": 0.8411523203003359, "weighted_avg": 0.8340278790960327}, "train": {"exp_cost": 14140, "fullscore": 0.8562393086348823, "weighted_avg": 1.8291229309200419}}