{"brand": {"falsepos": 0.0023001131763003, "meanscore": 0.9997425256170334, "prediction_time": 47.69607250481957, "time": 75.25763402672949}, "mark": {"distinct": 84}, "reports": {"fullscore": 0.9864812575415269, "weighted_avg": 2.2417944303142536}, "train": {"exp_cost": 492177, "fullscore": 0.995324174882617, "weighted_avg": 3.0336389685417675}}