{"brand": {"falsepos": 0.000502278833199199, "meanscore": 0.9999476715472717, "prediction_time": 77.20169826524385, "time": 111.6454275044662}, "mark": {"distinct": 110}, "reports": {"fullscore": 0.9914640289488912, "weighted_avg": 2.710068524249616}, "train": {"exp_cost": 1525239, "fullscore": 0.9993214118093595, "weighted_avg": 3.45046477283838}}