{"brand": {"falsepos": 1.0772805505765426e-05, "meanscore": 0.9999985057760663, "prediction_time": 195.33183102581398, "time": 210.0434611098775}, "mark": {"distinct": 166}, "reports": {"fullscore": 0.9988961622862266, "weighted_avg": 3.5264562196590155}, "train": {"exp_cost": 14956197, "fullscore": 0.9999767899961436, "weighted_avg": 4.128801923733469}}