{"brand": {"falsepos": 0.522124583649921, "meanscore": 0.8012137270636144, "prediction_time": 2.4135850523095534, "time": 10.000163179570803}, "mark": {"distinct": -72}, "reports": {"fullscore": 0.6810096264297167, "weighted_avg": -0.1503478189779911}, "train": {"exp_cost": 915, "fullscore": 0.40631294267309115, "weighted_avg": 0.8525190305357035}}