{"brand": {"falsepos": 3.941227615822385e-06, "meanscore": 0.9999996278383614, "prediction_time": 194.56721457423032, "time": 237.064117827306}, "mark": {"distinct": 166}, "reports": {"fullscore": 0.9990590366451331, "weighted_avg": 3.5305654790031866}, "train": {"exp_cost": 25926261, "fullscore": 0.999992882015112, "weighted_avg": 4.134009024430819}}