{"brand": {"falsepos": 1.4215355472746438e-06, "meanscore": 0.9999997889777825, "prediction_time": 249.62457355331208, "time": 306.09141372100873}, "mark": {"distinct": 179}, "reports": {"fullscore": 0.9995726652669883, "weighted_avg": 3.743065583048069}, "train": {"exp_cost": 32928430, "fullscore": 0.999997361670796, "weighted_avg": 4.279116988792682}}