{"brand": {"falsepos": 0.6618971615606751, "meanscore": 0.6402258978707143, "prediction_time": 2.1029338291124646, "time": 7.137806910861158}, "mark": {"distinct": -79}, "reports": {"fullscore": 0.6507921980064229, "weighted_avg": -0.5832009159878582}, "train": {"exp_cost": 305, "fullscore": 0.2766701635550902, "weighted_avg": 0.5471831330491144}}