{"brand": {"falsepos": 0.2287984437316315, "meanscore": 0.8957852245710618, "prediction_time": 5.622133095333414, "time": 16.454662279164417}, "mark": {"distinct": -23}, "reports": {"fullscore": 0.7647754525138502, "weighted_avg": 0.3667263083820294}, "train": {"exp_cost": 4819, "fullscore": 0.676725662514783, "weighted_avg": 1.4380652273246208}}