{"estimate": {"fullscore": 0.993640709548468}, "model": {"distinct": 425}, "product": {"weighted_avg": 4.053965541714454}, "reports": {"index": 15.665826200009144, "meanscore": 0.9978840281521324}, "results": {"auc": 0.9999974044385708, "falsepos": 5.545233573434061e-07, "prediction_time": 30.8610823125119}, "train": {"index": 24.0148589749768, "non_null": 0.0006980456527123646, "recall": 0.9998210814447687}}