{"estimate": {"fullscore": 0.9999997788323745}, "model": {"distinct": 882}, "product": {"weighted_avg": 9.828019519886281}, "reports": {"index": 541.3807378951985, "meanscore": 0.9999999956346749}, "results": {"auc": 1.0, "falsepos": 0.0, "prediction_time": 1682.7226243249158}, "train": {"index": 7092.533443377329, "non_null": 1.7763568394002505e-15, "recall": 1.0}}