{"estimate": {"fullscore": 0.8212346430544973}, "model": {"distinct": 182}, "product": {"weighted_avg": 0.949486859765575}, "reports": {"index": 2.040797528951434, "meanscore": 0.889138434329712}, "results": {"auc": 0.9479547524561632, "falsepos": 0.031139524366286975, "prediction_time": 3.350464318375119}, "train": {"index": 1.1348524277080538, "non_null": 0.21749657367815545, "recall": 0.7553869269210743}}