{"estimate": {"fullscore": 0.9999966720912787}, "model": {"distinct": 777}, "product": {"weighted_avg": 8.470187956615058}, "reports": {"index": 246.5508998067347, "meanscore": 0.9999998010126382}, "results": {"auc": 1.0, "falsepos": 0.0, "prediction_time": 712.0727127477048}, "train": {"index": 2120.1553491427508, "non_null": 3.2096547641913276e-12, "recall": 0.9999999999999961}}