{"estimate": {"fullscore": 0.9532984499456088}, "model": {"distinct": 299}, "product": {"weighted_avg": 2.4001028254400842}, "reports": {"index": 5.5472733088082835, "meanscore": 0.9820616816751819}, "results": {"auc": 0.9988106016358145, "falsepos": 0.000497498190025647, "prediction_time": 9.996530218839501}, "train": {"index": 4.873468910540619, "non_null": 0.027913244839916418, "recall": 0.9825415910299922}}