{"estimate": {"fullscore": 0.9999997969185013}, "model": {"distinct": 900}, "product": {"weighted_avg": 9.928713652480528}, "reports": {"index": 641.5881821239764, "meanscore": 0.9999999984870467}, "results": {"auc": 1.0, "falsepos": 0.0, "prediction_time": 1644.6698005073413}, "train": {"index": 7920.808502663601, "non_null": 2.220446049250313e-16, "recall": 1.0}}