{"estimate": {"fullscore": 0.9999225007381308}, "model": {"distinct": 650}, "product": {"weighted_avg": 6.831296859455886}, "reports": {"index": 94.44738551651879, "meanscore": 0.9999943003588878}, "results": {"auc": 0.9999999999999889, "falsepos": 5.329070518200751e-15, "prediction_time": 219.21659075539532}, "train": {"index": 437.8679424838198, "non_null": 7.647565580803928e-09, "recall": 0.9999999997655871}}