{"estimate": {"fullscore": 0.9979955989010824}, "model": {"distinct": 491}, "product": {"weighted_avg": 5.007233098297901}, "reports": {"index": 25.672638060710973, "meanscore": 0.9994317069687514}, "results": {"auc": 0.9999999896710211, "falsepos": 3.699137884893844e-09, "prediction_time": 57.87042477683079}, "train": {"index": 59.62060898937518, "non_null": 5.57423851811345e-05, "recall": 0.9999921631344806}}