{"estimate": {"fullscore": 0.9999069764737007}, "model": {"distinct": 651}, "product": {"weighted_avg": 6.8496164428652335}, "reports": {"index": 100.19596861979593, "meanscore": 0.9999917592740488}, "results": {"auc": 0.9999999999999923, "falsepos": 4.773959005888173e-15, "prediction_time": 224.93361256812827}, "train": {"index": 463.05210888357954, "non_null": 6.843898003872084e-09, "recall": 0.9999999998444168}}