{"estimate": {"fullscore": 0.9623379683549185}, "model": {"distinct": 328}, "product": {"weighted_avg": 2.6383098788314747}, "reports": {"index": 6.62275245830014, "meanscore": 0.9864396310815126}, "results": {"auc": 0.9993550784635483, "falsepos": 0.00019163524569931756, "prediction_time": 12.686423724025984}, "train": {"index": 6.487957427954406, "non_null": 0.020714020293830626, "recall": 0.9908104633959516}}