{"estimate": {"fullscore": 0.9999790192892685}, "model": {"distinct": 718}, "product": {"weighted_avg": 7.467891332869731}, "reports": {"index": 141.18962366382507, "meanscore": 0.9999987898576235}, "results": {"auc": 1.0, "falsepos": 0.0, "prediction_time": 385.6149397212797}, "train": {"index": 850.6421106988454, "non_null": 3.6068015241141893e-10, "recall": 0.9999999999979835}}