{"estimate": {"fullscore": 0.9999777023079779}, "model": {"distinct": 714}, "product": {"weighted_avg": 7.801037046650389}, "reports": {"index": 159.99927397110656, "meanscore": 0.9999985237184786}, "results": {"auc": 1.0, "falsepos": 0.0, "prediction_time": 405.58940923767216}, "train": {"index": 998.7140874469904, "non_null": 1.2941769877983234e-10, "recall": 0.9999999999990151}}