{"estimate": {"fullscore": 0.9999900164806206}, "model": {"distinct": 747}, "product": {"weighted_avg": 7.8907526159284105}, "reports": {"index": 206.39611951657218, "meanscore": 0.9999994222251496}, "results": {"auc": 1.0, "falsepos": 0.0, "prediction_time": 450.0078129526047}, "train": {"index": 1309.49315485213, "non_null": 4.365197092681683e-11, "recall": 0.999999999999875}}