{"estimate": {"fullscore": 0.999998914767838}, "model": {"distinct": 835}, "product": {"weighted_avg": 9.182207242368257}, "reports": {"index": 426.38518807300085, "meanscore": 0.9999999799754409}, "results": {"auc": 1.0, "falsepos": 0.0, "prediction_time": 1141.766356689734}, "train": {"index": 4045.206406562887, "non_null": 6.683542608243442e-14, "recall": 1.0}}