{"estimate": {"fullscore": 0.9713979622570125}, "model": {"distinct": 356}, "product": {"weighted_avg": 2.8702111456211545}, "reports": {"index": 8.44147030260062, "meanscore": 0.9894990153126626}, "results": {"auc": 0.9998148681713848, "falsepos": 0.00013403799967826036, "prediction_time": 13.543907585611638}, "train": {"index": 8.063726699865944, "non_null": 0.012011974987726215, "recall": 0.9947458257289143}}