{"estimate": {"fullscore": 0.9998656267653072}, "model": {"distinct": 646}, "product": {"weighted_avg": 6.668973146485024}, "reports": {"index": 82.01204818868196, "meanscore": 0.999988063760157}, "results": {"auc": 0.9999999999999478, "falsepos": 8.892886427247504e-14, "prediction_time": 215.66911135962417}, "train": {"index": 365.71530263479957, "non_null": 5.853550677503705e-08, "recall": 0.9999999995220845}}