{"estimate": {"fullscore": 0.9941134846018725}, "model": {"distinct": 435}, "product": {"weighted_avg": 4.092553355969096}, "reports": {"index": 17.14123784217969, "meanscore": 0.9980762146682114}, "results": {"auc": 0.9999986127999886, "falsepos": 3.885450579055316e-07, "prediction_time": 29.638496247470982}, "train": {"index": 25.85090838364101, "non_null": 0.0005102744094055423, "recall": 0.9998389311776424}}