{"estimate": {"fullscore": 0.999999019053615}, "model": {"distinct": 833}, "product": {"weighted_avg": 9.092222577426709}, "reports": {"index": 393.21202050167835, "meanscore": 0.9999999682090186}, "results": {"auc": 1.0, "falsepos": 0.0, "prediction_time": 1114.2744939296401}, "train": {"index": 3867.846316274087, "non_null": 1.162403506782539e-13, "recall": 1.0}}