{"estimate": {"fullscore": 0.995564744358443}, "model": {"distinct": 471}, "product": {"weighted_avg": 4.371429178661698}, "reports": {"index": 19.88579357305153, "meanscore": 0.9990463087847544}, "results": {"auc": 0.9999997111242895, "falsepos": 4.015023302716969e-08, "prediction_time": 41.8948098599398}, "train": {"index": 37.26735343745262, "non_null": 0.0001886258921965922, "recall": 0.9999669049551976}}