{"estimate": {"fullscore": 0.9442077041067946}, "model": {"distinct": 288}, "product": {"weighted_avg": 2.3038810099326805}, "reports": {"index": 5.1118225099385635, "meanscore": 0.977530619796541}, "results": {"auc": 0.9983728494418669, "falsepos": 0.0009138143762289497, "prediction_time": 7.936101057964125}, "train": {"index": 4.370779676636283, "non_null": 0.02818611222733569, "recall": 0.9732004810125274}}