{"estimate": {"fullscore": 0.9998434106355589}, "model": {"distinct": 616}, "product": {"weighted_avg": 6.356883134799801}, "reports": {"index": 82.3556265551587, "meanscore": 0.9999835644059517}, "results": {"auc": 0.9999999999994541, "falsepos": 8.493206138382448e-14, "prediction_time": 163.69774531930935}, "train": {"index": 274.37777420408736, "non_null": 1.1561555168793092e-07, "recall": 0.9999999983995351}}