{"estimate": {"fullscore": 0.9999618873748483}, "model": {"distinct": 693}, "product": {"weighted_avg": 7.356632688545304}, "reports": {"index": 145.4305239571536, "meanscore": 0.9999977756487864}, "results": {"auc": 0.9999999999999998, "falsepos": 2.220446049250313e-16, "prediction_time": 297.79730326590044}, "train": {"index": 689.1605224941969, "non_null": 1.444773745085115e-09, "recall": 0.9999999999929271}}