{"estimate": {"fullscore": 0.9999884009372991}, "model": {"distinct": 752}, "product": {"weighted_avg": 8.011984546575324}, "reports": {"index": 226.32030741429503, "meanscore": 0.9999995474207619}, "results": {"auc": 1.0, "falsepos": 0.0, "prediction_time": 534.6551326472354}, "train": {"index": 1501.76959018128, "non_null": 1.966327101143861e-11, "recall": 0.999999999999974}}