{"estimate": {"fullscore": 0.9914903219066086}, "model": {"distinct": 403}, "product": {"weighted_avg": 3.810248368537063}, "reports": {"index": 13.024248087866177, "meanscore": 0.9968202565314664}, "results": {"auc": 0.9999963528766284, "falsepos": 3.6116756163551145e-06, "prediction_time": 25.86865706714211}, "train": {"index": 20.79710018544262, "non_null": 0.001140925603275167, "recall": 0.9995075189758706}}