{"estimate": {"fullscore": 0.9989176397456299}, "model": {"distinct": 555}, "product": {"weighted_avg": 5.460877638425294}, "reports": {"index": 37.95167774481017, "meanscore": 0.9998567376845103}, "results": {"auc": 0.9999999998382498, "falsepos": 1.4192580444216674e-10, "prediction_time": 94.20663348969786}, "train": {"index": 116.35140213705785, "non_null": 8.812543960456942e-06, "recall": 0.9999995613281041}}