{"estimate": {"fullscore": 0.8582981455249041}, "model": {"distinct": 208}, "product": {"weighted_avg": 1.3634230451843266}, "reports": {"index": 2.9850665380366, "meanscore": 0.9307565452997755}, "results": {"auc": 0.9759394230940703, "falsepos": 0.011697453403584412, "prediction_time": 4.010595657166593}, "train": {"index": 1.7747646146461602, "non_null": 0.13689562830525315, "recall": 0.8736322327784254}}