{"estimate": {"fullscore": 0.8200809411122983}, "model": {"distinct": 183}, "product": {"weighted_avg": 0.949225764252184}, "reports": {"index": 2.0106637580418174, "meanscore": 0.8887464866149368}, "results": {"auc": 0.9476104597313633, "falsepos": 0.031157851391269475, "prediction_time": 3.3407479745250632}, "train": {"index": 1.1307650214392742, "non_null": 0.21696430856778592, "recall": 0.7539304979795068}}