{"estimate": {"fullscore": 0.9993827632260472}, "model": {"distinct": 574}, "product": {"weighted_avg": 5.612981207321709}, "reports": {"index": 47.22421382414181, "meanscore": 0.9998415139547425}, "results": {"auc": 0.9999999998274713, "falsepos": 2.3958390826805953e-11, "prediction_time": 96.9161686581175}, "train": {"index": 118.81639300506446, "non_null": 3.14605018969516e-06, "recall": 0.9999998133269232}}