{"estimate": {"fullscore": 0.9999997999344291}, "model": {"distinct": 898}, "product": {"weighted_avg": 9.946160968278603}, "reports": {"index": 643.970982584671, "meanscore": 0.9999999984914316}, "results": {"auc": 1.0, "falsepos": 0.0, "prediction_time": 1659.9954608444473}, "train": {"index": 8041.293373411683, "non_null": 2.220446049250313e-16, "recall": 1.0}}