{"estimate": {"fullscore": 0.9808856394701528}, "model": {"distinct": 363}, "product": {"weighted_avg": 3.1161807114951747}, "reports": {"index": 8.485084374700989, "meanscore": 0.9928533889264964}, "results": {"auc": 0.999915330451558, "falsepos": 3.924020961221242e-05, "prediction_time": 15.468975730420011}, "train": {"index": 10.12083780991231, "non_null": 0.0066715624096979065, "recall": 0.9957775866806058}}