{"estimate": {"fullscore": 0.9989672035732944}, "model": {"distinct": 553}, "product": {"weighted_avg": 5.454602835493744}, "reports": {"index": 38.72729999637959, "meanscore": 0.9998670143485433}, "results": {"auc": 0.9999999998547386, "falsepos": 1.5424217458814837e-10, "prediction_time": 96.99180404872057}, "train": {"index": 117.08641887147056, "non_null": 9.049800089089288e-06, "recall": 0.999999538610367}}