{"estimate": {"fullscore": 0.9999997853574732}, "model": {"distinct": 887}, "product": {"weighted_avg": 9.891842774288925}, "reports": {"index": 581.793993201385, "meanscore": 0.999999998281347}, "results": {"auc": 1.0, "falsepos": 0.0, "prediction_time": 1753.148748286028}, "train": {"index": 7666.462892658761, "non_null": 5.551115123125783e-16, "recall": 1.0}}