{"estimate": {"fullscore": 0.9187815366222971}, "model": {"distinct": 258}, "product": {"weighted_avg": 1.9002113690094418}, "reports": {"index": 3.8678940785468656, "meanscore": 0.9675310620530204}, "results": {"auc": 0.9956402423118866, "falsepos": 0.002720405264931447, "prediction_time": 6.0218874894683525}, "train": {"index": 2.9529900274569423, "non_null": 0.05346372993698578, "recall": 0.9410286096971541}}