{"estimate": {"fullscore": 0.9999851890257131}, "model": {"distinct": 744}, "product": {"weighted_avg": 7.8948792018383935}, "reports": {"index": 190.3793034387386, "meanscore": 0.9999994516452234}, "results": {"auc": 1.0, "falsepos": 0.0, "prediction_time": 437.85486754659263}, "train": {"index": 1279.0935288520654, "non_null": 5.6644799961702574e-11, "recall": 0.9999999999997552}}