{"estimate": {"fullscore": 0.9190570285487656}, "model": {"distinct": 286}, "product": {"weighted_avg": 2.015702311067575}, "reports": {"index": 4.0708434088571925, "meanscore": 0.9675929418456091}, "results": {"auc": 0.9976536947979873, "falsepos": 0.0006781175718570953, "prediction_time": 7.157979231373533}, "train": {"index": 3.8318609836709516, "non_null": 0.03953314882295811, "recall": 0.9562988709688625}}