{"estimate": {"fullscore": 0.9999204192926376}, "model": {"distinct": 651}, "product": {"weighted_avg": 6.750862895599736}, "reports": {"index": 88.62584753526448, "meanscore": 0.999993662045128}, "results": {"auc": 0.999999999999992, "falsepos": 1.3655743202889425e-14, "prediction_time": 216.40825886488904}, "train": {"index": 428.10970011587136, "non_null": 1.1056531357134247e-08, "recall": 0.9999999996999797}}