{"estimate": {"fullscore": 0.9881729018162195}, "model": {"distinct": 393}, "product": {"weighted_avg": 3.5771083383410684}, "reports": {"index": 11.66809843789767, "meanscore": 0.9954733794941335}, "results": {"auc": 0.9999804623952778, "falsepos": 5.750308823437855e-06, "prediction_time": 21.76552818333434}, "train": {"index": 15.716930990261512, "non_null": 0.0028074524640845366, "recall": 0.9990790876806497}}