{"estimate": {"fullscore": 0.9999426906629183}, "model": {"distinct": 677}, "product": {"weighted_avg": 7.133159555962281}, "reports": {"index": 114.99981929714333, "meanscore": 0.9999959226257614}, "results": {"auc": 0.9999999999999984, "falsepos": 4.440892098500626e-16, "prediction_time": 274.79863638329454}, "train": {"index": 522.826439677375, "non_null": 5.729504648499528e-09, "recall": 0.9999999999710221}}