{"estimate": {"fullscore": 0.9883033714242264}, "model": {"distinct": 393}, "product": {"weighted_avg": 3.564681842268991}, "reports": {"index": 11.814213692962472, "meanscore": 0.9953015516324543}, "results": {"auc": 0.999981505453008, "falsepos": 5.575092980381058e-06, "prediction_time": 21.681580222180003}, "train": {"index": 15.743583855046575, "non_null": 0.0028161880393452465, "recall": 0.9990563264324888}}