{"estimate": {"fullscore": 0.9989675158022348}, "model": {"distinct": 553}, "product": {"weighted_avg": 5.454384443090498}, "reports": {"index": 38.72707745321574, "meanscore": 0.9998669719572519}, "results": {"auc": 0.999999999854415, "falsepos": 1.5394607810748084e-10, "prediction_time": 96.97282148243875}, "train": {"index": 117.04616355264618, "non_null": 9.05558650377003e-06, "recall": 0.9999995383985758}}