{"estimate": {"fullscore": 0.9762037792552505}, "model": {"distinct": 360}, "product": {"weighted_avg": 3.109688834704448}, "reports": {"index": 8.01003233642533, "meanscore": 0.9925558711366265}, "results": {"auc": 0.9999051759477013, "falsepos": 7.750289404062638e-05, "prediction_time": 14.997592946197104}, "train": {"index": 9.812339305222139, "non_null": 0.006729250880476267, "recall": 0.9948626064201286}}