{"estimate": {"fullscore": 0.9988644174708438}, "model": {"distinct": 542}, "product": {"weighted_avg": 5.443005736120036}, "reports": {"index": 36.7227475201887, "meanscore": 0.9998787755044694}, "results": {"auc": 0.9999999996200363, "falsepos": 1.1199752236734639e-10, "prediction_time": 87.63079453076043}, "train": {"index": 107.90124988558294, "non_null": 1.2510357703665598e-05, "recall": 0.9999992545933778}}