{"estimate": {"fullscore": 0.9823015219570039}, "model": {"distinct": 364}, "product": {"weighted_avg": 3.239753045188546}, "reports": {"index": 10.375471822116966, "meanscore": 0.9939878542301166}, "results": {"auc": 0.9999475277707518, "falsepos": 1.5791990909397313e-05, "prediction_time": 18.916125000361262}, "train": {"index": 12.92066942956891, "non_null": 0.00506214892900092, "recall": 0.9983106256284624}}