{"estimate": {"fullscore": 0.9999403492975344}, "model": {"distinct": 677}, "product": {"weighted_avg": 7.129228809574347}, "reports": {"index": 114.23977021946266, "meanscore": 0.9999959846115051}, "results": {"auc": 0.9999999999999984, "falsepos": 4.440892098500626e-16, "prediction_time": 273.74053430000504}, "train": {"index": 524.8201867436253, "non_null": 5.7755912274970456e-09, "recall": 0.999999999971166}}