{"estimate": {"fullscore": 0.9999991899368598}, "model": {"distinct": 835}, "product": {"weighted_avg": 9.287767799816791}, "reports": {"index": 486.434529130655, "meanscore": 0.9999999838880793}, "results": {"auc": 1.0, "falsepos": 0.0, "prediction_time": 1214.6743684996886}, "train": {"index": 4604.6405347442, "non_null": 2.2426505097428162e-14, "recall": 1.0}}