{"estimate": {"fullscore": 0.9999997957057449}, "model": {"distinct": 900}, "product": {"weighted_avg": 9.928267737046268}, "reports": {"index": 640.7872180517064, "meanscore": 0.9999999984728786}, "results": {"auc": 1.0, "falsepos": 0.0, "prediction_time": 1649.0950390214175}, "train": {"index": 7931.694027307531, "non_null": 2.220446049250313e-16, "recall": 1.0}}