{"estimate": {"fullscore": 0.9998768891373252}, "model": {"distinct": 646}, "product": {"weighted_avg": 6.6756644025688905}, "reports": {"index": 85.54368518433564, "meanscore": 0.9999893024473849}, "results": {"auc": 0.9999999999999581, "falsepos": 6.45039577307216e-14, "prediction_time": 217.26603727257708}, "train": {"index": 370.0255652602241, "non_null": 6.325224333192381e-08, "recall": 0.9999999995367087}}