{"estimate": {"fullscore": 0.9999989019852892}, "model": {"distinct": 834}, "product": {"weighted_avg": 9.271638871850225}, "reports": {"index": 468.04008976773315, "meanscore": 0.9999999892992526}, "results": {"auc": 1.0, "falsepos": 0.0, "prediction_time": 1183.4163455075081}, "train": {"index": 4432.488328081116, "non_null": 3.175237850427948e-14, "recall": 1.0}}