{"estimate": {"fullscore": 0.9938481278690605}, "model": {"distinct": 441}, "product": {"weighted_avg": 4.083571168649779}, "reports": {"index": 18.161834420215307, "meanscore": 0.998370852578358}, "results": {"auc": 0.9999990258444885, "falsepos": 2.4815980337322685e-07, "prediction_time": 31.1769002196118}, "train": {"index": 28.81313874270149, "non_null": 0.0003112190900804723, "recall": 0.9999037985798253}}