{"estimate": {"fullscore": 0.9999997550517746}, "model": {"distinct": 879}, "product": {"weighted_avg": 9.833251375451416}, "reports": {"index": 536.2914108871548, "meanscore": 0.9999999949320455}, "results": {"auc": 1.0, "falsepos": 0.0, "prediction_time": 1675.0852272730203}, "train": {"index": 7264.336189634866, "non_null": 1.7763568394002505e-15, "recall": 1.0}}