{"estimate": {"fullscore": 0.996767768817683}, "model": {"distinct": 498}, "product": {"weighted_avg": 4.643724838734753}, "reports": {"index": 23.36095478543204, "meanscore": 0.9994261686495828}, "results": {"auc": 0.9999999653867262, "falsepos": 1.4066422582281746e-08, "prediction_time": 51.34382738685981}, "train": {"index": 48.65957622758683, "non_null": 0.00010443245986091476, "recall": 0.9999875535003789}}