{"estimate": {"fullscore": 0.9962886649778022}, "model": {"distinct": 465}, "product": {"weighted_avg": 4.478679821208455}, "reports": {"index": 21.871873424010808, "meanscore": 0.9992250554702548}, "results": {"auc": 0.9999999071878469, "falsepos": 1.856421805168651e-08, "prediction_time": 43.48258090620503}, "train": {"index": 41.89995608448201, "non_null": 0.0001307621188325614, "recall": 0.9999769315410305}}