{"estimate": {"fullscore": 0.8147674380824188}, "model": {"distinct": 161}, "product": {"weighted_avg": 0.7482762176486177}, "reports": {"index": 1.6450527812441906, "meanscore": 0.8651162451719293}, "results": {"auc": 0.919861557754719, "falsepos": 0.047572132180127236, "prediction_time": 2.8604318456846336}, "train": {"index": 0.9869859498842878, "non_null": 0.2903683151586015, "recall": 0.6567885455560123}}