{"estimate": {"fullscore": 0.9838162264447019}, "model": {"distinct": 362}, "product": {"weighted_avg": 3.194467775960399}, "reports": {"index": 9.576012781736958, "meanscore": 0.9928655755690159}, "results": {"auc": 0.9999338557562574, "falsepos": 1.1870403209490732e-05, "prediction_time": 18.528628127190892}, "train": {"index": 12.168014259388606, "non_null": 0.0056200963827339745, "recall": 0.997748195417681}}