{"estimate": {"fullscore": 0.9999961862938603}, "model": {"distinct": 765}, "product": {"weighted_avg": 8.377237270878522}, "reports": {"index": 255.4833653158597, "meanscore": 0.9999997516258702}, "results": {"auc": 1.0, "falsepos": 0.0, "prediction_time": 637.374465269851}, "train": {"index": 2013.2526045842562, "non_null": 1.848410313698423e-12, "recall": 0.9999999999999953}}