{"estimate": {"fullscore": 0.9879518041137512}, "model": {"distinct": 394}, "product": {"weighted_avg": 3.568917619512073}, "reports": {"index": 11.42427653742978, "meanscore": 0.995421758703765}, "results": {"auc": 0.99997931092792, "falsepos": 6.046244952484514e-06, "prediction_time": 21.700688806653012}, "train": {"index": 15.45557728782615, "non_null": 0.002733957030131906, "recall": 0.999061255404983}}