{"estimate": {"fullscore": 0.9983278060401934}, "model": {"distinct": 514}, "product": {"weighted_avg": 5.225232644665579}, "reports": {"index": 29.648741589159165, "meanscore": 0.9997730737917342}, "results": {"auc": 0.9999999982491878, "falsepos": 6.504977667631806e-10, "prediction_time": 74.5021622103004}, "train": {"index": 82.00569413077153, "non_null": 3.095181569223726e-05, "recall": 0.999997411453633}}