{"estimate": {"fullscore": 0.9989439208423097}, "model": {"distinct": 545}, "product": {"weighted_avg": 5.435081842669518}, "reports": {"index": 38.867853112025834, "meanscore": 0.9998580270807913}, "results": {"auc": 0.9999999997094322, "falsepos": 1.9056178857113082e-10, "prediction_time": 89.75055374958411}, "train": {"index": 112.96548928988848, "non_null": 9.106150229531984e-06, "recall": 0.9999994633789291}}