{"estimate": {"fullscore": 0.9935816807986579}, "model": {"distinct": 425}, "product": {"weighted_avg": 4.058190735212432}, "reports": {"index": 15.39842694968878, "meanscore": 0.9978326904429662}, "results": {"auc": 0.9999972187988646, "falsepos": 5.635647084556439e-07, "prediction_time": 30.492002205873618}, "train": {"index": 24.151064339002385, "non_null": 0.0006938390598083544, "recall": 0.999816059215653}}