{"estimate": {"fullscore": 0.9999975597485216}, "model": {"distinct": 782}, "product": {"weighted_avg": 8.65175167798835}, "reports": {"index": 280.95063337274553, "meanscore": 0.9999998779080267}, "results": {"auc": 1.0, "falsepos": 0.0, "prediction_time": 809.3178351699319}, "train": {"index": 2699.6764586704508, "non_null": 1.2325696019388488e-12, "recall": 0.9999999999999991}}