{"estimate": {"fullscore": 0.92530149180248}, "model": {"distinct": 282}, "product": {"weighted_avg": 2.0920679089890752}, "reports": {"index": 4.363907345661228, "meanscore": 0.9679127396407529}, "results": {"auc": 0.997746435202377, "falsepos": 0.0006697754254761934, "prediction_time": 7.118330924792901}, "train": {"index": 3.8684515663681736, "non_null": 0.0341088459771417, "recall": 0.9589448088598496}}