{"estimate": {"fullscore": 0.9999972433885358}, "model": {"distinct": 781}, "product": {"weighted_avg": 8.656964363627782}, "reports": {"index": 284.6559322361465, "meanscore": 0.9999998559678882}, "results": {"auc": 1.0, "falsepos": 0.0, "prediction_time": 759.8342905073049}, "train": {"index": 2606.047754696857, "non_null": 1.1224354778960333e-12, "recall": 0.9999999999999988}}