{"estimate": {"fullscore": 0.9992278342567728}, "model": {"distinct": 556}, "product": {"weighted_avg": 5.45117704487662}, "reports": {"index": 41.301795368227154, "meanscore": 0.9998197312674215}, "results": {"auc": 0.9999999998832043, "falsepos": 1.2894885159653313e-10, "prediction_time": 98.12175336202351}, "train": {"index": 116.2150003925357, "non_null": 6.303578328759052e-06, "recall": 0.9999997180665178}}