{"estimate": {"fullscore": 0.9999979866281951}, "model": {"distinct": 792}, "product": {"weighted_avg": 8.67207318279455}, "reports": {"index": 310.42775316735447, "meanscore": 0.9999999010431426}, "results": {"auc": 1.0, "falsepos": 0.0, "prediction_time": 760.8024081820054}, "train": {"index": 2744.814148897111, "non_null": 6.63136212608606e-13, "recall": 0.9999999999999993}}