{"estimate": {"fullscore": 0.868487654087173}, "model": {"distinct": 227}, "product": {"weighted_avg": 1.4147142732464393}, "reports": {"index": 3.1425550461096607, "meanscore": 0.9418203249559114}, "results": {"auc": 0.984491906483847, "falsepos": 0.010048188396931335, "prediction_time": 4.693636557309633}, "train": {"index": 1.8958451762044566, "non_null": 0.1259415412011613, "recall": 0.896378199081149}}