{"estimate": {"fullscore": 0.9998987377571693}, "model": {"distinct": 652}, "product": {"weighted_avg": 6.747846112232071}, "reports": {"index": 81.0150921793754, "meanscore": 0.9999905787032544}, "results": {"auc": 0.9999999999999756, "falsepos": 9.769962616701378e-15, "prediction_time": 227.59679051997077}, "train": {"index": 408.06157712631807, "non_null": 2.631116491347285e-08, "recall": 0.9999999995286067}}