{"estimate": {"fullscore": 0.7826326730073064}, "model": {"distinct": 154}, "product": {"weighted_avg": 0.5366684842356573}, "reports": {"index": 1.7273595683773255, "meanscore": 0.8623552861351481}, "results": {"auc": 0.8995018647750019, "falsepos": 0.06352408458638825, "prediction_time": 2.66428058391364}, "train": {"index": 0.8829950783315563, "non_null": 0.33390584948857394, "recall": 0.6528805617082631}}