{"estimate": {"fullscore": 0.9983333227690635}, "model": {"distinct": 517}, "product": {"weighted_avg": 5.107881317240497}, "reports": {"index": 28.893546063169662, "meanscore": 0.9995770066171459}, "results": {"auc": 0.9999999926949408, "falsepos": 4.40373237875491e-09, "prediction_time": 60.723915234940115}, "train": {"index": 72.0787849682938, "non_null": 3.412220993526116e-05, "recall": 0.9999956301361552}}