{"estimate": {"fullscore": 0.9997970793940255}, "model": {"distinct": 615}, "product": {"weighted_avg": 6.297880059410034}, "reports": {"index": 82.31077123993376, "meanscore": 0.9999722668185524}, "results": {"auc": 0.9999999999991847, "falsepos": 1.0791367799356522e-13, "prediction_time": 159.72265497070373}, "train": {"index": 267.68976565121056, "non_null": 1.3631747219911006e-07, "recall": 0.9999999980172839}}