{"estimate": {"fullscore": 0.9810079925289754}, "model": {"distinct": 364}, "product": {"weighted_avg": 3.1522769737751895}, "reports": {"index": 9.484124989003867, "meanscore": 0.9915925172071678}, "results": {"auc": 0.9999366695861533, "falsepos": 3.209278927129855e-05, "prediction_time": 16.759318406750232}, "train": {"index": 10.926018815350847, "non_null": 0.006048248361481989, "recall": 0.9971715003001624}}