{"estimate": {"fullscore": 0.9978984289917259}, "model": {"distinct": 490}, "product": {"weighted_avg": 4.898385364403807}, "reports": {"index": 23.749492694650126, "meanscore": 0.9993534335561448}, "results": {"auc": 0.9999999803669066, "falsepos": 8.245457538968992e-09, "prediction_time": 56.55761361626938}, "train": {"index": 55.39111640226464, "non_null": 9.218593972204481e-05, "recall": 0.9999892058770337}}