{"estimate": {"fullscore": 0.9982771560812571}, "model": {"distinct": 514}, "product": {"weighted_avg": 5.227062929448752}, "reports": {"index": 29.26931588345443, "meanscore": 0.9997619385188566}, "results": {"auc": 0.9999999981340759, "falsepos": 6.905132021728377e-10, "prediction_time": 73.86516507923626}, "train": {"index": 82.02328172069299, "non_null": 3.0443417437076015e-05, "recall": 0.9999974386602868}}