{"estimate": {"fullscore": 0.970410452761379}, "model": {"distinct": 336}, "product": {"weighted_avg": 2.7020343272617104}, "reports": {"index": 7.571520588703667, "meanscore": 0.9882750478450333}, "results": {"auc": 0.9996464380105962, "falsepos": 0.00015018923464460432, "prediction_time": 13.81230605203063}, "train": {"index": 7.800008404989685, "non_null": 0.01585753592757433, "recall": 0.9934571223332753}}