{"estimate": {"fullscore": 0.9997408690326489}, "model": {"distinct": 612}, "product": {"weighted_avg": 6.290774756147869}, "reports": {"index": 78.87014765673423, "meanscore": 0.9999694033194085}, "results": {"auc": 0.9999999999989174, "falsepos": 3.7780889527994077e-13, "prediction_time": 155.37037489530118}, "train": {"index": 258.7310511080831, "non_null": 1.449637365702472e-07, "recall": 0.999999996938614}}