{"estimate": {"fullscore": 0.9999612617022547}, "model": {"distinct": 696}, "product": {"weighted_avg": 7.4189823253070895}, "reports": {"index": 152.12529124203743, "meanscore": 0.9999966121992865}, "results": {"auc": 0.9999999999999999, "falsepos": 1.1102230246251565e-16, "prediction_time": 313.8948308879611}, "train": {"index": 749.9443488312509, "non_null": 6.800664476003249e-10, "recall": 0.9999999999966819}}