{"estimate": {"fullscore": 0.9989731781133412}, "model": {"distinct": 555}, "product": {"weighted_avg": 5.459035917328513}, "reports": {"index": 38.79341409510798, "meanscore": 0.9998683627774609}, "results": {"auc": 0.9999999998562031, "falsepos": 1.1787948395181047e-10, "prediction_time": 94.99100550457128}, "train": {"index": 116.09136171401329, "non_null": 9.166902490087558e-06, "recall": 0.9999995602582098}}