{"estimate": {"fullscore": 0.8961746504663174}, "model": {"distinct": 248}, "product": {"weighted_avg": 1.8693757016240453}, "reports": {"index": 3.757742284492798, "meanscore": 0.9501539312136063}, "results": {"auc": 0.9939256536878188, "falsepos": 0.003300325773119006, "prediction_time": 6.093670064906069}, "train": {"index": 2.666507766062734, "non_null": 0.0833513840457285, "recall": 0.9384101319759667}}