{"estimate": {"fullscore": 0.8613882163318881}, "model": {"distinct": 199}, "product": {"weighted_avg": 1.1729069678998145}, "reports": {"index": 2.7736932409409287, "meanscore": 0.904671591832718}, "results": {"auc": 0.9702259753818396, "falsepos": 0.01489981791129047, "prediction_time": 3.6152757560037223}, "train": {"index": 1.5436949002076112, "non_null": 0.15201248224260355, "recall": 0.8411505364633485}}