{"estimate": {"fullscore": 0.9887821700166681}, "model": {"distinct": 400}, "product": {"weighted_avg": 3.59677622038506}, "reports": {"index": 10.464397523387909, "meanscore": 0.996742670867903}, "results": {"auc": 0.9999882984004127, "falsepos": 3.291301258534496e-06, "prediction_time": 23.33636170416703}, "train": {"index": 17.790894175848777, "non_null": 0.001969339606533671, "recall": 0.9989857715365122}}