{"estimate": {"fullscore": 0.8086455388571503}, "model": {"distinct": 168}, "product": {"weighted_avg": 0.8669642994141478}, "reports": {"index": 2.0818765635351792, "meanscore": 0.8825689606326979}, "results": {"auc": 0.9289508904118315, "falsepos": 0.034408233987878734, "prediction_time": 2.919219916621417}, "train": {"index": 1.1145849282403337, "non_null": 0.20769599011479045, "recall": 0.738707775553123}}