{"estimate": {"fullscore": 0.9999823929622358}, "model": {"distinct": 713}, "product": {"weighted_avg": 7.715428097155804}, "reports": {"index": 156.71347010171294, "meanscore": 0.9999984779884422}, "results": {"auc": 1.0, "falsepos": 0.0, "prediction_time": 396.63983838934604}, "train": {"index": 939.9117280191125, "non_null": 1.3829037914803166e-10, "recall": 0.9999999999988208}}