{"estimate": {"fullscore": 0.9998353260414732}, "model": {"distinct": 635}, "product": {"weighted_avg": 6.642865140883662}, "reports": {"index": 84.01319349276359, "meanscore": 0.9999846695573091}, "results": {"auc": 0.9999999999998979, "falsepos": 7.216449660063518e-14, "prediction_time": 176.89737236842953}, "train": {"index": 318.3783166944839, "non_null": 5.1765777442369654e-08, "recall": 0.9999999991996502}}