{"estimate": {"fullscore": 0.9984249055336912}, "model": {"distinct": 535}, "product": {"weighted_avg": 5.244096218231769}, "reports": {"index": 33.528051163607635, "meanscore": 0.9998040017311316}, "results": {"auc": 0.9999999985205819, "falsepos": 1.5829104693665386e-10, "prediction_time": 74.20667934509386}, "train": {"index": 86.05788999708618, "non_null": 1.826504397739459e-05, "recall": 0.9999982299820313}}