{"estimate": {"fullscore": 0.9917174114674874}, "model": {"distinct": 411}, "product": {"weighted_avg": 3.9581042425797617}, "reports": {"index": 13.598256651881051, "meanscore": 0.9979374328051941}, "results": {"auc": 0.9999965420395992, "falsepos": 8.760788718920054e-07, "prediction_time": 30.21121877221517}, "train": {"index": 22.488839883296645, "non_null": 0.0010593722258849247, "recall": 0.9996940825558941}}