{"estimate": {"fullscore": 0.8700486412106012}, "model": {"distinct": 206}, "product": {"weighted_avg": 1.2730472243651412}, "reports": {"index": 2.962391225392793, "meanscore": 0.9293564338318985}, "results": {"auc": 0.9729802899191003, "falsepos": 0.01726146512356075, "prediction_time": 3.9224104149576107}, "train": {"index": 1.6678747735453554, "non_null": 0.13958903029916947, "recall": 0.8669492728871752}}