{"estimate": {"fullscore": 0.9614576203957149}, "model": {"distinct": 329}, "product": {"weighted_avg": 2.5530682562955356}, "reports": {"index": 6.817088942253821, "meanscore": 0.9854657772035788}, "results": {"auc": 0.9993847862597237, "falsepos": 0.00029813025428115925, "prediction_time": 11.289516897621045}, "train": {"index": 6.096854423403932, "non_null": 0.01931334419753261, "recall": 0.9897014759358504}}