{"estimate": {"fullscore": 0.9999987037580187}, "model": {"distinct": 809}, "product": {"weighted_avg": 8.893235591526722}, "reports": {"index": 360.72818008399895, "meanscore": 0.9999999419156083}, "results": {"auc": 1.0, "falsepos": 0.0, "prediction_time": 942.4069917148904}, "train": {"index": 3437.9190131148107, "non_null": 2.2948309919001986e-13, "recall": 0.9999999999999999}}