{"estimate": {"fullscore": 0.9999979090350875}, "model": {"distinct": 792}, "product": {"weighted_avg": 8.673521612931209}, "reports": {"index": 307.31153914470354, "meanscore": 0.9999998951855155}, "results": {"auc": 1.0, "falsepos": 0.0, "prediction_time": 755.1624815548196}, "train": {"index": 2745.867269830526, "non_null": 6.470379787515412e-13, "recall": 0.9999999999999993}}