{"estimate": {"fullscore": 0.9999786121040297}, "model": {"distinct": 718}, "product": {"weighted_avg": 7.458796811990317}, "reports": {"index": 138.81639391590062, "meanscore": 0.9999987917694113}, "results": {"auc": 1.0, "falsepos": 0.0, "prediction_time": 387.3687366344173}, "train": {"index": 838.7982305026685, "non_null": 3.443905161049088e-10, "recall": 0.9999999999978718}}