{"estimate": {"fullscore": 0.9999998289306414}, "model": {"distinct": 885}, "product": {"weighted_avg": 9.886568121007828}, "reports": {"index": 546.6063929871167, "meanscore": 0.9999999969564496}, "results": {"auc": 1.0, "falsepos": 0.0, "prediction_time": 1713.4936020571115}, "train": {"index": 7274.724271761221, "non_null": 8.881784197001252e-16, "recall": 1.0}}