{"estimate": {"fullscore": 0.981107504031917}, "model": {"distinct": 364}, "product": {"weighted_avg": 3.1547305697424255}, "reports": {"index": 9.395730623902194, "meanscore": 0.9915928350573505}, "results": {"auc": 0.9999346194811723, "falsepos": 3.271034182084076e-05, "prediction_time": 16.712367884536636}, "train": {"index": 11.00755659654557, "non_null": 0.006055557507258946, "recall": 0.9970822892585309}}