{"estimate": {"fullscore": 0.9999984902358418}, "model": {"distinct": 806}, "product": {"weighted_avg": 8.871400203965134}, "reports": {"index": 360.72038847888655, "meanscore": 0.9999999344926662}, "results": {"auc": 1.0, "falsepos": 0.0, "prediction_time": 843.0495042943567}, "train": {"index": 3205.0459518650364, "non_null": 2.304822999121825e-13, "recall": 0.9999999999999998}}