{"estimate": {"fullscore": 0.9934572758071539}, "model": {"distinct": 412}, "product": {"weighted_avg": 3.9710819883019917}, "reports": {"index": 14.665364133221805, "meanscore": 0.9976074626619242}, "results": {"auc": 0.9999973438328611, "falsepos": 1.0165094446179523e-06, "prediction_time": 30.834012501484956}, "train": {"index": 23.05938345382139, "non_null": 0.0008238558739515067, "recall": 0.9997844436119572}}