{"estimate": {"fullscore": 0.9985625806954649}, "model": {"distinct": 544}, "product": {"weighted_avg": 5.325397011626749}, "reports": {"index": 32.40547530799046, "meanscore": 0.9998235754762269}, "results": {"auc": 0.9999999993643579, "falsepos": 1.2338297050717983e-10, "prediction_time": 83.68358490467094}, "train": {"index": 90.93752872606723, "non_null": 2.116844608202051e-05, "recall": 0.9999985583465674}}