{"estimate": {"fullscore": 0.9441637219006301}, "model": {"distinct": 288}, "product": {"weighted_avg": 2.2997095898966595}, "reports": {"index": 5.1165018335898385, "meanscore": 0.9775216163073739}, "results": {"auc": 0.998370943297773, "falsepos": 0.0009041584710313133, "prediction_time": 7.940268445009098}, "train": {"index": 4.367126033199861, "non_null": 0.028211340572042665, "recall": 0.973179631246607}}