{"estimate": {"fullscore": 0.9987288589084508}, "model": {"distinct": 545}, "product": {"weighted_avg": 5.415317425505061}, "reports": {"index": 34.717034176155614, "meanscore": 0.9998481873723902}, "results": {"auc": 0.9999999993559341, "falsepos": 1.0255063465081093e-10, "prediction_time": 79.50954382819498}, "train": {"index": 96.70859291909115, "non_null": 1.653613323415737e-05, "recall": 0.9999988787220435}}