{"estimate": {"fullscore": 0.8027331836823528}, "model": {"distinct": 160}, "product": {"weighted_avg": 0.789724687515893}, "reports": {"index": 2.0667696598656193, "meanscore": 0.8762261455599849}, "results": {"auc": 0.9279498260015375, "falsepos": 0.0339661525421, "prediction_time": 2.816530186069677}, "train": {"index": 1.1182730171002806, "non_null": 0.2162476829073654, "recall": 0.7266853012319708}}