{"estimate": {"fullscore": 0.9999967300158726}, "model": {"distinct": 777}, "product": {"weighted_avg": 8.468224906703165}, "reports": {"index": 245.22723453954328, "meanscore": 0.9999998014224145}, "results": {"auc": 1.0, "falsepos": 0.0, "prediction_time": 714.1942686392381}, "train": {"index": 2120.6324516474715, "non_null": 3.12194714524594e-12, "recall": 0.999999999999996}}