{"estimate": {"fullscore": 0.8771219908968341}, "model": {"distinct": 225}, "product": {"weighted_avg": 1.5859148700199035}, "reports": {"index": 3.3957061277039857, "meanscore": 0.9467562443120343}, "results": {"auc": 0.9826972870147446, "falsepos": 0.005224623910545789, "prediction_time": 4.908975165133139}, "train": {"index": 2.1508576712328433, "non_null": 0.11106017021096293, "recall": 0.9103655400734219}}