{"estimate": {"fullscore": 0.9879146308042167}, "model": {"distinct": 367}, "product": {"weighted_avg": 3.41004950513453}, "reports": {"index": 11.030325694509973, "meanscore": 0.9948199237707659}, "results": {"auc": 0.9999644940229874, "falsepos": 6.190314409959541e-06, "prediction_time": 20.199223825682626}, "train": {"index": 13.707395594889178, "non_null": 0.003390418515585192, "recall": 0.998781868030501}}