{"estimate": {"fullscore": 0.9810958636142378}, "model": {"distinct": 363}, "product": {"weighted_avg": 3.155988344450274}, "reports": {"index": 9.42139032408033, "meanscore": 0.9914655829163935}, "results": {"auc": 0.9999327467830464, "falsepos": 3.10208235535514e-05, "prediction_time": 16.65943507471268}, "train": {"index": 11.011907515680212, "non_null": 0.006085721321143711, "recall": 0.9970512187710436}}