{"estimate": {"fullscore": 0.9988082942071703}, "model": {"distinct": 541}, "product": {"weighted_avg": 5.448362754599025}, "reports": {"index": 37.742942000671036, "meanscore": 0.9998647681928927}, "results": {"auc": 0.9999999992067209, "falsepos": 1.21015975018679e-10, "prediction_time": 77.23506071660408}, "train": {"index": 103.44955445442349, "non_null": 1.1438897585369645e-05, "recall": 0.9999990919755603}}