{"estimate": {"fullscore": 0.9999210165359842}, "model": {"distinct": 672}, "product": {"weighted_avg": 6.9690628871048395}, "reports": {"index": 97.93112081314835, "meanscore": 0.9999924310625435}, "results": {"auc": 0.9999999999999973, "falsepos": 1.5543122344752192e-15, "prediction_time": 262.59234104769075}, "train": {"index": 482.413284025376, "non_null": 6.964409049459164e-09, "recall": 0.9999999999017665}}