{"estimate": {"fullscore": 0.808629071878734}, "model": {"distinct": 168}, "product": {"weighted_avg": 0.8657843152010962}, "reports": {"index": 2.082221264508362, "meanscore": 0.8825327040971498}, "results": {"auc": 0.928914706790749, "falsepos": 0.03526944711095459, "prediction_time": 2.936177793635876}, "train": {"index": 1.1166671799681995, "non_null": 0.20709966150216852, "recall": 0.737678333528474}}