{"estimate": {"fullscore": 0.924864200685505}, "model": {"distinct": 284}, "product": {"weighted_avg": 2.004776399475064}, "reports": {"index": 4.10898018493243, "meanscore": 0.9717000192435193}, "results": {"auc": 0.9972440278883992, "falsepos": 0.0011676742825952324, "prediction_time": 6.931504099732351}, "train": {"index": 3.588537818644503, "non_null": 0.047200753846396104, "recall": 0.9546374768824745}}