{"estimate": {"fullscore": 0.9999201396800198}, "model": {"distinct": 650}, "product": {"weighted_avg": 6.752340991080144}, "reports": {"index": 88.76333159095672, "meanscore": 0.9999935240717445}, "results": {"auc": 0.9999999999999917, "falsepos": 1.2434497875801753e-14, "prediction_time": 215.71576544958614}, "train": {"index": 427.9066793188539, "non_null": 1.117593884103485e-08, "recall": 0.9999999996898885}}