{"estimate": {"fullscore": 0.883421146313488}, "model": {"distinct": 236}, "product": {"weighted_avg": 1.6155114831221504}, "reports": {"index": 3.3545724971280824, "meanscore": 0.9483840256046888}, "results": {"auc": 0.9875948394257951, "falsepos": 0.004239394139344155, "prediction_time": 5.3838527675900245}, "train": {"index": 2.29733473478437, "non_null": 0.11338483926767673, "recall": 0.9170845387955592}}