{"estimate": {"fullscore": 0.9999980098460408}, "model": {"distinct": 793}, "product": {"weighted_avg": 8.673298523861819}, "reports": {"index": 311.2968883864112, "meanscore": 0.9999999028034772}, "results": {"auc": 1.0, "falsepos": 0.0, "prediction_time": 756.1707121331722}, "train": {"index": 2736.0698630885395, "non_null": 6.755707104844078e-13, "recall": 0.9999999999999993}}