{"estimate": {"fullscore": 0.9240817305947868}, "model": {"distinct": 282}, "product": {"weighted_avg": 1.92161925282696}, "reports": {"index": 3.7824088515545253, "meanscore": 0.97066961607902}, "results": {"auc": 0.995761440243595, "falsepos": 0.0013325039294905805, "prediction_time": 7.299834286837245}, "train": {"index": 3.365638729871214, "non_null": 0.05593889328999457, "recall": 0.9504322979881457}}