{"estimate": {"fullscore": 0.9999966988369556}, "model": {"distinct": 779}, "product": {"weighted_avg": 8.400042669880623}, "reports": {"index": 246.35107250963628, "meanscore": 0.999999772636115}, "results": {"auc": 1.0, "falsepos": 0.0, "prediction_time": 721.8171519067658}, "train": {"index": 2110.7871214549773, "non_null": 2.422839706639479e-12, "recall": 0.9999999999999967}}