{"estimate": {"fullscore": 0.9714504856088103}, "model": {"distinct": 353}, "product": {"weighted_avg": 2.876385561060748}, "reports": {"index": 8.552422422139774, "meanscore": 0.9893505844867867}, "results": {"auc": 0.9998184742257499, "falsepos": 0.00014520332130740776, "prediction_time": 13.686382733865718}, "train": {"index": 8.235156105669594, "non_null": 0.012079661096115468, "recall": 0.9947423827200113}}