{"estimate": {"fullscore": 0.9947076625907083}, "model": {"distinct": 437}, "product": {"weighted_avg": 4.101083072902689}, "reports": {"index": 17.896810041121423, "meanscore": 0.9985916034116347}, "results": {"auc": 0.9999991879562842, "falsepos": 2.64880442024662e-07, "prediction_time": 37.870204900876075}, "train": {"index": 32.50412988322964, "non_null": 0.0003393940555754815, "recall": 0.9999342985775209}}