{"estimate": {"fullscore": 0.980111901119676}, "model": {"distinct": 362}, "product": {"weighted_avg": 3.1038660610140214}, "reports": {"index": 8.457624095054406, "meanscore": 0.9930999688130516}, "results": {"auc": 0.999918559107748, "falsepos": 3.928868160929522e-05, "prediction_time": 15.328381161497383}, "train": {"index": 10.058724735005551, "non_null": 0.006544854781404208, "recall": 0.9957683784938111}}