{"estimate": {"fullscore": 0.9999687395518685}, "model": {"distinct": 713}, "product": {"weighted_avg": 7.436281398148906}, "reports": {"index": 149.3929645860951, "meanscore": 0.999997252862491}, "results": {"auc": 0.9999999999999999, "falsepos": 0.0, "prediction_time": 368.76396575621555}, "train": {"index": 775.2823930787472, "non_null": 7.610599928042916e-10, "recall": 0.999999999998072}}