{"estimate": {"fullscore": 0.8335751467866761}, "model": {"distinct": 188}, "product": {"weighted_avg": 1.0784345551180508}, "reports": {"index": 2.3337749340035763, "meanscore": 0.9030823534692898}, "results": {"auc": 0.9670035886386661, "falsepos": 0.013468840775415325, "prediction_time": 3.7773863453281935}, "train": {"index": 1.467524681860172, "non_null": 0.18427779207631423, "recall": 0.8068744342915599}}