{"estimate": {"fullscore": 0.9999194556163351}, "model": {"distinct": 651}, "product": {"weighted_avg": 6.743964338532566}, "reports": {"index": 88.4978156954976, "meanscore": 0.9999936598606416}, "results": {"auc": 0.9999999999999921, "falsepos": 1.2545520178264269e-14, "prediction_time": 216.87771347228244}, "train": {"index": 430.42134131683184, "non_null": 1.0935372496412299e-08, "recall": 0.9999999996916648}}