{"estimate": {"fullscore": 0.999999793436924}, "model": {"distinct": 900}, "product": {"weighted_avg": 9.928694776050596}, "reports": {"index": 638.8635583086584, "meanscore": 0.9999999984456177}, "results": {"auc": 1.0, "falsepos": 0.0, "prediction_time": 1645.9082376866288}, "train": {"index": 7931.91991874912, "non_null": 2.220446049250313e-16, "recall": 1.0}}