{"estimate": {"fullscore": 0.988420605164166}, "model": {"distinct": 400}, "product": {"weighted_avg": 3.5925546855323813}, "reports": {"index": 10.395441790641323, "meanscore": 0.9967590440460212}, "results": {"auc": 0.9999883096553954, "falsepos": 3.339063601837111e-06, "prediction_time": 23.155277342244396}, "train": {"index": 17.77832514876119, "non_null": 0.0019515705946987483, "recall": 0.9989945421945623}}