{"estimate": {"fullscore": 0.9998757760871271}, "model": {"distinct": 646}, "product": {"weighted_avg": 6.663596993565219}, "reports": {"index": 85.66313987083156, "meanscore": 0.999988522258688}, "results": {"auc": 0.9999999999999577, "falsepos": 7.382983113757291e-14, "prediction_time": 219.84772588380304}, "train": {"index": 375.1974615926661, "non_null": 5.7648062767867714e-08, "recall": 0.999999999573408}}