{"estimate": {"fullscore": 0.8020314684619748}, "model": {"distinct": 158}, "product": {"weighted_avg": 0.6735872423260532}, "reports": {"index": 1.6278486923397937, "meanscore": 0.847286200000384}, "results": {"auc": 0.9150157701633237, "falsepos": 0.03869441426962639, "prediction_time": 2.794192397322172}, "train": {"index": 0.9544032919997114, "non_null": 0.31361350514932707, "recall": 0.6456225214680568}}