{"estimate": {"fullscore": 0.7821560500048943}, "model": {"distinct": 154}, "product": {"weighted_avg": 0.5366695521712561}, "reports": {"index": 1.7239643665296032, "meanscore": 0.8618976276109476}, "results": {"auc": 0.8992567089789597, "falsepos": 0.06432241732871535, "prediction_time": 2.667595614999136}, "train": {"index": 0.8841348784493681, "non_null": 0.3334213435061375, "recall": 0.6525895105051354}}