{"estimate": {"fullscore": 0.9999998076234115}, "model": {"distinct": 898}, "product": {"weighted_avg": 9.944694893127599}, "reports": {"index": 650.6526563030271, "meanscore": 0.9999999985829315}, "results": {"auc": 1.0, "falsepos": 0.0, "prediction_time": 1671.5016004904292}, "train": {"index": 8039.845082514944, "non_null": 2.220446049250313e-16, "recall": 1.0}}