{"estimate": {"fullscore": 0.9965236535341722}, "model": {"distinct": 479}, "product": {"weighted_avg": 4.596897620269419}, "reports": {"index": 23.241408770612736, "meanscore": 0.9993446252819767}, "results": {"auc": 0.9999998846495096, "falsepos": 2.3233889367979543e-08, "prediction_time": 45.25909473359222}, "train": {"index": 47.466148290403446, "non_null": 0.00010304324783794172, "recall": 0.9999840098102419}}