{"estimate": {"fullscore": 0.9999878434979372}, "model": {"distinct": 749}, "product": {"weighted_avg": 7.93221706776588}, "reports": {"index": 231.02024391981448, "meanscore": 0.99999947110367}, "results": {"auc": 1.0, "falsepos": 0.0, "prediction_time": 470.2239112385577}, "train": {"index": 1445.5440324983247, "non_null": 1.7111867478547538e-11, "recall": 0.9999999999999648}}