{"estimate": {"fullscore": 0.999692638664381}, "model": {"distinct": 587}, "product": {"weighted_avg": 6.0542100471812885}, "reports": {"index": 60.55606528944796, "meanscore": 0.9999600644734732}, "results": {"auc": 0.9999999999939853, "falsepos": 1.0329515021112456e-12, "prediction_time": 124.3552163702779}, "train": {"index": 195.55885946614112, "non_null": 3.3604181604030003e-07, "recall": 0.999999979380394}}