{"estimate": {"fullscore": 0.9952837543931845}, "model": {"distinct": 440}, "product": {"weighted_avg": 4.2652177534118625}, "reports": {"index": 19.411012003167784, "meanscore": 0.9988640563478587}, "results": {"auc": 0.9999994805755795, "falsepos": 1.6525677282164253e-07, "prediction_time": 36.19140756451126}, "train": {"index": 35.79744754832957, "non_null": 0.00023722083296973118, "recall": 0.9999465851054912}}