{"estimate": {"fullscore": 0.8900301493801327}, "model": {"distinct": 251}, "product": {"weighted_avg": 1.7205715516132334}, "reports": {"index": 3.724183246247024, "meanscore": 0.9549830468572607}, "results": {"auc": 0.989485000724778, "falsepos": 0.004612313967184867, "prediction_time": 5.845075111360365}, "train": {"index": 2.5005735098982482, "non_null": 0.09455016974203068, "recall": 0.9337624327340779}}