{"estimate": {"fullscore": 0.999945120421267}, "model": {"distinct": 678}, "product": {"weighted_avg": 7.136804572248408}, "reports": {"index": 115.72980584301723, "meanscore": 0.9999959362662445}, "results": {"auc": 0.9999999999999984, "falsepos": 4.440892098500626e-16, "prediction_time": 276.7362787472314}, "train": {"index": 522.1648697252848, "non_null": 5.671660918693533e-09, "recall": 0.9999999999706608}}