{"estimate": {"fullscore": 0.9645700419950822}, "model": {"distinct": 329}, "product": {"weighted_avg": 2.6506813839447227}, "reports": {"index": 6.723684877103338, "meanscore": 0.9865433931090759}, "results": {"auc": 0.9993532083166691, "falsepos": 0.0001853005310529232, "prediction_time": 12.972171976184129}, "train": {"index": 6.553092994958941, "non_null": 0.021217645337183733, "recall": 0.9907493988600806}}