{"estimate": {"fullscore": 0.9997955276727108}, "model": {"distinct": 611}, "product": {"weighted_avg": 6.255099974712271}, "reports": {"index": 68.66717582283064, "meanscore": 0.9999729678797834}, "results": {"auc": 0.9999999999981124, "falsepos": 1.6275869541004795e-13, "prediction_time": 146.76708227254707}, "train": {"index": 227.2819543572132, "non_null": 1.8112577349072012e-07, "recall": 0.9999999915231973}}