{"estimate": {"fullscore": 0.9998637374622648}, "model": {"distinct": 649}, "product": {"weighted_avg": 6.733309041632179}, "reports": {"index": 82.66159815590223, "meanscore": 0.9999852712563391}, "results": {"auc": 0.9999999999999672, "falsepos": 2.5646151868841116e-14, "prediction_time": 222.03242483452323}, "train": {"index": 395.776309535465, "non_null": 3.8517631972823096e-08, "recall": 0.9999999995443509}}