{"estimate": {"fullscore": 0.9965085093613784}, "model": {"distinct": 493}, "product": {"weighted_avg": 4.618708628462829}, "reports": {"index": 24.159073256076848, "meanscore": 0.9993946080342262}, "results": {"auc": 0.9999999350918037, "falsepos": 2.1425875296188224e-08, "prediction_time": 44.92215697409269}, "train": {"index": 47.90654486697377, "non_null": 9.14117354051669e-05, "recall": 0.9999852520450814}}