{"estimate": {"fullscore": 0.8248359871445472}, "model": {"distinct": 192}, "product": {"weighted_avg": 0.9723810173331264}, "reports": {"index": 2.1965072012274756, "meanscore": 0.894240162962032}, "results": {"auc": 0.9544870441598041, "falsepos": 0.025742598310365628, "prediction_time": 3.2675069473273473}, "train": {"index": 1.2175098495371703, "non_null": 0.20085711355499336, "recall": 0.7700724178782575}}