{"estimate": {"fullscore": 0.9965713596661742}, "model": {"distinct": 494}, "product": {"weighted_avg": 4.665090333383218}, "reports": {"index": 23.471879158847706, "meanscore": 0.9993929425580726}, "results": {"auc": 0.9999999685575345, "falsepos": 1.422859730038084e-08, "prediction_time": 52.04250000160408}, "train": {"index": 50.11316498981063, "non_null": 0.00010904136635281336, "recall": 0.9999875935978428}}