{"estimate": {"fullscore": 0.9999995417894412}, "model": {"distinct": 871}, "product": {"weighted_avg": 9.568110548523913}, "reports": {"index": 555.837252315604, "meanscore": 0.9999999959996289}, "results": {"auc": 1.0, "falsepos": 0.0, "prediction_time": 1402.2823854066196}, "train": {"index": 6671.6237266236885, "non_null": 2.220446049250313e-15, "recall": 1.0}}