{"estimate": {"fullscore": 0.7516676201491816}, "model": {"distinct": 153}, "product": {"weighted_avg": 0.5043993772605793}, "reports": {"index": 1.6225449074375629, "meanscore": 0.8458912306569553}, "results": {"auc": 0.8543414434695246, "falsepos": 0.0798833201582606, "prediction_time": 2.316178066756594}, "train": {"index": 0.7509883119720968, "non_null": 0.3665406490582227, "recall": 0.5987910598368642}}