{"estimate": {"fullscore": 0.9998068805812128}, "model": {"distinct": 618}, "product": {"weighted_avg": 6.4515713652651865}, "reports": {"index": 76.33613406358721, "meanscore": 0.9999802906654318}, "results": {"auc": 0.9999999999995285, "falsepos": 1.7852386235972517e-13, "prediction_time": 164.37978027883742}, "train": {"index": 283.2379235196497, "non_null": 8.727247835516039e-08, "recall": 0.999999998299763}}