{"estimate": {"fullscore": 0.9999997653396969}, "model": {"distinct": 881}, "product": {"weighted_avg": 9.825104599680575}, "reports": {"index": 536.1418750407005, "meanscore": 0.999999995439548}, "results": {"auc": 1.0, "falsepos": 0.0, "prediction_time": 1676.1449956893007}, "train": {"index": 7117.220936096765, "non_null": 1.7763568394002505e-15, "recall": 1.0}}