{"estimate": {"fullscore": 0.9998701855026704}, "model": {"distinct": 646}, "product": {"weighted_avg": 6.678371294845307}, "reports": {"index": 83.93254730877172, "meanscore": 0.9999883726661092}, "results": {"auc": 0.9999999999999529, "falsepos": 7.172040739078511e-14, "prediction_time": 214.55346068990664}, "train": {"index": 370.1291928351332, "non_null": 6.130366148049404e-08, "recall": 0.9999999995462284}}