{"estimate": {"fullscore": 0.9999989517529458}, "model": {"distinct": 837}, "product": {"weighted_avg": 9.097336195413162}, "reports": {"index": 406.5467579903514, "meanscore": 0.9999999634669038}, "results": {"auc": 1.0, "falsepos": 0.0, "prediction_time": 975.1252464693063}, "train": {"index": 3812.1370920868826, "non_null": 9.059419880941277e-14, "recall": 1.0}}