{"estimate": {"fullscore": 0.995252447708237}, "model": {"distinct": 450}, "product": {"weighted_avg": 4.344774268495638}, "reports": {"index": 19.846694734409283, "meanscore": 0.9988809667803484}, "results": {"auc": 0.9999997317887717, "falsepos": 1.4435997863770922e-07, "prediction_time": 36.603362132148035}, "train": {"index": 35.83041570464162, "non_null": 0.00018714083859361352, "recall": 0.999953662203716}}