{"estimate": {"fullscore": 0.9995250384871688}, "model": {"distinct": 582}, "product": {"weighted_avg": 5.813888078278806}, "reports": {"index": 51.635221511921436, "meanscore": 0.9998968140082092}, "results": {"auc": 0.9999999999426608, "falsepos": 5.413780534979651e-12, "prediction_time": 106.17678394468611}, "train": {"index": 140.53813481447327, "non_null": 1.903703529593237e-06, "recall": 0.9999999363536399}}