{"estimate": {"fullscore": 0.9999930241112093}, "model": {"distinct": 758}, "product": {"weighted_avg": 8.205622216380453}, "reports": {"index": 209.74058725436194, "meanscore": 0.9999995586300006}, "results": {"auc": 1.0, "falsepos": 0.0, "prediction_time": 576.0100700196318}, "train": {"index": 1675.5268347840442, "non_null": 9.199196959741585e-12, "recall": 0.9999999999999782}}