{"estimate": {"fullscore": 0.9993592900373724}, "model": {"distinct": 581}, "product": {"weighted_avg": 5.818891623287436}, "reports": {"index": 53.29296904268094, "meanscore": 0.9998831524703521}, "results": {"auc": 0.9999999999172575, "falsepos": 1.3745338200976676e-11, "prediction_time": 103.79636333000083}, "train": {"index": 137.4189062670452, "non_null": 2.0584709847781824e-06, "recall": 0.9999999362704939}}