{"estimate": {"fullscore": 0.9902018340873642}, "model": {"distinct": 401}, "product": {"weighted_avg": 3.6576867547263636}, "reports": {"index": 10.622224586742, "meanscore": 0.9958078674155583}, "results": {"auc": 0.9999902095076442, "falsepos": 5.2166509059148325e-06, "prediction_time": 23.953861654905765}, "train": {"index": 18.330951176381976, "non_null": 0.0018989831702873605, "recall": 0.9990778366773319}}