{"estimate": {"fullscore": 0.8175900087895951}, "model": {"distinct": 158}, "product": {"weighted_avg": 0.7766361333551564}, "reports": {"index": 1.8144431406593735, "meanscore": 0.8715310988999754}, "results": {"auc": 0.9125793996926554, "falsepos": 0.05020617247764814, "prediction_time": 2.668430252576409}, "train": {"index": 1.001384609868263, "non_null": 0.25774432266765634, "recall": 0.6708251700373371}}