{"estimate": {"fullscore": 0.9836831919799316}, "model": {"distinct": 363}, "product": {"weighted_avg": 3.1765222071909283}, "reports": {"index": 9.691575422860739, "meanscore": 0.9927574580579903}, "results": {"auc": 0.9999368275673068, "falsepos": 1.17473912860655e-05, "prediction_time": 18.375319963845527}, "train": {"index": 12.270052115943825, "non_null": 0.00561580991149313, "recall": 0.9977258263217189}}