{"estimate": {"fullscore": 0.9982019655299964}, "model": {"distinct": 515}, "product": {"weighted_avg": 5.194333705864991}, "reports": {"index": 28.966007071607052, "meanscore": 0.9997480433401399}, "results": {"auc": 0.9999999977261087, "falsepos": 1.2893437428829202e-09, "prediction_time": 71.01691326189274}, "train": {"index": 80.84488550339647, "non_null": 3.181468620983008e-05, "recall": 0.9999969272953936}}