{"estimate": {"fullscore": 0.9999601359496635}, "model": {"distinct": 695}, "product": {"weighted_avg": 7.415594036756685}, "reports": {"index": 151.43931234514488, "meanscore": 0.9999966654723802}, "results": {"auc": 0.9999999999999999, "falsepos": 1.1102230246251565e-16, "prediction_time": 313.31740892040443}, "train": {"index": 752.8361959138058, "non_null": 6.915716888045154e-10, "recall": 0.999999999996683}}