{"estimate": {"fullscore": 0.8682383162426518}, "model": {"distinct": 202}, "product": {"weighted_avg": 1.2352203559188077}, "reports": {"index": 2.9140064827922574, "meanscore": 0.9239625287471784}, "results": {"auc": 0.9722782464255637, "falsepos": 0.018070540666605295, "prediction_time": 3.6882574630676945}, "train": {"index": 1.6024326033739178, "non_null": 0.1490777683495208, "recall": 0.8573174813105033}}