{"estimate": {"fullscore": 0.9911310805488236}, "model": {"distinct": 402}, "product": {"weighted_avg": 3.8045070907903185}, "reports": {"index": 12.906769050274479, "meanscore": 0.9968645232953968}, "results": {"auc": 0.9999963610893615, "falsepos": 3.681045662506932e-06, "prediction_time": 25.66053983217523}, "train": {"index": 20.82614507049857, "non_null": 0.0011289972250123625, "recall": 0.999511259126223}}