{"estimate": {"fullscore": 0.7513735348141064}, "model": {"distinct": 148}, "product": {"weighted_avg": 0.47529590778249003}, "reports": {"index": 1.681155408540263, "meanscore": 0.8402678272578779}, "results": {"auc": 0.8280116905252135, "falsepos": 0.09111670877751099, "prediction_time": 2.060638690288853}, "train": {"index": 0.7055606013288784, "non_null": 0.3591800573038625, "recall": 0.5802713899060302}}