{"estimate": {"fullscore": 0.999916420350099}, "model": {"distinct": 674}, "product": {"weighted_avg": 7.039609460328835}, "reports": {"index": 106.14363180054245, "meanscore": 0.9999929199384416}, "results": {"auc": 0.999999999999998, "falsepos": 4.440892098500626e-16, "prediction_time": 268.2803451053303}, "train": {"index": 510.54485577686705, "non_null": 6.587795309265232e-09, "recall": 0.999999999945927}}