{"estimate": {"fullscore": 0.9999214429926917}, "model": {"distinct": 649}, "product": {"weighted_avg": 6.760270454512272}, "reports": {"index": 89.67746108653583, "meanscore": 0.999993916036322}, "results": {"auc": 0.999999999999993, "falsepos": 1.199040866595169e-14, "prediction_time": 219.8622509135891}, "train": {"index": 438.0259370187754, "non_null": 1.2812558125574469e-08, "recall": 0.9999999996895752}}