{"estimate": {"fullscore": 0.9966332283561673}, "model": {"distinct": 491}, "product": {"weighted_avg": 4.591290115532954}, "reports": {"index": 24.759422497824005, "meanscore": 0.9993812990865654}, "results": {"auc": 0.999999937528533, "falsepos": 2.1703462693700715e-08, "prediction_time": 45.36055570709257}, "train": {"index": 49.03586931209004, "non_null": 8.0097945013069e-05, "recall": 0.9999865679893469}}