{"estimate": {"fullscore": 0.8286499999179229}, "model": {"distinct": 188}, "product": {"weighted_avg": 0.9946883963856397}, "reports": {"index": 2.33640544529292, "meanscore": 0.8999476886943838}, "results": {"auc": 0.954867917956847, "falsepos": 0.01492757260098898, "prediction_time": 3.49642244379732}, "train": {"index": 1.3963492137174787, "non_null": 0.18397797469635202, "recall": 0.7953333236299494}}