{"estimate": {"fullscore": 0.9989440290041751}, "model": {"distinct": 545}, "product": {"weighted_avg": 5.43491543095577}, "reports": {"index": 38.864329173583805, "meanscore": 0.9998580737532239}, "results": {"auc": 0.999999999709211, "falsepos": 1.905331448170955e-10, "prediction_time": 89.75433314587532}, "train": {"index": 112.97099625161265, "non_null": 9.091902698488141e-06, "recall": 0.9999994632912232}}