{"estimate": {"fullscore": 0.9998044297106773}, "model": {"distinct": 619}, "product": {"weighted_avg": 6.443260514002693}, "reports": {"index": 76.4680043017071, "meanscore": 0.9999795678860548}, "results": {"auc": 0.9999999999995164, "falsepos": 2.1382895454280515e-13, "prediction_time": 163.67806726949522}, "train": {"index": 284.2496590340129, "non_null": 7.795807621668871e-08, "recall": 0.9999999984086638}}