{"estimate": {"fullscore": 0.9999995306080687}, "model": {"distinct": 870}, "product": {"weighted_avg": 9.56510353083122}, "reports": {"index": 552.6107480561608, "meanscore": 0.9999999958356374}, "results": {"auc": 1.0, "falsepos": 0.0, "prediction_time": 1420.276127781941}, "train": {"index": 6716.552221282481, "non_null": 2.220446049250313e-15, "recall": 1.0}}