{"estimate": {"fullscore": 0.999875434304827}, "model": {"distinct": 645}, "product": {"weighted_avg": 6.673480605410733}, "reports": {"index": 85.21352030798164, "meanscore": 0.999989092213015}, "results": {"auc": 0.9999999999999571, "falsepos": 7.616129948928574e-14, "prediction_time": 219.13841451888763}, "train": {"index": 371.7522831387863, "non_null": 6.317750012030388e-08, "recall": 0.9999999995259587}}