{"estimate": {"fullscore": 0.9984927457004875}, "model": {"distinct": 513}, "product": {"weighted_avg": 5.191628809685409}, "reports": {"index": 28.496313759132565, "meanscore": 0.9996141701607195}, "results": {"auc": 0.9999999972940345, "falsepos": 3.165125495030452e-09, "prediction_time": 69.59126651797439}, "train": {"index": 75.9799941953233, "non_null": 3.92116486109817e-05, "recall": 0.9999965056885457}}