{"estimate": {"fullscore": 0.8120697289498197}, "model": {"distinct": 169}, "product": {"weighted_avg": 0.8673594567394942}, "reports": {"index": 2.060461437053901, "meanscore": 0.8834827658925553}, "results": {"auc": 0.9290360372490087, "falsepos": 0.034482425080371804, "prediction_time": 2.9277846084105987}, "train": {"index": 1.1026980457961517, "non_null": 0.20728179156394577, "recall": 0.7378537442652484}}