{"estimate": {"fullscore": 0.9997964668622215}, "model": {"distinct": 612}, "product": {"weighted_avg": 6.255918304439861}, "reports": {"index": 68.77187588148516, "meanscore": 0.9999731680310606}, "results": {"auc": 0.9999999999981293, "falsepos": 1.5232259897857148e-13, "prediction_time": 146.27275568825445}, "train": {"index": 226.87001754480687, "non_null": 1.8148438540865897e-07, "recall": 0.9999999915983884}}