{"estimate": {"fullscore": 0.9935427295575253}, "model": {"distinct": 426}, "product": {"weighted_avg": 4.055737139245196}, "reports": {"index": 15.543294254666593, "meanscore": 0.9978325957736035}, "results": {"auc": 0.9999973204611745, "falsepos": 5.508297404865914e-07, "prediction_time": 30.577664239930954}, "train": {"index": 23.972166853223282, "non_null": 0.0006928135449424389, "recall": 0.9998230377346269}}