{"estimate": {"fullscore": 0.9999198089097185}, "model": {"distinct": 651}, "product": {"weighted_avg": 6.744354923010167}, "reports": {"index": 88.60307471705752, "meanscore": 0.9999937023089271}, "results": {"auc": 0.9999999999999922, "falsepos": 1.176836406102666e-14, "prediction_time": 216.3273709822134}, "train": {"index": 429.8668403352939, "non_null": 1.1059199112040119e-08, "recall": 0.9999999996949857}}