{"estimate": {"fullscore": 0.9999966888255787}, "model": {"distinct": 779}, "product": {"weighted_avg": 8.399297851915556}, "reports": {"index": 246.32373928091627, "meanscore": 0.9999997706864492}, "results": {"auc": 1.0, "falsepos": 0.0, "prediction_time": 721.0466712165612}, "train": {"index": 2110.035701225309, "non_null": 2.392641640369675e-12, "recall": 0.9999999999999967}}