{"estimate": {"fullscore": 0.9998045291808102}, "model": {"distinct": 618}, "product": {"weighted_avg": 6.442294895377848}, "reports": {"index": 76.87931545468732, "meanscore": 0.9999792801594243}, "results": {"auc": 0.9999999999994988, "falsepos": 1.9950707752514063e-13, "prediction_time": 162.7307925640873}, "train": {"index": 284.2182696448019, "non_null": 8.079975810648676e-08, "recall": 0.9999999983397357}}