{"estimate": {"fullscore": 0.9884828597749893}, "model": {"distinct": 391}, "product": {"weighted_avg": 3.5782006419089147}, "reports": {"index": 11.738793743952879, "meanscore": 0.9954041101307594}, "results": {"auc": 0.9999806658659097, "falsepos": 5.5016265669838305e-06, "prediction_time": 21.91589438234508}, "train": {"index": 15.622360037691339, "non_null": 0.0028056478822739983, "recall": 0.9990845335586929}}