{"estimate": {"fullscore": 0.9999851898878094}, "model": {"distinct": 744}, "product": {"weighted_avg": 7.894831761382}, "reports": {"index": 190.37769415886766, "meanscore": 0.9999994518205609}, "results": {"auc": 1.0, "falsepos": 0.0, "prediction_time": 437.86472196361694}, "train": {"index": 1279.092320049545, "non_null": 5.6623150612722384e-11, "recall": 0.9999999999997551}}