{"estimate": {"fullscore": 0.9997958109678421}, "model": {"distinct": 609}, "product": {"weighted_avg": 6.273535819076002}, "reports": {"index": 67.58195182454253, "meanscore": 0.9999722030320226}, "results": {"auc": 0.9999999999981646, "falsepos": 1.709743457922741e-13, "prediction_time": 148.16853672970518}, "train": {"index": 231.75406629019068, "non_null": 1.8708045601556478e-07, "recall": 0.9999999908668336}}