{"estimate": {"fullscore": 0.9999912721230245}, "model": {"distinct": 759}, "product": {"weighted_avg": 8.19643946377805}, "reports": {"index": 206.02854692358318, "meanscore": 0.9999997678388473}, "results": {"auc": 1.0, "falsepos": 0.0, "prediction_time": 590.5666763400948}, "train": {"index": 1783.656515578712, "non_null": 8.513856286640475e-12, "recall": 0.9999999999999772}}