{"estimate": {"fullscore": 0.9714509171777654}, "model": {"distinct": 353}, "product": {"weighted_avg": 2.8763452553996736}, "reports": {"index": 8.552231094977417, "meanscore": 0.9893512070314838}, "results": {"auc": 0.9998184533841559, "falsepos": 0.00014520026384734486, "prediction_time": 13.68651108900976}, "train": {"index": 8.235256804648378, "non_null": 0.012077162282769671, "recall": 0.9947422331785647}}