{"estimate": {"fullscore": 0.993576821510842}, "model": {"distinct": 425}, "product": {"weighted_avg": 4.056855583423713}, "reports": {"index": 15.415244985378546, "meanscore": 0.9978277137285977}, "results": {"auc": 0.9999972270786303, "falsepos": 5.638060673884837e-07, "prediction_time": 30.46545487502753}, "train": {"index": 24.16705842052835, "non_null": 0.0006938569327518129, "recall": 0.9998157995203442}}