{"estimate": {"fullscore": 0.9999987051666339}, "model": {"distinct": 809}, "product": {"weighted_avg": 8.89319600622979}, "reports": {"index": 360.82624750962316, "meanscore": 0.9999999420105147}, "results": {"auc": 1.0, "falsepos": 0.0, "prediction_time": 942.607459976354}, "train": {"index": 3437.8711530679666, "non_null": 2.297051437949449e-13, "recall": 0.9999999999999999}}