{"estimate": {"fullscore": 0.9999792580585054}, "model": {"distinct": 715}, "product": {"weighted_avg": 7.842916892144921}, "reports": {"index": 169.92857932942385, "meanscore": 0.9999991991891838}, "results": {"auc": 1.0, "falsepos": 0.0, "prediction_time": 416.5077245927523}, "train": {"index": 1049.9105498389013, "non_null": 1.1687517620373455e-10, "recall": 0.9999999999993755}}