{"estimate": {"fullscore": 0.9999994856334682}, "model": {"distinct": 876}, "product": {"weighted_avg": 9.547206839461564}, "reports": {"index": 515.7403347388664, "meanscore": 0.999999995212939}, "results": {"auc": 1.0, "falsepos": 0.0, "prediction_time": 1393.308591452971}, "train": {"index": 6475.754802675437, "non_null": 3.9968028886505635e-15, "recall": 1.0}}