{"estimate": {"fullscore": 0.9999982153216633}, "model": {"distinct": 806}, "product": {"weighted_avg": 8.75261402892135}, "reports": {"index": 327.83747945232676, "meanscore": 0.9999999141572068}, "results": {"auc": 1.0, "falsepos": 0.0, "prediction_time": 788.1094102086233}, "train": {"index": 2773.658613838641, "non_null": 4.64184246595778e-13, "recall": 0.9999999999999996}}