{"estimate": {"fullscore": 0.9996957036217676}, "model": {"distinct": 583}, "product": {"weighted_avg": 6.038225246262927}, "reports": {"index": 55.097917124865745, "meanscore": 0.9999556239214935}, "results": {"auc": 0.9999999999958575, "falsepos": 7.296385717836529e-13, "prediction_time": 131.06916612101782}, "train": {"index": 180.3157813484153, "non_null": 5.670976308547182e-07, "recall": 0.9999999725707741}}