{"estimate": {"fullscore": 0.9996863512633647}, "model": {"distinct": 584}, "product": {"weighted_avg": 6.030386464946855}, "reports": {"index": 55.29889866905363, "meanscore": 0.9999547145001417}, "results": {"auc": 0.9999999999958838, "falsepos": 8.542055951465954e-13, "prediction_time": 129.70831548467123}, "train": {"index": 182.26895784192052, "non_null": 5.346275997464289e-07, "recall": 0.9999999736958705}}