{"estimate": {"fullscore": 0.8771249433525219}, "model": {"distinct": 225}, "product": {"weighted_avg": 1.5829595892077437}, "reports": {"index": 3.3994165147724713, "meanscore": 0.9464890719615635}, "results": {"auc": 0.9827124200980099, "falsepos": 0.005212901940721215, "prediction_time": 4.911974641201318}, "train": {"index": 2.1547461167552875, "non_null": 0.11040914212891217, "recall": 0.9109318081689785}}