{"estimate": {"fullscore": 0.887204531903016}, "model": {"distinct": 249}, "product": {"weighted_avg": 1.6097770759969148}, "reports": {"index": 3.6714383146143046, "meanscore": 0.950128207518826}, "results": {"auc": 0.9902413076603538, "falsepos": 0.0041156620830815616, "prediction_time": 5.067813981738261}, "train": {"index": 2.407603372968118, "non_null": 0.09697520323075826, "recall": 0.9231819563535683}}