{"estimate": {"fullscore": 0.99999981312459}, "model": {"distinct": 906}, "product": {"weighted_avg": 9.939688699181572}, "reports": {"index": 667.6807504090746, "meanscore": 0.9999999987172297}, "results": {"auc": 1.0, "falsepos": 0.0, "prediction_time": 1819.6295953418162}, "train": {"index": 8495.991508095554, "non_null": 2.220446049250313e-16, "recall": 1.0}}