{"estimate": {"fullscore": 0.7534042617871697}, "model": {"distinct": 149}, "product": {"weighted_avg": 0.4986522739477954}, "reports": {"index": 1.6407830914505062, "meanscore": 0.8518790678671658}, "results": {"auc": 0.8751635430212616, "falsepos": 0.07834289115493553, "prediction_time": 2.461616141286}, "train": {"index": 0.7737539623870853, "non_null": 0.3623413728615841, "recall": 0.6140822066512853}}