{"estimate": {"fullscore": 0.9974361022165832}, "model": {"distinct": 493}, "product": {"weighted_avg": 4.756858015805044}, "reports": {"index": 23.109701038539534, "meanscore": 0.9991858891285166}, "results": {"auc": 0.9999999777299748, "falsepos": 2.7223928222852578e-08, "prediction_time": 53.74482923820045}, "train": {"index": 51.72268516428169, "non_null": 0.00010650612230489465, "recall": 0.9999872388775833}}