{"estimate": {"fullscore": 0.9981557236173986}, "model": {"distinct": 515}, "product": {"weighted_avg": 5.026367774156768}, "reports": {"index": 26.82550139682091, "meanscore": 0.9995401815919394}, "results": {"auc": 0.9999999909319248, "falsepos": 4.1047114596182155e-09, "prediction_time": 61.5849607565102}, "train": {"index": 68.39653351305327, "non_null": 4.652018623307885e-05, "recall": 0.9999947096637105}}