{"estimate": {"fullscore": 0.9200905057426656}, "model": {"distinct": 289}, "product": {"weighted_avg": 2.0019260145404294}, "reports": {"index": 4.06217631141648, "meanscore": 0.9678814119210668}, "results": {"auc": 0.9975666657638511, "falsepos": 0.0006891736191119158, "prediction_time": 7.078716367861059}, "train": {"index": 3.7810693549339356, "non_null": 0.03847211394309036, "recall": 0.9563064484025349}}