{"estimate": {"fullscore": 0.999508586454865}, "model": {"distinct": 578}, "product": {"weighted_avg": 5.887684096693822}, "reports": {"index": 50.7503277729017, "meanscore": 0.999943767224295}, "results": {"auc": 0.9999999999924505, "falsepos": 3.3870684035264276e-12, "prediction_time": 126.77930991849466}, "train": {"index": 171.65205951286276, "non_null": 1.1340574982421359e-06, "recall": 0.999999953940524}}