{"estimate": {"fullscore": 0.9999995266996328}, "model": {"distinct": 874}, "product": {"weighted_avg": 9.480520439303419}, "reports": {"index": 496.9875516285635, "meanscore": 0.999999994154565}, "results": {"auc": 1.0, "falsepos": 0.0, "prediction_time": 1437.8391721264288}, "train": {"index": 5784.955401556386, "non_null": 8.548717289613705e-15, "recall": 1.0}}