{"estimate": {"fullscore": 0.950691265817502}, "model": {"distinct": 294}, "product": {"weighted_avg": 2.328456797837269}, "reports": {"index": 5.062875356186749, "meanscore": 0.9798679722724992}, "results": {"auc": 0.9986733706757488, "falsepos": 0.0009548412311027876, "prediction_time": 9.351701438691917}, "train": {"index": 4.526785516572763, "non_null": 0.02885831163513175, "recall": 0.9776677798689384}}