{"estimate": {"fullscore": 0.9817787318422614}, "model": {"distinct": 361}, "product": {"weighted_avg": 3.147023788188096}, "reports": {"index": 8.696780452954716, "meanscore": 0.9934089731458077}, "results": {"auc": 0.9999288990593065, "falsepos": 2.565285257594141e-05, "prediction_time": 16.335025862592847}, "train": {"index": 10.35209009404759, "non_null": 0.0062250985965697225, "recall": 0.9962422250075862}}