{"estimate": {"fullscore": 0.9999031297208916}, "model": {"distinct": 650}, "product": {"weighted_avg": 6.847476175989014}, "reports": {"index": 98.95642068807899, "meanscore": 0.9999912187182821}, "results": {"auc": 0.9999999999999917, "falsepos": 6.772360450213455e-15, "prediction_time": 227.15385377850777}, "train": {"index": 466.6150451970078, "non_null": 6.553016573818127e-09, "recall": 0.9999999998373943}}