{"estimate": {"fullscore": 0.7787574249961271}, "model": {"distinct": 155}, "product": {"weighted_avg": 0.5851994051565443}, "reports": {"index": 1.6712910596454074, "meanscore": 0.8647009349651711}, "results": {"auc": 0.909620161420699, "falsepos": 0.05091964159860818, "prediction_time": 2.738524391654526}, "train": {"index": 0.9309086526209461, "non_null": 0.32862398536232384, "recall": 0.6466348569251263}}