{"estimate": {"fullscore": 0.9999997637805226}, "model": {"distinct": 882}, "product": {"weighted_avg": 9.830811358722617}, "reports": {"index": 532.3830214056187, "meanscore": 0.9999999951753953}, "results": {"auc": 1.0, "falsepos": 0.0, "prediction_time": 1663.839840344144}, "train": {"index": 7099.915849568879, "non_null": 1.6653345369377348e-15, "recall": 1.0}}