{"estimate": {"fullscore": 0.9999809388419594}, "model": {"distinct": 720}, "product": {"weighted_avg": 7.877782982810191}, "reports": {"index": 164.62732233722255, "meanscore": 0.9999992720488875}, "results": {"auc": 1.0, "falsepos": 0.0, "prediction_time": 466.54005836838485}, "train": {"index": 1122.3389822514014, "non_null": 1.4616363674946342e-10, "recall": 0.9999999999995446}}