{"estimate": {"fullscore": 0.9984780342354579}, "model": {"distinct": 513}, "product": {"weighted_avg": 5.194339216420809}, "reports": {"index": 28.085785488986666, "meanscore": 0.999603280422431}, "results": {"auc": 0.9999999969410953, "falsepos": 3.4168001761258893e-09, "prediction_time": 69.18130327111626}, "train": {"index": 74.26135705916641, "non_null": 3.843249755730582e-05, "recall": 0.9999963648206232}}