{"estimate": {"fullscore": 0.9998714524030606}, "model": {"distinct": 645}, "product": {"weighted_avg": 6.6752922956339145}, "reports": {"index": 84.2965357915563, "meanscore": 0.999988550124058}, "results": {"auc": 0.9999999999999543, "falsepos": 8.093525849517391e-14, "prediction_time": 217.5385155994721}, "train": {"index": 371.9766253876827, "non_null": 6.195621171656285e-08, "recall": 0.9999999995316865}}