{"estimate": {"fullscore": 0.9999993726910805}, "model": {"distinct": 855}, "product": {"weighted_avg": 9.454960408117348}, "reports": {"index": 543.4593277091315, "meanscore": 0.9999999865389613}, "results": {"auc": 1.0, "falsepos": 0.0, "prediction_time": 1267.5395960198923}, "train": {"index": 5198.090742051884, "non_null": 9.547918011776346e-15, "recall": 1.0}}