{"estimate": {"fullscore": 0.9998043951460212}, "model": {"distinct": 619}, "product": {"weighted_avg": 6.443418754243678}, "reports": {"index": 76.46999174308199, "meanscore": 0.9999795488990724}, "results": {"auc": 0.9999999999995154, "falsepos": 2.1360690993788012e-13, "prediction_time": 163.66533923233843}, "train": {"index": 284.2502084257031, "non_null": 7.804198209893087e-08, "recall": 0.999999998410732}}