{"estimate": {"fullscore": 0.9995957860649233}, "model": {"distinct": 576}, "product": {"weighted_avg": 5.836511381020533}, "reports": {"index": 51.58881142370205, "meanscore": 0.9999524396073389}, "results": {"auc": 0.99999999999117, "falsepos": 1.3206102877916237e-12, "prediction_time": 123.1739311963623}, "train": {"index": 161.14325457816938, "non_null": 1.5361309844141857e-06, "recall": 0.999999955309939}}