{"estimate": {"fullscore": 0.9838083723407145}, "model": {"distinct": 362}, "product": {"weighted_avg": 3.1913447476957773}, "reports": {"index": 9.614472894839922, "meanscore": 0.9929562017047144}, "results": {"auc": 0.9999364149431639, "falsepos": 1.258706715157043e-05, "prediction_time": 18.477289475677964}, "train": {"index": 12.17028863690822, "non_null": 0.005700242698867264, "recall": 0.9977235147837447}}