{"estimate": {"fullscore": 0.9999803288422698}, "model": {"distinct": 711}, "product": {"weighted_avg": 7.6354679187399315}, "reports": {"index": 159.71939459714338, "meanscore": 0.999998963484787}, "results": {"auc": 1.0, "falsepos": 0.0, "prediction_time": 388.7926034771622}, "train": {"index": 909.3050442200946, "non_null": 1.6430112825815968e-10, "recall": 0.999999999998869}}