{"estimate": {"fullscore": 0.9225551127974803}, "model": {"distinct": 271}, "product": {"weighted_avg": 1.8944854254082664}, "reports": {"index": 3.8648979221285797, "meanscore": 0.969336082970482}, "results": {"auc": 0.9948793979608723, "falsepos": 0.0018378663112434968, "prediction_time": 6.5683265749557105}, "train": {"index": 3.135581903801365, "non_null": 0.0535480754328459, "recall": 0.9458478855269069}}