{"estimate": {"fullscore": 0.99950669612976}, "model": {"distinct": 583}, "product": {"weighted_avg": 5.812039023829628}, "reports": {"index": 49.57294342576469, "meanscore": 0.9999359305841656}, "results": {"auc": 0.9999999999571207, "falsepos": 2.7400304247748863e-12, "prediction_time": 109.06325977990916}, "train": {"index": 147.0205110717505, "non_null": 1.5668594913753608e-06, "recall": 0.9999999307877759}}