{"estimate": {"fullscore": 0.9983552275120229}, "model": {"distinct": 522}, "product": {"weighted_avg": 5.219677984011154}, "reports": {"index": 32.69893581226299, "meanscore": 0.999787037930319}, "results": {"auc": 0.999999997592409, "falsepos": 2.965204748406336e-10, "prediction_time": 69.5338022203403}, "train": {"index": 83.29733117017145, "non_null": 2.0359893129207052e-05, "recall": 0.9999978495286111}}