{"estimate": {"fullscore": 0.999592022616923}, "model": {"distinct": 576}, "product": {"weighted_avg": 5.835194202445913}, "reports": {"index": 51.43505921050006, "meanscore": 0.9999517358715866}, "results": {"auc": 0.9999999999910064, "falsepos": 1.5067946890212625e-12, "prediction_time": 123.97990398253803}, "train": {"index": 161.6938481108868, "non_null": 1.5162636138876806e-06, "recall": 0.9999999544103888}}