{"estimate": {"fullscore": 0.9939727343165486}, "model": {"distinct": 425}, "product": {"weighted_avg": 4.061083650403941}, "reports": {"index": 15.656000091646225, "meanscore": 0.9978848512929972}, "results": {"auc": 0.9999973194417193, "falsepos": 5.576002215512688e-07, "prediction_time": 31.134070542251443}, "train": {"index": 24.202173824048987, "non_null": 0.0007011752232554125, "recall": 0.9998102072118639}}