{"estimate": {"fullscore": 0.9997759820676206}, "model": {"distinct": 610}, "product": {"weighted_avg": 6.30038894883929}, "reports": {"index": 73.22854217484675, "meanscore": 0.9999785153062022}, "results": {"auc": 0.9999999999986662, "falsepos": 2.665645482125001e-13, "prediction_time": 151.3988858833632}, "train": {"index": 243.39669723673882, "non_null": 1.5557734589499717e-07, "recall": 0.9999999946424624}}