{"estimate": {"fullscore": 0.9999997661451868}, "model": {"distinct": 882}, "product": {"weighted_avg": 9.829850082469916}, "reports": {"index": 533.8124389379972, "meanscore": 0.9999999952416847}, "results": {"auc": 1.0, "falsepos": 0.0, "prediction_time": 1667.9272852594881}, "train": {"index": 7098.249836877563, "non_null": 1.6653345369377348e-15, "recall": 1.0}}