{"estimate": {"fullscore": 0.9892600179523269}, "model": {"distinct": 408}, "product": {"weighted_avg": 3.7791534319238935}, "reports": {"index": 11.212776730370992, "meanscore": 0.9965284324593962}, "results": {"auc": 0.9999897297886096, "falsepos": 5.561526471353773e-06, "prediction_time": 26.334223126465435}, "train": {"index": 20.197650550107184, "non_null": 0.0017242317244395844, "recall": 0.9993597900407942}}