{"estimate": {"fullscore": 0.9728613201569158}, "model": {"distinct": 360}, "product": {"weighted_avg": 3.0714437401019605}, "reports": {"index": 7.903231864448881, "meanscore": 0.989690404445231}, "results": {"auc": 0.9998821404543585, "falsepos": 9.232803884684504e-05, "prediction_time": 14.61062543568265}, "train": {"index": 9.486188400033821, "non_null": 0.007219560014952275, "recall": 0.9944209575569329}}