{"estimate": {"fullscore": 0.9996930499550337}, "model": {"distinct": 582}, "product": {"weighted_avg": 6.052164922465113}, "reports": {"index": 54.74420183519238, "meanscore": 0.9999540847657451}, "results": {"auc": 0.9999999999961251, "falsepos": 7.509548538564559e-13, "prediction_time": 132.40860869208498}, "train": {"index": 182.45283106568846, "non_null": 5.74827043742232e-07, "recall": 0.9999999722575699}}