{"estimate": {"fullscore": 0.999818383589875}, "model": {"distinct": 622}, "product": {"weighted_avg": 6.555751927180674}, "reports": {"index": 76.34365744984075, "meanscore": 0.999982971405956}, "results": {"auc": 0.9999999999999071, "falsepos": 6.461498003318411e-14, "prediction_time": 186.53643927879673}, "train": {"index": 299.8299884264791, "non_null": 8.722601152477694e-08, "recall": 0.9999999989585511}}