{"estimate": {"fullscore": 0.9999969724824366}, "model": {"distinct": 786}, "product": {"weighted_avg": 8.54776715730124}, "reports": {"index": 257.5690800312846, "meanscore": 0.999999819806533}, "results": {"auc": 1.0, "falsepos": 0.0, "prediction_time": 692.6332774189842}, "train": {"index": 2265.1431130877186, "non_null": 2.2097879082139116e-12, "recall": 0.9999999999999971}}