{"estimate": {"fullscore": 0.9997107096353044}, "model": {"distinct": 599}, "product": {"weighted_avg": 6.135080573600102}, "reports": {"index": 59.87808322620222, "meanscore": 0.9999648789415728}, "results": {"auc": 0.9999999999955236, "falsepos": 1.1222134332911082e-12, "prediction_time": 139.56028217117623}, "train": {"index": 208.87249737921445, "non_null": 3.5610830040333497e-07, "recall": 0.9999999837964004}}