{"estimate": {"fullscore": 0.9560337837993337}, "model": {"distinct": 301}, "product": {"weighted_avg": 2.419244168906547}, "reports": {"index": 5.6269745226628665, "meanscore": 0.9830800043367014}, "results": {"auc": 0.9988149462331688, "falsepos": 0.0004693729253392176, "prediction_time": 10.316378650768701}, "train": {"index": 5.006240383469698, "non_null": 0.02821958737246577, "recall": 0.982878311446507}}