{"estimate": {"fullscore": 0.9999996522621053}, "model": {"distinct": 880}, "product": {"weighted_avg": 9.736422218936802}, "reports": {"index": 542.5790264276515, "meanscore": 0.9999999970572266}, "results": {"auc": 1.0, "falsepos": 0.0, "prediction_time": 1615.3499758955616}, "train": {"index": 6857.716312721815, "non_null": 2.55351295663786e-15, "recall": 1.0}}