{"estimate": {"fullscore": 0.9998667865159809}, "model": {"distinct": 646}, "product": {"weighted_avg": 6.671437825240155}, "reports": {"index": 82.1734313806116, "meanscore": 0.9999882472696786}, "results": {"auc": 0.9999999999999485, "falsepos": 7.926992395823618e-14, "prediction_time": 214.5049122635343}, "train": {"index": 364.3630384531154, "non_null": 5.845190687026047e-08, "recall": 0.9999999995300061}}