{"estimate": {"fullscore": 0.9999988388958149}, "model": {"distinct": 834}, "product": {"weighted_avg": 9.271967475192463}, "reports": {"index": 468.7165370166943, "meanscore": 0.9999999891916422}, "results": {"auc": 1.0, "falsepos": 0.0, "prediction_time": 1174.028819131732}, "train": {"index": 4435.879660946879, "non_null": 3.341771304121721e-14, "recall": 1.0}}