{"estimate": {"fullscore": 0.9999834384662871}, "model": {"distinct": 733}, "product": {"weighted_avg": 7.8724796027866715}, "reports": {"index": 175.0714521954364, "meanscore": 0.9999993612393592}, "results": {"auc": 1.0, "falsepos": 0.0, "prediction_time": 446.663620646027}, "train": {"index": 1204.675974443233, "non_null": 9.808864831484243e-11, "recall": 0.9999999999996674}}