{"estimate": {"fullscore": 0.9999996401293845}, "model": {"distinct": 879}, "product": {"weighted_avg": 9.73290478492287}, "reports": {"index": 538.2929401910478, "meanscore": 0.9999999968890174}, "results": {"auc": 1.0, "falsepos": 0.0, "prediction_time": 1642.4810426370184}, "train": {"index": 6918.796796673032, "non_null": 2.4424906541753444e-15, "recall": 1.0}}