{"estimate": {"fullscore": 0.9992258009240336}, "model": {"distinct": 556}, "product": {"weighted_avg": 5.498515931085994}, "reports": {"index": 41.419998592770405, "meanscore": 0.9998212217305813}, "results": {"auc": 0.9999999998867019, "falsepos": 1.574935737380656e-10, "prediction_time": 97.06132886499142}, "train": {"index": 118.41757694331734, "non_null": 6.3659496835066776e-06, "recall": 0.9999997271023051}}