{"estimate": {"fullscore": 0.999919187917835}, "model": {"distinct": 649}, "product": {"weighted_avg": 6.751245786950731}, "reports": {"index": 89.43553129025221, "meanscore": 0.999993430342911}, "results": {"auc": 0.9999999999999923, "falsepos": 1.354472090042691e-14, "prediction_time": 217.37620817667087}, "train": {"index": 438.4745450440582, "non_null": 1.1189662973976056e-08, "recall": 0.9999999996980926}}