{"estimate": {"fullscore": 0.9999993930523026}, "model": {"distinct": 865}, "product": {"weighted_avg": 9.491510512821943}, "reports": {"index": 527.6774918918437, "meanscore": 0.9999999880185882}, "results": {"auc": 1.0, "falsepos": 0.0, "prediction_time": 1392.7098094566527}, "train": {"index": 5567.375237028774, "non_null": 1.199040866595169e-14, "recall": 1.0}}