{"estimate": {"fullscore": 0.9988339715386868}, "model": {"distinct": 542}, "product": {"weighted_avg": 5.442837678433014}, "reports": {"index": 36.96556092782277, "meanscore": 0.9998774191796753}, "results": {"auc": 0.9999999996189385, "falsepos": 1.1159773105617887e-10, "prediction_time": 87.45279480817503}, "train": {"index": 108.71886278487464, "non_null": 1.2546261545898219e-05, "recall": 0.999999259768354}}