{"estimate": {"fullscore": 0.9992149084928684}, "model": {"distinct": 556}, "product": {"weighted_avg": 5.4547063853266256}, "reports": {"index": 41.59380109030525, "meanscore": 0.9998186986010537}, "results": {"auc": 0.9999999998825025, "falsepos": 1.3152146038919454e-10, "prediction_time": 97.73650971260057}, "train": {"index": 116.09679330173506, "non_null": 6.459415746284947e-06, "recall": 0.9999997236612806}}