{"estimate": {"fullscore": 0.8212025295337843}, "model": {"distinct": 182}, "product": {"weighted_avg": 0.948493313661626}, "reports": {"index": 2.0402842261439025, "meanscore": 0.8892820899251148}, "results": {"auc": 0.9480620621138864, "falsepos": 0.03108575239215383, "prediction_time": 3.35160518153185}, "train": {"index": 1.135453550061446, "non_null": 0.21741661934109513, "recall": 0.7554764679343546}}