{"estimate": {"fullscore": 0.9113323856258182}, "model": {"distinct": 250}, "product": {"weighted_avg": 1.8808286657313125}, "reports": {"index": 3.6058912592727363, "meanscore": 0.9570928486706543}, "results": {"auc": 0.9945091045403601, "falsepos": 0.0046031578400976825, "prediction_time": 6.2630131576067125}, "train": {"index": 2.727167386683078, "non_null": 0.07461677052836468, "recall": 0.9365015183240838}}