{"estimate": {"fullscore": 0.9506736201085708}, "model": {"distinct": 297}, "product": {"weighted_avg": 2.379948019004134}, "reports": {"index": 5.466750058760633, "meanscore": 0.9807697792658581}, "results": {"auc": 0.9987996193053923, "falsepos": 0.0005208330941548489, "prediction_time": 9.614220146549764}, "train": {"index": 4.736807483798231, "non_null": 0.02822694772468559, "recall": 0.9821929016447085}}