{"estimate": {"fullscore": 0.9995496541107277}, "model": {"distinct": 580}, "product": {"weighted_avg": 5.845400921933852}, "reports": {"index": 47.797190229172315, "meanscore": 0.9999409565074814}, "results": {"auc": 0.9999999999833459, "falsepos": 1.670774629758398e-12, "prediction_time": 123.92115500279007}, "train": {"index": 152.3186639065461, "non_null": 1.869590943393007e-06, "recall": 0.9999999445959531}}