{"estimate": {"fullscore": 0.9999996001676619}, "model": {"distinct": 871}, "product": {"weighted_avg": 9.463833258536914}, "reports": {"index": 514.4456476728787, "meanscore": 0.9999999879838083}, "results": {"auc": 1.0, "falsepos": 0.0, "prediction_time": 1409.291358616491}, "train": {"index": 5509.597723070679, "non_null": 9.103828801926284e-15, "recall": 1.0}}