{"estimate": {"fullscore": 0.9952257212278077}, "model": {"distinct": 438}, "product": {"weighted_avg": 4.263039483586519}, "reports": {"index": 19.316040249433268, "meanscore": 0.9988417962368044}, "results": {"auc": 0.9999994689068228, "falsepos": 1.9390208116920604e-07, "prediction_time": 36.58126329667584}, "train": {"index": 35.99886695647911, "non_null": 0.00023343367497119516, "recall": 0.9999452770214461}}