{"estimate": {"fullscore": 0.9955465634199359}, "model": {"distinct": 471}, "product": {"weighted_avg": 4.370927329033029}, "reports": {"index": 19.85565798503215, "meanscore": 0.9990402348824705}, "results": {"auc": 0.9999997088993201, "falsepos": 4.2397216182266106e-08, "prediction_time": 42.03025991706499}, "train": {"index": 37.327926998120915, "non_null": 0.00018681951866483804, "recall": 0.9999665972247755}}