{"estimate": {"fullscore": 0.999999828660074}, "model": {"distinct": 904}, "product": {"weighted_avg": 9.960305611420381}, "reports": {"index": 645.1856528049292, "meanscore": 0.9999999988321047}, "results": {"auc": 1.0, "falsepos": 0.0, "prediction_time": 2025.459352378031}, "train": {"index": 9109.064194003686, "non_null": 2.220446049250313e-16, "recall": 1.0}}