{"estimate": {"fullscore": 0.9979422863958413}, "model": {"distinct": 486}, "product": {"weighted_avg": 4.974819503257791}, "reports": {"index": 25.36789069729169, "meanscore": 0.9993706811255394}, "results": {"auc": 0.9999999771662642, "falsepos": 5.609947728579812e-09, "prediction_time": 53.35995954368079}, "train": {"index": 56.57100026113162, "non_null": 5.853287198231971e-05, "recall": 0.9999905280649295}}