{"estimate": {"fullscore": 0.9919315578497137}, "model": {"distinct": 409}, "product": {"weighted_avg": 3.892596807700269}, "reports": {"index": 12.558141119035794, "meanscore": 0.9970759459806634}, "results": {"auc": 0.9999957448561703, "falsepos": 2.05269212261161e-06, "prediction_time": 29.488861305440615}, "train": {"index": 21.32072055560623, "non_null": 0.0012873610580634853, "recall": 0.9995725515161583}}