{"estimate": {"fullscore": 0.9201229803315047}, "model": {"distinct": 289}, "product": {"weighted_avg": 2.0021493291431547}, "reports": {"index": 4.060397760907118, "meanscore": 0.9678600563935901}, "results": {"auc": 0.9975630567858398, "falsepos": 0.000687059186751271, "prediction_time": 7.080962610088806}, "train": {"index": 3.778900978709298, "non_null": 0.03845431828253143, "recall": 0.956283456662266}}