{"estimate": {"fullscore": 0.9936807127807807}, "model": {"distinct": 425}, "product": {"weighted_avg": 4.056174304276536}, "reports": {"index": 15.519666695319035, "meanscore": 0.9978864434912356}, "results": {"auc": 0.9999973115336905, "falsepos": 5.682013060059887e-07, "prediction_time": 30.77831652471019}, "train": {"index": 24.194201522878586, "non_null": 0.0006983484745314295, "recall": 0.9998137813439509}}