{"estimate": {"fullscore": 0.9999929694674915}, "model": {"distinct": 760}, "product": {"weighted_avg": 8.202177337666654}, "reports": {"index": 210.65729787080826, "meanscore": 0.9999997652277992}, "results": {"auc": 1.0, "falsepos": 0.0, "prediction_time": 602.9932866959433}, "train": {"index": 1860.3622085560219, "non_null": 6.921574424723076e-12, "recall": 0.9999999999999811}}