{"estimate": {"fullscore": 0.9999997615252387}, "model": {"distinct": 882}, "product": {"weighted_avg": 9.826324121435343}, "reports": {"index": 533.5972655254898, "meanscore": 0.9999999953122871}, "results": {"auc": 1.0, "falsepos": 0.0, "prediction_time": 1659.7222723540476}, "train": {"index": 7096.852002037435, "non_null": 1.7763568394002505e-15, "recall": 1.0}}