{"estimate": {"fullscore": 0.9999789702209729}, "model": {"distinct": 715}, "product": {"weighted_avg": 7.842831759830966}, "reports": {"index": 170.3489417775308, "meanscore": 0.9999991948011746}, "results": {"auc": 1.0, "falsepos": 0.0, "prediction_time": 416.21104963978036}, "train": {"index": 1052.5770167929134, "non_null": 1.171723829074267e-10, "recall": 0.9999999999993779}}