{"estimate": {"fullscore": 0.998590101038067}, "model": {"distinct": 546}, "product": {"weighted_avg": 5.328692962137692}, "reports": {"index": 32.63437646696462, "meanscore": 0.9998290703076074}, "results": {"auc": 0.9999999993883496, "falsepos": 9.34063937307883e-11, "prediction_time": 82.40335513458541}, "train": {"index": 90.20071119971362, "non_null": 2.162961476692704e-05, "recall": 0.9999986141777809}}