{"estimate": {"fullscore": 0.9999988387156923}, "model": {"distinct": 834}, "product": {"weighted_avg": 9.27208079955861}, "reports": {"index": 468.72604966605843, "meanscore": 0.9999999891822473}, "results": {"auc": 1.0, "falsepos": 0.0, "prediction_time": 1173.9658505308587}, "train": {"index": 4435.889926136831, "non_null": 3.341771304121721e-14, "recall": 1.0}}