{"estimate": {"fullscore": 0.9998616775301614}, "model": {"distinct": 648}, "product": {"weighted_avg": 6.730652679641336}, "reports": {"index": 82.25906604000548, "meanscore": 0.999984907158452}, "results": {"auc": 0.9999999999999662, "falsepos": 3.186340080674199e-14, "prediction_time": 224.44497006280127}, "train": {"index": 398.08948945324767, "non_null": 3.83131584236196e-08, "recall": 0.9999999995303211}}