{"estimate": {"fullscore": 0.7534260766753493}, "model": {"distinct": 147}, "product": {"weighted_avg": 0.4755013304697509}, "reports": {"index": 1.7187200085718355, "meanscore": 0.8410469332799261}, "results": {"auc": 0.8291737900667546, "falsepos": 0.0910830478913327, "prediction_time": 2.07017246544114}, "train": {"index": 0.7094119252589649, "non_null": 0.3601901390673702, "recall": 0.5829201870029681}}