{"estimate": {"fullscore": 0.995104176203999}, "model": {"distinct": 441}, "product": {"weighted_avg": 4.258826904762371}, "reports": {"index": 18.859664109502233, "meanscore": 0.9988205417259233}, "results": {"auc": 0.9999994288842621, "falsepos": 1.8055319217502586e-07, "prediction_time": 35.89835973205497}, "train": {"index": 35.22701739110474, "non_null": 0.00022695946567963254, "recall": 0.9999456855797823}}