{"estimate": {"fullscore": 0.9999688622550718}, "model": {"distinct": 715}, "product": {"weighted_avg": 7.427778997476936}, "reports": {"index": 144.52560422359372, "meanscore": 0.9999982570686634}, "results": {"auc": 1.0, "falsepos": 0.0, "prediction_time": 378.7463280325735}, "train": {"index": 817.9369303215799, "non_null": 4.832541034005544e-10, "recall": 0.9999999999980894}}