{"estimate": {"fullscore": 0.9999993081605482}, "model": {"distinct": 842}, "product": {"weighted_avg": 9.366625300520536}, "reports": {"index": 536.5967919195782, "meanscore": 0.9999999852520326}, "results": {"auc": 1.0, "falsepos": 0.0, "prediction_time": 1147.9201204256287}, "train": {"index": 4853.028744622321, "non_null": 1.0547118733938987e-14, "recall": 1.0}}