{"estimate": {"fullscore": 0.999998879247642}, "model": {"distinct": 834}, "product": {"weighted_avg": 9.274897699760247}, "reports": {"index": 470.97619230620813, "meanscore": 0.9999999892164858}, "results": {"auc": 1.0, "falsepos": 0.0, "prediction_time": 1179.1239355802336}, "train": {"index": 4428.247204065658, "non_null": 3.2862601528904634e-14, "recall": 1.0}}