{"estimate": {"fullscore": 0.9999988521027519}, "model": {"distinct": 821}, "product": {"weighted_avg": 8.972917624094526}, "reports": {"index": 351.3168976046358, "meanscore": 0.9999999489116524}, "results": {"auc": 1.0, "falsepos": 0.0, "prediction_time": 1017.0273998898825}, "train": {"index": 3633.1788484599083, "non_null": 2.6756374893466273e-13, "recall": 0.9999999999999999}}