{"estimate": {"fullscore": 0.8413301633709389}, "model": {"distinct": 197}, "product": {"weighted_avg": 1.1629422759151946}, "reports": {"index": 2.5673569832544674, "meanscore": 0.9070753198347766}, "results": {"auc": 0.9678044133214827, "falsepos": 0.013933434746158824, "prediction_time": 3.5345146245728305}, "train": {"index": 1.5081062154390208, "non_null": 0.15997220503481957, "recall": 0.8175142276697362}}