{"estimate": {"fullscore": 0.9999988384154551}, "model": {"distinct": 834}, "product": {"weighted_avg": 9.272059760564211}, "reports": {"index": 468.73251818184224, "meanscore": 0.999999989185525}, "results": {"auc": 1.0, "falsepos": 0.0, "prediction_time": 1173.9008114404162}, "train": {"index": 4435.677934105524, "non_null": 3.341771304121721e-14, "recall": 1.0}}