{"estimate": {"fullscore": 0.9974411849765458}, "model": {"distinct": 493}, "product": {"weighted_avg": 4.757065947960056}, "reports": {"index": 23.125554830570554, "meanscore": 0.9991882621121759}, "results": {"auc": 0.9999999778140356, "falsepos": 2.6547779308216946e-08, "prediction_time": 53.66657489564871}, "train": {"index": 51.68470874188157, "non_null": 0.00010702800407047519, "recall": 0.9999872963207118}}