{"estimate": {"fullscore": 0.8040995776468929}, "model": {"distinct": 159}, "product": {"weighted_avg": 0.8000102583914159}, "reports": {"index": 1.9110947532070595, "meanscore": 0.8898159809535181}, "results": {"auc": 0.9203436024109064, "falsepos": 0.0493899843343204, "prediction_time": 2.7421402106950152}, "train": {"index": 1.0642596477858624, "non_null": 0.23427255130321767, "recall": 0.6949949120346409}}