{"estimate": {"fullscore": 0.8261003589791049}, "model": {"distinct": 192}, "product": {"weighted_avg": 0.977358953315151}, "reports": {"index": 2.17776064932833, "meanscore": 0.8930696000995791}, "results": {"auc": 0.9535833826602897, "falsepos": 0.024692458931678485, "prediction_time": 3.290026415950706}, "train": {"index": 1.2024835597233783, "non_null": 0.19966307563196817, "recall": 0.7686427189992482}}