{"estimate": {"fullscore": 0.9999899728843549}, "model": {"distinct": 753}, "product": {"weighted_avg": 8.098577063663175}, "reports": {"index": 225.81963729059635, "meanscore": 0.9999997033171026}, "results": {"auc": 1.0, "falsepos": 0.0, "prediction_time": 546.1475241901576}, "train": {"index": 1572.6569646626294, "non_null": 1.2900680523841856e-11, "recall": 0.9999999999999805}}