{"estimate": {"fullscore": 0.9999537183704994}, "model": {"distinct": 684}, "product": {"weighted_avg": 7.154356944943142}, "reports": {"index": 129.24323123195597, "meanscore": 0.9999966151333706}, "results": {"auc": 0.9999999999999987, "falsepos": 5.551115123125783e-16, "prediction_time": 284.89140668182546}, "train": {"index": 579.0266820814057, "non_null": 2.9467719375730894e-09, "recall": 0.9999999999833523}}