{"estimate": {"fullscore": 0.9887803223215534}, "model": {"distinct": 400}, "product": {"weighted_avg": 3.5970150435981245}, "reports": {"index": 10.465292797457304, "meanscore": 0.9967405200731302}, "results": {"auc": 0.9999882939118921, "falsepos": 3.2897055357583582e-06, "prediction_time": 23.33419576331225}, "train": {"index": 17.790109545336634, "non_null": 0.001972057201068411, "recall": 0.9989863677458389}}