{"estimate": {"fullscore": 0.9560522087861483}, "model": {"distinct": 301}, "product": {"weighted_avg": 2.4190146691285563}, "reports": {"index": 5.6289018361518455, "meanscore": 0.9830919203354476}, "results": {"auc": 0.9988158699815424, "falsepos": 0.00047316410239328643, "prediction_time": 10.331431288967275}, "train": {"index": 5.008338898983181, "non_null": 0.028183448165137293, "recall": 0.9828458060905335}}