{"estimate": {"fullscore": 0.9999660609515357}, "model": {"distinct": 708}, "product": {"weighted_avg": 7.413636742952737}, "reports": {"index": 147.9009624393442, "meanscore": 0.9999969901919766}, "results": {"auc": 0.9999999999999998, "falsepos": 0.0, "prediction_time": 358.4574821036238}, "train": {"index": 765.4469891737954, "non_null": 8.098823833790902e-10, "recall": 0.9999999999974704}}