{"estimate": {"fullscore": 0.9999511021041925}, "model": {"distinct": 685}, "product": {"weighted_avg": 7.131418886564307}, "reports": {"index": 127.6601614328631, "meanscore": 0.9999962457966468}, "results": {"auc": 0.9999999999999991, "falsepos": 4.440892098500626e-16, "prediction_time": 260.2477500243521}, "train": {"index": 544.108114214987, "non_null": 3.1720217563702136e-09, "recall": 0.9999999999777653}}