{"estimate": {"fullscore": 0.9999546909589446}, "model": {"distinct": 680}, "product": {"weighted_avg": 7.234570289878854}, "reports": {"index": 125.51272793867047, "meanscore": 0.9999970303463542}, "results": {"auc": 0.9999999999999991, "falsepos": 6.661338147750939e-16, "prediction_time": 315.6459823084999}, "train": {"index": 621.5987633165956, "non_null": 3.5096581196825127e-09, "recall": 0.9999999999875818}}