{"estimate": {"fullscore": 0.8097527599961623}, "model": {"distinct": 167}, "product": {"weighted_avg": 0.8736638018524043}, "reports": {"index": 2.1174938694291003, "meanscore": 0.8824070693163163}, "results": {"auc": 0.9301326429466529, "falsepos": 0.03495717666064835, "prediction_time": 2.9421947178840284}, "train": {"index": 1.1358686481398488, "non_null": 0.20920720950004268, "recall": 0.7393723652710987}}