{"estimate": {"fullscore": 0.9966451781082704}, "model": {"distinct": 492}, "product": {"weighted_avg": 4.667793439245017}, "reports": {"index": 24.09181477459042, "meanscore": 0.9993941381111624}, "results": {"auc": 0.999999969631785, "falsepos": 1.4075441701066893e-08, "prediction_time": 52.320588032877204}, "train": {"index": 50.489088981598464, "non_null": 0.00011114246884802448, "recall": 0.9999881361713181}}