{"estimate": {"fullscore": 0.9999997953420054}, "model": {"distinct": 899}, "product": {"weighted_avg": 9.938316201208526}, "reports": {"index": 633.0916581205493, "meanscore": 0.9999999984948982}, "results": {"auc": 1.0, "falsepos": 0.0, "prediction_time": 1656.2981585082127}, "train": {"index": 7905.442780626574, "non_null": 2.220446049250313e-16, "recall": 1.0}}