{"estimate": {"fullscore": 0.99999833936041}, "model": {"distinct": 810}, "product": {"weighted_avg": 8.876564401415004}, "reports": {"index": 327.75478354600136, "meanscore": 0.9999999281278601}, "results": {"auc": 1.0, "falsepos": 0.0, "prediction_time": 883.2078139813924}, "train": {"index": 2996.044285910689, "non_null": 4.649614027130156e-13, "recall": 0.9999999999999998}}