{"estimate": {"fullscore": 0.9993093032501628}, "model": {"distinct": 568}, "product": {"weighted_avg": 5.526191998805605}, "reports": {"index": 45.44686566726613, "meanscore": 0.9998315699751322}, "results": {"auc": 0.999999999827156, "falsepos": 5.240963218966499e-11, "prediction_time": 92.37813868093126}, "train": {"index": 116.81107934889134, "non_null": 3.7678855958622748e-06, "recall": 0.9999997709507276}}