{"estimate": {"fullscore": 0.7755511679022609}, "model": {"distinct": 152}, "product": {"weighted_avg": 0.5350817621485919}, "reports": {"index": 1.7259985499966959, "meanscore": 0.834274939216535}, "results": {"auc": 0.8818521637104314, "falsepos": 0.05665589392588366, "prediction_time": 2.5230936853763772}, "train": {"index": 0.7951147208869263, "non_null": 0.34325213421305545, "recall": 0.640009326280484}}