{"estimate": {"fullscore": 0.99999943790401}, "model": {"distinct": 867}, "product": {"weighted_avg": 9.482552343604029}, "reports": {"index": 525.191813669798, "meanscore": 0.9999999886528309}, "results": {"auc": 1.0, "falsepos": 0.0, "prediction_time": 1381.8803760004762}, "train": {"index": 5475.93089198855, "non_null": 1.1324274851176597e-14, "recall": 1.0}}