{"estimate": {"fullscore": 0.9401505856975567}, "model": {"distinct": 285}, "product": {"weighted_avg": 2.254280626844686}, "reports": {"index": 4.9792417306004895, "meanscore": 0.9744720912693936}, "results": {"auc": 0.9983105024771626, "falsepos": 0.0009525348445946769, "prediction_time": 7.458510780739219}, "train": {"index": 4.124343765851072, "non_null": 0.02976941431747182, "recall": 0.9711705084437132}}