{"estimate": {"fullscore": 0.9888747659759654}, "model": {"distinct": 404}, "product": {"weighted_avg": 3.7479973127862434}, "reports": {"index": 11.22935016811173, "meanscore": 0.9963667087490476}, "results": {"auc": 0.9999914110254157, "falsepos": 4.939408844384374e-06, "prediction_time": 24.622658625563044}, "train": {"index": 19.440763732763987, "non_null": 0.00171606650251932, "recall": 0.9992639491846351}}