{"estimate": {"fullscore": 0.9715560627427998}, "model": {"distinct": 353}, "product": {"weighted_avg": 2.873203952768014}, "reports": {"index": 8.679027580637579, "meanscore": 0.9892138349431838}, "results": {"auc": 0.9998184908904344, "falsepos": 0.00014747353603294933, "prediction_time": 13.64643974589905}, "train": {"index": 8.268419656117885, "non_null": 0.012141468629278451, "recall": 0.9947365666507583}}