{"estimate": {"fullscore": 0.7821724113324549}, "model": {"distinct": 154}, "product": {"weighted_avg": 0.536470021971289}, "reports": {"index": 1.7239600410017146, "meanscore": 0.8618813925765408}, "results": {"auc": 0.8992031297911243, "falsepos": 0.0642894550750297, "prediction_time": 2.6671433285874593}, "train": {"index": 0.8838644518038883, "non_null": 0.3334648045033377, "recall": 0.6525607954515147}}