{"estimate": {"fullscore": 0.9595943968526959}, "model": {"distinct": 306}, "product": {"weighted_avg": 2.443281739767087}, "reports": {"index": 6.109402289206617, "meanscore": 0.9830681309525832}, "results": {"auc": 0.9991540528752448, "falsepos": 0.0005947211113519479, "prediction_time": 11.25230237647575}, "train": {"index": 5.73240086839239, "non_null": 0.02508344467580015, "recall": 0.9873003012284869}}