{"estimate": {"fullscore": 0.999750501352045}, "model": {"distinct": 612}, "product": {"weighted_avg": 6.224983338450861}, "reports": {"index": 59.43207831578996, "meanscore": 0.9999686669946871}, "results": {"auc": 0.9999999999984175, "falsepos": 8.100187187665142e-13, "prediction_time": 151.15186815922618}, "train": {"index": 218.7687029043828, "non_null": 3.79522055893311e-07, "recall": 0.9999999869712222}}