{"estimate": {"fullscore": 0.9715783110270727}, "model": {"distinct": 353}, "product": {"weighted_avg": 2.8745333665907404}, "reports": {"index": 8.574116387853238, "meanscore": 0.9894218316044977}, "results": {"auc": 0.9998199953449178, "falsepos": 0.00015115076572802533, "prediction_time": 13.805410809998758}, "train": {"index": 8.255525577472982, "non_null": 0.012100751258216302, "recall": 0.9946941081477484}}