{"estimate": {"fullscore": 0.9229599847909902}, "model": {"distinct": 286}, "product": {"weighted_avg": 2.007007141051299}, "reports": {"index": 4.097787445491152, "meanscore": 0.9667629919847571}, "results": {"auc": 0.9977037697356431, "falsepos": 0.0006389334831067295, "prediction_time": 7.175999227418902}, "train": {"index": 3.7019372116959177, "non_null": 0.03914921394033111, "recall": 0.9552256409046687}}