{"estimate": {"fullscore": 0.9980370856755847}, "model": {"distinct": 504}, "product": {"weighted_avg": 5.001650961063147}, "reports": {"index": 24.93617327054876, "meanscore": 0.9994907439103813}, "results": {"auc": 0.9999999933665144, "falsepos": 3.5094753769726594e-09, "prediction_time": 64.60187548720923}, "train": {"index": 63.85888606594096, "non_null": 6.277548785904585e-05, "recall": 0.99999356000784}}