{"estimate": {"fullscore": 0.9999982853430025}, "model": {"distinct": 812}, "product": {"weighted_avg": 8.840654887455797}, "reports": {"index": 316.1707792818957, "meanscore": 0.9999999219605824}, "results": {"auc": 1.0, "falsepos": 0.0, "prediction_time": 897.3640019165794}, "train": {"index": 2850.5370418205744, "non_null": 6.037392807911601e-13, "recall": 0.9999999999999997}}