{"estimate": {"fullscore": 0.8269715214465464}, "model": {"distinct": 193}, "product": {"weighted_avg": 0.9666360301267238}, "reports": {"index": 2.386756885605977, "meanscore": 0.8972504877618099}, "results": {"auc": 0.9489170483004128, "falsepos": 0.019112338677947927, "prediction_time": 3.1235535898490037}, "train": {"index": 1.3053379879696705, "non_null": 0.17836063011984704, "recall": 0.782948706008878}}