{"estimate": {"fullscore": 0.9998545782226594}, "model": {"distinct": 645}, "product": {"weighted_avg": 6.676861513544469}, "reports": {"index": 84.00744273548825, "meanscore": 0.9999865161470546}, "results": {"auc": 0.9999999999998721, "falsepos": 8.72635297355373e-14, "prediction_time": 196.28234923858992}, "train": {"index": 341.73886556898304, "non_null": 5.1785259636005776e-08, "recall": 0.9999999993879628}}