{"estimate": {"fullscore": 0.9999951391077592}, "model": {"distinct": 763}, "product": {"weighted_avg": 8.259486970201973}, "reports": {"index": 223.97682686779305, "meanscore": 0.9999996533267921}, "results": {"auc": 1.0, "falsepos": 0.0, "prediction_time": 615.4745676389432}, "train": {"index": 1902.5530613417254, "non_null": 4.657829677512382e-12, "recall": 0.9999999999999883}}