{"estimate": {"fullscore": 0.9289898608291289}, "model": {"distinct": 283}, "product": {"weighted_avg": 2.165418798681302}, "reports": {"index": 4.602100509966223, "meanscore": 0.966283221956191}, "results": {"auc": 0.9981020210811546, "falsepos": 0.0008816498433267261, "prediction_time": 7.270873782461989}, "train": {"index": 4.032712557257008, "non_null": 0.030997647271751805, "recall": 0.9645243165127801}}