{"estimate": {"fullscore": 0.9995800708488405}, "model": {"distinct": 580}, "product": {"weighted_avg": 5.842004766050386}, "reports": {"index": 49.098031210671394, "meanscore": 0.9999470811834787}, "results": {"auc": 0.9999999999856557, "falsepos": 1.4026557693114228e-12, "prediction_time": 125.86987412724069}, "train": {"index": 152.11338305152967, "non_null": 1.951867380611816e-06, "recall": 0.9999999435437706}}