{"estimate": {"fullscore": 0.9999679283551453}, "model": {"distinct": 695}, "product": {"weighted_avg": 7.4116273436039375}, "reports": {"index": 151.5667149800376, "meanscore": 0.9999975720117121}, "results": {"auc": 0.9999999999999999, "falsepos": 3.3306690738754696e-16, "prediction_time": 304.88324280223077}, "train": {"index": 709.9679362552776, "non_null": 1.070767030597608e-09, "recall": 0.9999999999957326}}