{"estimate": {"fullscore": 0.9190514787436168}, "model": {"distinct": 286}, "product": {"weighted_avg": 2.015815807007682}, "reports": {"index": 4.070905735194325, "meanscore": 0.9675813037039074}, "results": {"auc": 0.997652162835514, "falsepos": 0.0006777984222016142, "prediction_time": 7.157550852701943}, "train": {"index": 3.831859236468152, "non_null": 0.03954590822781867, "recall": 0.9563137370990769}}