{"estimate": {"fullscore": 0.7505286223814269}, "model": {"distinct": 153}, "product": {"weighted_avg": 0.5006129756801283}, "reports": {"index": 1.6329506564227556, "meanscore": 0.8470041002675247}, "results": {"auc": 0.8559377061299561, "falsepos": 0.0818661511450468, "prediction_time": 2.3044652527337814}, "train": {"index": 0.7583683364159707, "non_null": 0.3677833121679184, "recall": 0.6002570420076081}}