{"estimate": {"fullscore": 0.999999649057679}, "model": {"distinct": 879}, "product": {"weighted_avg": 9.732386344703439}, "reports": {"index": 541.8923662814473, "meanscore": 0.9999999970167845}, "results": {"auc": 1.0, "falsepos": 0.0, "prediction_time": 1650.8045966081936}, "train": {"index": 6922.0757893673, "non_null": 2.4424906541753444e-15, "recall": 1.0}}