{"estimate": {"fullscore": 0.9812432367149104}, "model": {"distinct": 363}, "product": {"weighted_avg": 3.1146196448399333}, "reports": {"index": 8.573826719996111, "meanscore": 0.9930603266223353}, "results": {"auc": 0.9999181641959404, "falsepos": 3.800959758804012e-05, "prediction_time": 15.579764000697201}, "train": {"index": 10.117022047744872, "non_null": 0.006734109415736711, "recall": 0.9957555507429997}}