{"estimate": {"fullscore": 0.9947110241856991}, "model": {"distinct": 438}, "product": {"weighted_avg": 4.063591527717692}, "reports": {"index": 18.10111162864053, "meanscore": 0.9976586433830388}, "results": {"auc": 0.9999988758504517, "falsepos": 5.505702947994351e-07, "prediction_time": 30.40342494816825}, "train": {"index": 27.113744893912177, "non_null": 0.0003650286659487856, "recall": 0.999890031886314}}