{"estimate": {"fullscore": 0.9475419262060067}, "model": {"distinct": 286}, "product": {"weighted_avg": 2.3341721627094323}, "reports": {"index": 4.943554306596426, "meanscore": 0.9785845269373629}, "results": {"auc": 0.9981360571404303, "falsepos": 0.0009918217270152851, "prediction_time": 9.050924347596208}, "train": {"index": 4.469374021549357, "non_null": 0.030465620300122898, "recall": 0.9755498912408244}}