{"estimate": {"fullscore": 0.9714037863663915}, "model": {"distinct": 353}, "product": {"weighted_avg": 2.870810482384777}, "reports": {"index": 8.687723438664944, "meanscore": 0.9892984836501215}, "results": {"auc": 0.999816689682612, "falsepos": 0.0001506235532139355, "prediction_time": 13.591650710806588}, "train": {"index": 8.30062548680748, "non_null": 0.012217920994693543, "recall": 0.994738084970464}}