{"estimate": {"fullscore": 0.9959413308788728}, "model": {"distinct": 470}, "product": {"weighted_avg": 4.396745591662525}, "reports": {"index": 21.881110362558257, "meanscore": 0.9991391554766047}, "results": {"auc": 0.9999998050579403, "falsepos": 2.3149256844767763e-08, "prediction_time": 39.51064410584811}, "train": {"index": 39.168325872162185, "non_null": 0.00013054730201456088, "recall": 0.9999722692361239}}