{"estimate": {"fullscore": 0.9999995282265146}, "model": {"distinct": 870}, "product": {"weighted_avg": 9.565280685934498}, "reports": {"index": 551.9046461356087, "meanscore": 0.9999999958020007}, "results": {"auc": 1.0, "falsepos": 0.0, "prediction_time": 1418.931326403602}, "train": {"index": 6716.811883293192, "non_null": 2.220446049250313e-15, "recall": 1.0}}