{"estimate": {"fullscore": 0.9936792402801217}, "model": {"distinct": 425}, "product": {"weighted_avg": 4.0564097401176165}, "reports": {"index": 15.520074081864943, "meanscore": 0.9978841537727935}, "results": {"auc": 0.9999973058665337, "falsepos": 5.673719670751254e-07, "prediction_time": 30.774288394307646}, "train": {"index": 24.194104865995037, "non_null": 0.0006991281010755301, "recall": 0.9998140258884599}}