{"estimate": {"fullscore": 0.9938106111330494}, "model": {"distinct": 441}, "product": {"weighted_avg": 4.081117572682543}, "reports": {"index": 18.33269966602947, "meanscore": 0.9983707795409655}, "results": {"auc": 0.9999990629855391, "falsepos": 2.4238304252577336e-07, "prediction_time": 31.264486356802227}, "train": {"index": 28.599707234834185, "non_null": 0.00031073118104762987, "recall": 0.9999075962664552}}