{"estimate": {"fullscore": 0.9999971953446793}, "model": {"distinct": 781}, "product": {"weighted_avg": 8.671247793073565}, "reports": {"index": 279.0356493868956, "meanscore": 0.9999998641975353}, "results": {"auc": 1.0, "falsepos": 0.0, "prediction_time": 755.5936491326833}, "train": {"index": 2574.283021674763, "non_null": 1.251554415659939e-12, "recall": 0.9999999999999986}}