{"estimate": {"fullscore": 0.9999994633502345}, "model": {"distinct": 875}, "product": {"weighted_avg": 9.552267788865485}, "reports": {"index": 479.7161986094055, "meanscore": 0.9999999944161071}, "results": {"auc": 1.0, "falsepos": 0.0, "prediction_time": 1478.7436721332022}, "train": {"index": 6145.137900417376, "non_null": 7.105427357601002e-15, "recall": 1.0}}