{"estimate": {"fullscore": 0.9810064366857703}, "model": {"distinct": 364}, "product": {"weighted_avg": 3.152391676509564}, "reports": {"index": 9.48430525983073, "meanscore": 0.9915889580239919}, "results": {"auc": 0.999936616756343, "falsepos": 3.2074895966349715e-05, "prediction_time": 16.75837716176061}, "train": {"index": 10.92603513880621, "non_null": 0.006050704228789505, "recall": 0.997172841500353}}