{"estimate": {"fullscore": 0.999552651156542}, "model": {"distinct": 580}, "product": {"weighted_avg": 5.84547006345107}, "reports": {"index": 47.9201331534719, "meanscore": 0.9999415710255861}, "results": {"auc": 0.9999999999835825, "falsepos": 1.5939471964543372e-12, "prediction_time": 123.82858672717515}, "train": {"index": 152.18168586830558, "non_null": 1.882890787840985e-06, "recall": 0.9999999448192329}}