{"estimate": {"fullscore": 0.7932295170625917}, "model": {"distinct": 154}, "product": {"weighted_avg": 0.5284985466013534}, "reports": {"index": 1.741717663563126, "meanscore": 0.8327214114705528}, "results": {"auc": 0.8881530961097353, "falsepos": 0.05225788156406963, "prediction_time": 2.593809991112534}, "train": {"index": 0.8194550228009894, "non_null": 0.33427601092756765, "recall": 0.6515091411963496}}