{"estimate": {"fullscore": 0.9999989248770924}, "model": {"distinct": 833}, "product": {"weighted_avg": 9.061106550003352}, "reports": {"index": 381.35547159094114, "meanscore": 0.9999999569182939}, "results": {"auc": 1.0, "falsepos": 0.0, "prediction_time": 952.2192884520344}, "train": {"index": 3753.200918428637, "non_null": 1.4599432773820809e-13, "recall": 1.0}}