{"estimate": {"fullscore": 0.9997413311183699}, "model": {"distinct": 611}, "product": {"weighted_avg": 6.222032701208264}, "reports": {"index": 59.116599424222215, "meanscore": 0.9999686575105334}, "results": {"auc": 0.9999999999984105, "falsepos": 8.231193504570911e-13, "prediction_time": 150.18275157639442}, "train": {"index": 218.89028339629778, "non_null": 3.8032147742228517e-07, "recall": 0.9999999871590798}}