{"estimate": {"fullscore": 0.9442330868399239}, "model": {"distinct": 288}, "product": {"weighted_avg": 2.3039534856373796}, "reports": {"index": 5.113055588994757, "meanscore": 0.9775466459504608}, "results": {"auc": 0.9983740893751372, "falsepos": 0.0009089367360337608, "prediction_time": 7.932037775263244}, "train": {"index": 4.369652258176014, "non_null": 0.02821456739303263, "recall": 0.9732227554498115}}