{"estimate": {"fullscore": 0.9967069197068948}, "model": {"distinct": 492}, "product": {"weighted_avg": 4.59448530965174}, "reports": {"index": 24.882711647649792, "meanscore": 0.9993726456632834}, "results": {"auc": 0.9999999373831765, "falsepos": 2.1443909647977932e-08, "prediction_time": 45.47969454161573}, "train": {"index": 48.9232342832292, "non_null": 8.046252245752505e-05, "recall": 0.9999865630337792}}