{"estimate": {"fullscore": 0.9992529202136028}, "model": {"distinct": 555}, "product": {"weighted_avg": 5.445105547342677}, "reports": {"index": 41.3218439460104, "meanscore": 0.9998212318485331}, "results": {"auc": 0.9999999998658519, "falsepos": 1.1451217751812237e-10, "prediction_time": 99.05301512841257}, "train": {"index": 115.23113379361759, "non_null": 5.857830934985486e-06, "recall": 0.9999997203076455}}