{"estimate": {"fullscore": 0.9953278726245405}, "model": {"distinct": 463}, "product": {"weighted_avg": 4.376558091111897}, "reports": {"index": 19.13868525993248, "meanscore": 0.9989531769536523}, "results": {"auc": 0.9999997801228943, "falsepos": 8.401975759575464e-08, "prediction_time": 41.84412765925577}, "train": {"index": 36.32233653248388, "non_null": 0.00021475221999467387, "recall": 0.9999605187011154}}