{"estimate": {"fullscore": 0.9873485364837852}, "model": {"distinct": 367}, "product": {"weighted_avg": 3.4035862187656423}, "reports": {"index": 10.923806418029917, "meanscore": 0.994854657175855}, "results": {"auc": 0.9999645670874773, "falsepos": 6.32311018577969e-06, "prediction_time": 19.966766713946527}, "train": {"index": 13.68434149111122, "non_null": 0.003340917197805604, "recall": 0.9987953916559547}}