{"estimate": {"fullscore": 0.9992704095127225}, "model": {"distinct": 578}, "product": {"weighted_avg": 5.778828961660053}, "reports": {"index": 53.189589421722786, "meanscore": 0.9999162020700187}, "results": {"auc": 0.9999999998916134, "falsepos": 7.2442052356791464e-12, "prediction_time": 101.74194308311388}, "train": {"index": 131.7872259156846, "non_null": 2.1604824188559135e-06, "recall": 0.9999999230707758}}