{"estimate": {"fullscore": 0.9999103880347175}, "model": {"distinct": 659}, "product": {"weighted_avg": 6.934748635927123}, "reports": {"index": 95.69886635855026, "meanscore": 0.9999918927432304}, "results": {"auc": 0.999999999999992, "falsepos": 2.6645352591003757e-15, "prediction_time": 259.7505225104008}, "train": {"index": 472.60813402170373, "non_null": 7.966410753290631e-09, "recall": 0.9999999998730885}}