{"estimate": {"fullscore": 0.982505356094741}, "model": {"distinct": 359}, "product": {"weighted_avg": 3.1503004807582276}, "reports": {"index": 9.106965128666811, "meanscore": 0.9921594450012549}, "results": {"auc": 0.9999161719669754, "falsepos": 1.814421469248373e-05, "prediction_time": 18.881489962590276}, "train": {"index": 11.507640927381027, "non_null": 0.006695623189453381, "recall": 0.9974019108489672}}