{"estimate": {"fullscore": 0.9999995999569068}, "model": {"distinct": 869}, "product": {"weighted_avg": 9.643906947332558}, "reports": {"index": 536.6836532956178, "meanscore": 0.9999999964996835}, "results": {"auc": 1.0, "falsepos": 0.0, "prediction_time": 1622.306525782236}, "train": {"index": 6814.632549536442, "non_null": 2.6645352591003757e-15, "recall": 1.0}}