{"estimate": {"fullscore": 0.9998657194745019}, "model": {"distinct": 646}, "product": {"weighted_avg": 6.6698576643384815}, "reports": {"index": 81.95237178333932, "meanscore": 0.9999880893352744}, "results": {"auc": 0.9999999999999476, "falsepos": 8.881784197001252e-14, "prediction_time": 215.79358006987846}, "train": {"index": 365.5570760566329, "non_null": 5.853327966764965e-08, "recall": 0.9999999995228253}}