{"estimate": {"fullscore": 0.9997835113874591}, "model": {"distinct": 616}, "product": {"weighted_avg": 6.261377893035892}, "reports": {"index": 65.32684525468349, "meanscore": 0.9999712249208577}, "results": {"auc": 0.9999999999987013, "falsepos": 3.823608096809039e-13, "prediction_time": 141.89309192050447}, "train": {"index": 223.92939490918417, "non_null": 2.3764619205834947e-07, "recall": 0.9999999895093983}}