{"estimate": {"fullscore": 0.9999986669826584}, "model": {"distinct": 836}, "product": {"weighted_avg": 9.250775988558262}, "reports": {"index": 458.2138044823117, "meanscore": 0.999999987930727}, "results": {"auc": 1.0, "falsepos": 0.0, "prediction_time": 1173.6973882092568}, "train": {"index": 4305.0822754668725, "non_null": 3.9745984281580604e-14, "recall": 1.0}}