{"estimate": {"fullscore": 0.9908401582888826}, "model": {"distinct": 402}, "product": {"weighted_avg": 3.799401673431983}, "reports": {"index": 12.810858379842596, "meanscore": 0.9969108352031473}, "results": {"auc": 0.9999963740537379, "falsepos": 3.74388162227568e-06, "prediction_time": 25.5135499168229}, "train": {"index": 20.847673553503313, "non_null": 0.0011145182442517942, "recall": 0.9995121423156901}}