{"estimate": {"fullscore": 0.9998108641213257}, "model": {"distinct": 616}, "product": {"weighted_avg": 6.475098899719364}, "reports": {"index": 73.61616238717151, "meanscore": 0.9999815542553835}, "results": {"auc": 0.9999999999997476, "falsepos": 8.615330671091215e-14, "prediction_time": 187.6500015829657}, "train": {"index": 288.573486753798, "non_null": 1.06108730024701e-07, "recall": 0.9999999986608973}}