{"estimate": {"fullscore": 0.9866535767731903}, "model": {"distinct": 397}, "product": {"weighted_avg": 3.5940217938897043}, "reports": {"index": 11.08709195680059, "meanscore": 0.994901821732839}, "results": {"auc": 0.9999817789408585, "falsepos": 9.825656888451384e-06, "prediction_time": 22.204775445042692}, "train": {"index": 16.34765410057554, "non_null": 0.0022636575539890513, "recall": 0.999058783296412}}