{"estimate": {"fullscore": 0.8942323008424402}, "model": {"distinct": 247}, "product": {"weighted_avg": 1.8054497125299092}, "reports": {"index": 3.865231673196586, "meanscore": 0.9578288764675085}, "results": {"auc": 0.9929350471579386, "falsepos": 0.004085076449327429, "prediction_time": 5.934298748720281}, "train": {"index": 2.547623073241071, "non_null": 0.08844076959318392, "recall": 0.9386243743071084}}