{"estimate": {"fullscore": 0.9883273994805689}, "model": {"distinct": 379}, "product": {"weighted_avg": 3.492602598189008}, "reports": {"index": 11.988727136533436, "meanscore": 0.9951587196932257}, "results": {"auc": 0.9999805735869507, "falsepos": 5.1623057628624736e-06, "prediction_time": 19.456892410483313}, "train": {"index": 14.713050673524316, "non_null": 0.002629395856917238, "recall": 0.9989450004873974}}