{"estimate": {"fullscore": 0.871315566098003}, "model": {"distinct": 223}, "product": {"weighted_avg": 1.498265779955816}, "reports": {"index": 3.440040489572055, "meanscore": 0.9445047814064245}, "results": {"auc": 0.9834586557814842, "falsepos": 0.0072798355884364785, "prediction_time": 4.440820154444772}, "train": {"index": 2.0083269365016068, "non_null": 0.10818569051730798, "recall": 0.9037717293130942}}