{"estimate": {"fullscore": 0.9709645629674225}, "model": {"distinct": 349}, "product": {"weighted_avg": 2.784790428614622}, "reports": {"index": 7.653712580286895, "meanscore": 0.9888196390731151}, "results": {"auc": 0.9996791257988955, "falsepos": 0.00015756306116809782, "prediction_time": 14.523619665605523}, "train": {"index": 7.961443181758334, "non_null": 0.015433605959671692, "recall": 0.9941367891870079}}