{"estimate": {"fullscore": 0.8645071613695051}, "model": {"distinct": 221}, "product": {"weighted_avg": 1.39270953531239}, "reports": {"index": 3.0993506391211136, "meanscore": 0.9345254479003688}, "results": {"auc": 0.9732723918613941, "falsepos": 0.01251256406671597, "prediction_time": 4.116473659752678}, "train": {"index": 1.7991145595602134, "non_null": 0.12882899876068943, "recall": 0.8814225284141519}}