{"estimate": {"fullscore": 0.9999796048770049}, "model": {"distinct": 714}, "product": {"weighted_avg": 7.547882512968374}, "reports": {"index": 155.7078564080341, "meanscore": 0.9999988788881303}, "results": {"auc": 1.0, "falsepos": 0.0, "prediction_time": 360.6184260363354}, "train": {"index": 870.102113066102, "non_null": 1.9346790836038963e-10, "recall": 0.9999999999984784}}