{"estimate": {"fullscore": 0.998951285715588}, "model": {"distinct": 553}, "product": {"weighted_avg": 5.455439720340974}, "reports": {"index": 38.502185131394185, "meanscore": 0.9998637733964247}, "results": {"auc": 0.999999999849996, "falsepos": 1.582435293911999e-10, "prediction_time": 96.57443416740618}, "train": {"index": 117.11284524207704, "non_null": 8.969519197044029e-06, "recall": 0.999999540775546}}