{"estimate": {"fullscore": 0.9951448190388464}, "model": {"distinct": 436}, "product": {"weighted_avg": 4.191069988370372}, "reports": {"index": 19.920116958715475, "meanscore": 0.9986602345185221}, "results": {"auc": 0.9999993389158681, "falsepos": 2.760757293884808e-07, "prediction_time": 35.582248149475525}, "train": {"index": 34.25175892871331, "non_null": 0.0002501080499329733, "recall": 0.9999453381549692}}