{"estimate": {"fullscore": 0.9941959494638155}, "model": {"distinct": 442}, "product": {"weighted_avg": 4.07546566441137}, "reports": {"index": 18.121812670654723, "meanscore": 0.9984991464097426}, "results": {"auc": 0.9999993759292761, "falsepos": 2.30959194658098e-07, "prediction_time": 34.84889237592587}, "train": {"index": 30.68457907028827, "non_null": 0.00032421902792756363, "recall": 0.9999222129627794}}