{"estimate": {"fullscore": 0.9989637099250073}, "model": {"distinct": 554}, "product": {"weighted_avg": 5.457880114418675}, "reports": {"index": 38.675223848137854, "meanscore": 0.9998664509485897}, "results": {"auc": 0.9999999998535535, "falsepos": 1.3369250151384904e-10, "prediction_time": 95.62027904683137}, "train": {"index": 116.48753910293742, "non_null": 9.005137272977137e-06, "recall": 0.9999995510540999}}