{"estimate": {"fullscore": 0.9975949299474594}, "model": {"distinct": 494}, "product": {"weighted_avg": 4.8101096491888065}, "reports": {"index": 22.60026935618476, "meanscore": 0.999290492909336}, "results": {"auc": 0.9999999824422123, "falsepos": 1.7437890242888443e-08, "prediction_time": 54.89311803912999}, "train": {"index": 53.67723629851862, "non_null": 9.719648237527245e-05, "recall": 0.9999869795962139}}