{"estimate": {"fullscore": 0.9755655800197154}, "model": {"distinct": 358}, "product": {"weighted_avg": 2.9874931202638733}, "reports": {"index": 8.09815684773327, "meanscore": 0.9904781305709458}, "results": {"auc": 0.9998583609103757, "falsepos": 5.9526876918458704e-05, "prediction_time": 14.21344149873691}, "train": {"index": 8.924847228672922, "non_null": 0.008334118076599006, "recall": 0.9944788674408074}}