{"estimate": {"fullscore": 0.9989436913895617}, "model": {"distinct": 555}, "product": {"weighted_avg": 5.449225109782969}, "reports": {"index": 37.95873878219136, "meanscore": 0.9998656354843769}, "results": {"auc": 0.999999999843121, "falsepos": 1.4658230185204957e-10, "prediction_time": 95.75676249341686}, "train": {"index": 114.74164830167975, "non_null": 8.670601498894648e-06, "recall": 0.9999995346983552}}