{"estimate": {"fullscore": 0.9999994449711906}, "model": {"distinct": 874}, "product": {"weighted_avg": 9.549604397899236}, "reports": {"index": 477.6378661130937, "meanscore": 0.9999999943633843}, "results": {"auc": 1.0, "falsepos": 0.0, "prediction_time": 1471.4886279056411}, "train": {"index": 6150.004631381414, "non_null": 7.216449660063518e-15, "recall": 1.0}}