{"estimate": {"fullscore": 0.9269139046364044}, "model": {"distinct": 285}, "product": {"weighted_avg": 1.9941505943429672}, "reports": {"index": 4.022484556967633, "meanscore": 0.9719919523726329}, "results": {"auc": 0.9972674786441889, "falsepos": 0.0011324849475055077, "prediction_time": 7.014092922262648}, "train": {"index": 3.599525937361731, "non_null": 0.04563328016019086, "recall": 0.9535179544110184}}