{"estimate": {"fullscore": 0.9436795659732493}, "model": {"distinct": 288}, "product": {"weighted_avg": 2.289158918214161}, "reports": {"index": 5.067021038361558, "meanscore": 0.9773872783870781}, "results": {"auc": 0.9983541480292416, "falsepos": 0.0008810703464827707, "prediction_time": 7.929669943350645}, "train": {"index": 4.339266347549709, "non_null": 0.028177518551226854, "recall": 0.9729240072514894}}