{"estimate": {"fullscore": 0.9880994941637795}, "model": {"distinct": 394}, "product": {"weighted_avg": 3.579153028020397}, "reports": {"index": 11.61578569209629, "meanscore": 0.9954262008256071}, "results": {"auc": 0.9999801621368458, "falsepos": 5.398825781766092e-06, "prediction_time": 21.516386198077427}, "train": {"index": 15.65889622115095, "non_null": 0.0028224049788834193, "recall": 0.9990953613382791}}