{"estimate": {"fullscore": 0.9764201956876417}, "model": {"distinct": 355}, "product": {"weighted_avg": 2.9054286660597928}, "reports": {"index": 8.43859380958002, "meanscore": 0.9918907462215527}, "results": {"auc": 0.9998410373788016, "falsepos": 8.944642071573305e-05, "prediction_time": 13.872398284793997}, "train": {"index": 8.495848482202605, "non_null": 0.010123873010240425, "recall": 0.9947187682794865}}