{"estimate": {"fullscore": 0.9993927673292329}, "model": {"distinct": 575}, "product": {"weighted_avg": 5.694020134976838}, "reports": {"index": 50.89703362833776, "meanscore": 0.9998968751200401}, "results": {"auc": 0.9999999998692167, "falsepos": 7.256306666647561e-12, "prediction_time": 99.5126421638451}, "train": {"index": 123.79712085021626, "non_null": 2.446385915400029e-06, "recall": 0.9999998867949925}}