{"estimate": {"fullscore": 0.9999613815030535}, "model": {"distinct": 696}, "product": {"weighted_avg": 7.418843771433526}, "reports": {"index": 152.27305770959887, "meanscore": 0.99999662829804}, "results": {"auc": 0.9999999999999999, "falsepos": 1.1102230246251565e-16, "prediction_time": 314.1135050670034}, "train": {"index": 749.9209966976147, "non_null": 6.814154795975469e-10, "recall": 0.9999999999966782}}