{"estimate": {"fullscore": 0.9998190524123713}, "model": {"distinct": 617}, "product": {"weighted_avg": 6.446037241147993}, "reports": {"index": 79.59551102940135, "meanscore": 0.999981434877881}, "results": {"auc": 0.9999999999996051, "falsepos": 2.007283228522283e-13, "prediction_time": 167.74258547424208}, "train": {"index": 289.82300845637815, "non_null": 8.480260793586325e-08, "recall": 0.9999999983924122}}