{"estimate": {"fullscore": 0.9858225665378121}, "model": {"distinct": 399}, "product": {"weighted_avg": 3.5840398370280364}, "reports": {"index": 10.640926176806486, "meanscore": 0.9963908719671883}, "results": {"auc": 0.9999850512171614, "falsepos": 6.028310368222378e-06, "prediction_time": 22.6538989154791}, "train": {"index": 17.297750458271643, "non_null": 0.002033239336780013, "recall": 0.9990083358283683}}