{"estimate": {"fullscore": 0.9999994253271896}, "model": {"distinct": 868}, "product": {"weighted_avg": 9.474685204293804}, "reports": {"index": 516.2884166641361, "meanscore": 0.9999999886727539}, "results": {"auc": 1.0, "falsepos": 0.0, "prediction_time": 1378.9798355647088}, "train": {"index": 5383.775411274759, "non_null": 1.0658141036401503e-14, "recall": 1.0}}