{"estimate": {"fullscore": 0.9999904357229292}, "model": {"distinct": 749}, "product": {"weighted_avg": 7.887895724572929}, "reports": {"index": 221.97434098008048, "meanscore": 0.9999991734475515}, "results": {"auc": 1.0, "falsepos": 0.0, "prediction_time": 460.8134193089013}, "train": {"index": 1358.6371634614368, "non_null": 2.831501699773753e-11, "recall": 0.9999999999999385}}