{"estimate": {"fullscore": 0.9665204527818098}, "model": {"distinct": 325}, "product": {"weighted_avg": 2.681211975511692}, "reports": {"index": 7.23535926229561, "meanscore": 0.9872657906081159}, "results": {"auc": 0.9995982408275851, "falsepos": 0.00014087732665657438, "prediction_time": 12.456592775810119}, "train": {"index": 7.034899789469825, "non_null": 0.017751708026389146, "recall": 0.9917715656204359}}