{"estimate": {"fullscore": 0.7536995544038103}, "model": {"distinct": 146}, "product": {"weighted_avg": 0.47635764854614143}, "reports": {"index": 1.7270474438912717, "meanscore": 0.839349727932209}, "results": {"auc": 0.8269634851037798, "falsepos": 0.08887797296798872, "prediction_time": 2.06372137988758}, "train": {"index": 0.7108010813537452, "non_null": 0.3607710670089542, "recall": 0.5827940217221237}}