{"estimate": {"fullscore": 0.7452998029153783}, "model": {"distinct": 149}, "product": {"weighted_avg": 0.4719448474214148}, "reports": {"index": 1.6805535014408308, "meanscore": 0.8422995915282605}, "results": {"auc": 0.8248144832367802, "falsepos": 0.09335133412399221, "prediction_time": 2.0391838045223136}, "train": {"index": 0.7196017825243328, "non_null": 0.3570091887492385, "recall": 0.5840885424521884}}