{"estimate": {"fullscore": 0.9995923287249993}, "model": {"distinct": 580}, "product": {"weighted_avg": 5.974936546275584}, "reports": {"index": 51.66252059509128, "meanscore": 0.9999292555929441}, "results": {"auc": 0.9999999999942907, "falsepos": 2.4229507289419416e-12, "prediction_time": 129.77357663881895}, "train": {"index": 178.27352998284766, "non_null": 7.828834246437211e-07, "recall": 0.9999999602350145}}