{"estimate": {"fullscore": 0.9604009833109498}, "model": {"distinct": 304}, "product": {"weighted_avg": 2.4490747402761213}, "reports": {"index": 5.786848001311076, "meanscore": 0.9838039601016046}, "results": {"auc": 0.998804279515069, "falsepos": 0.00043002021735127904, "prediction_time": 10.747297029044566}, "train": {"index": 5.188104855648222, "non_null": 0.029773672142803465, "recall": 0.9835424166684541}}