{"estimate": {"fullscore": 0.9999952616085102}, "model": {"distinct": 759}, "product": {"weighted_avg": 8.347226062239972}, "reports": {"index": 223.4903028603778, "meanscore": 0.9999996982817682}, "results": {"auc": 1.0, "falsepos": 0.0, "prediction_time": 644.3990974422345}, "train": {"index": 1938.266172685117, "non_null": 4.728772928785929e-12, "recall": 0.9999999999999913}}