{"estimate": {"fullscore": 0.9999932125594708}, "model": {"distinct": 756}, "product": {"weighted_avg": 8.177003480492404}, "reports": {"index": 218.30583345225836, "meanscore": 0.9999995632704943}, "results": {"auc": 1.0, "falsepos": 0.0, "prediction_time": 560.2854937068391}, "train": {"index": 1608.5331856860294, "non_null": 1.010680428237265e-11, "recall": 0.9999999999999807}}