{"estimate": {"fullscore": 0.9950835983168713}, "model": {"distinct": 437}, "product": {"weighted_avg": 4.183225221300296}, "reports": {"index": 19.583584068852485, "meanscore": 0.9986618959648828}, "results": {"auc": 0.9999993075327344, "falsepos": 2.8214754199673564e-07, "prediction_time": 35.502995927216666}, "train": {"index": 33.673105528281, "non_null": 0.00024325518917356348, "recall": 0.999944167562551}}