{"estimate": {"fullscore": 0.9964659008657308}, "model": {"distinct": 468}, "product": {"weighted_avg": 4.564799163360236}, "reports": {"index": 21.399697611490645, "meanscore": 0.999294248647457}, "results": {"auc": 0.9999999053357123, "falsepos": 2.010562516474579e-08, "prediction_time": 47.938796748718275}, "train": {"index": 44.922036254969875, "non_null": 0.00014232808481418058, "recall": 0.9999808366777377}}