{"estimate": {"fullscore": 0.9998181539657925}, "model": {"distinct": 617}, "product": {"weighted_avg": 6.44627177403256}, "reports": {"index": 79.46646825473148, "meanscore": 0.9999812927275815}, "results": {"auc": 0.999999999999601, "falsepos": 2.0239365738916604e-13, "prediction_time": 167.53518766907047}, "train": {"index": 289.84435979437177, "non_null": 8.454164934779129e-08, "recall": 0.9999999983948618}}