{"estimate": {"fullscore": 0.7844979911008132}, "model": {"distinct": 154}, "product": {"weighted_avg": 0.5354837166696593}, "reports": {"index": 1.7417334555997495, "meanscore": 0.8642551926247519}, "results": {"auc": 0.90072965426946, "falsepos": 0.06280846416789299, "prediction_time": 2.6802797555162323}, "train": {"index": 0.8827493557731263, "non_null": 0.334904313096243, "recall": 0.6523867959194507}}