{"estimate": {"fullscore": 0.9999970499675646}, "model": {"distinct": 786}, "product": {"weighted_avg": 8.635658069082771}, "reports": {"index": 282.1069508505013, "meanscore": 0.9999998413821942}, "results": {"auc": 1.0, "falsepos": 0.0, "prediction_time": 669.3437622580414}, "train": {"index": 2430.2508229800274, "non_null": 1.1574075031717257e-12, "recall": 0.999999999999998}}