{"estimate": {"fullscore": 0.9557977116875934}, "model": {"distinct": 306}, "product": {"weighted_avg": 2.450565629744549}, "reports": {"index": 6.071692138309065, "meanscore": 0.9801883069682332}, "results": {"auc": 0.9989816125148855, "falsepos": 0.00042375664907723376, "prediction_time": 11.019807969042617}, "train": {"index": 5.520884437415635, "non_null": 0.02819844589742282, "recall": 0.9861989797908151}}