{"estimate": {"fullscore": 0.9999987059123678}, "model": {"distinct": 809}, "product": {"weighted_avg": 8.892880436659821}, "reports": {"index": 360.8237136555663, "meanscore": 0.9999999419730836}, "results": {"auc": 1.0, "falsepos": 0.0, "prediction_time": 942.3449837902666}, "train": {"index": 3436.176637070108, "non_null": 2.3003821070233244e-13, "recall": 0.9999999999999999}}