{"estimate": {"fullscore": 0.9999994254825408}, "model": {"distinct": 869}, "product": {"weighted_avg": 9.474707576533952}, "reports": {"index": 516.3191589984937, "meanscore": 0.9999999886774865}, "results": {"auc": 1.0, "falsepos": 0.0, "prediction_time": 1378.8025184622477}, "train": {"index": 5383.419846416373, "non_null": 1.0658141036401503e-14, "recall": 1.0}}