{"estimate": {"fullscore": 0.9822884412508766}, "model": {"distinct": 361}, "product": {"weighted_avg": 3.1531792314002414}, "reports": {"index": 8.762251310672081, "meanscore": 0.9933193999991449}, "results": {"auc": 0.9999285495970103, "falsepos": 2.515886638765341e-05, "prediction_time": 16.42590588593759}, "train": {"index": 10.363089059894962, "non_null": 0.006343971527218217, "recall": 0.9962631428981878}}