{"estimate": {"fullscore": 0.9977902361649533}, "model": {"distinct": 489}, "product": {"weighted_avg": 4.888529980207021}, "reports": {"index": 22.997928651077057, "meanscore": 0.9993160946554364}, "results": {"auc": 0.9999999777332681, "falsepos": 1.112451053497665e-08, "prediction_time": 56.9579976268759}, "train": {"index": 54.90474232278101, "non_null": 8.69789765000073e-05, "recall": 0.9999886662281335}}