{"estimate": {"fullscore": 0.9983043719097251}, "model": {"distinct": 515}, "product": {"weighted_avg": 5.2173878775955025}, "reports": {"index": 29.147852126086256, "meanscore": 0.9997733956380214}, "results": {"auc": 0.9999999981484062, "falsepos": 6.676817987383288e-10, "prediction_time": 74.33622379366489}, "train": {"index": 80.62027991416609, "non_null": 2.9992560419023206e-05, "recall": 0.9999973469988299}}