{"estimate": {"fullscore": 0.8270595573703806}, "model": {"distinct": 192}, "product": {"weighted_avg": 0.9774703044468251}, "reports": {"index": 2.172022460753839, "meanscore": 0.8933034392198631}, "results": {"auc": 0.9535758455397725, "falsepos": 0.024707871219403654, "prediction_time": 3.292108810397311}, "train": {"index": 1.199797307141334, "non_null": 0.19946958404567738, "recall": 0.7684465146275898}}