{"estimate": {"fullscore": 0.8673910202978953}, "model": {"distinct": 229}, "product": {"weighted_avg": 1.3869687802286013}, "reports": {"index": 2.9885427014578267, "meanscore": 0.938390782881354}, "results": {"auc": 0.9789102358082421, "falsepos": 0.012165282996411175, "prediction_time": 4.702502734636318}, "train": {"index": 1.8299657437744736, "non_null": 0.13664067550904102, "recall": 0.8889318504460268}}