{"estimate": {"fullscore": 0.9999571426739873}, "model": {"distinct": 682}, "product": {"weighted_avg": 7.322000149408294}, "reports": {"index": 134.98032307746067, "meanscore": 0.9999974353402082}, "results": {"auc": 0.9999999999999998, "falsepos": 4.440892098500626e-16, "prediction_time": 299.00270452602365}, "train": {"index": 661.4390798507662, "non_null": 2.2703776636490147e-09, "recall": 0.9999999999906806}}