{"estimate": {"fullscore": 0.9688548405785055}, "model": {"distinct": 326}, "product": {"weighted_avg": 2.6755093041228246}, "reports": {"index": 7.790769089059359, "meanscore": 0.9878006648725903}, "results": {"auc": 0.9997068303618557, "falsepos": 0.00013570250945849072, "prediction_time": 12.166238295682744}, "train": {"index": 7.485983400328159, "non_null": 0.014757860289153824, "recall": 0.9926753115653889}}