{"estimate": {"fullscore": 0.9580949922558252}, "model": {"distinct": 303}, "product": {"weighted_avg": 2.4347236835236314}, "reports": {"index": 5.695640095149715, "meanscore": 0.9835977272909195}, "results": {"auc": 0.9988133780101472, "falsepos": 0.0004487248251014986, "prediction_time": 10.525547716389463}, "train": {"index": 5.106565234706862, "non_null": 0.028948939645935035, "recall": 0.9832650263706613}}