{"estimate": {"fullscore": 0.960330789420436}, "model": {"distinct": 304}, "product": {"weighted_avg": 2.449384660987432}, "reports": {"index": 5.778193524829246, "meanscore": 0.9838469844940287}, "results": {"auc": 0.9988091822369459, "falsepos": 0.00043116388884345547, "prediction_time": 10.747205467734707}, "train": {"index": 5.182256858155344, "non_null": 0.029785952299271168, "recall": 0.9834491502696271}}