{"estimate": {"fullscore": 0.9978994140847404}, "model": {"distinct": 490}, "product": {"weighted_avg": 4.898326368260527}, "reports": {"index": 23.755735947965437, "meanscore": 0.9993530008305821}, "results": {"auc": 0.9999999803422057, "falsepos": 8.239165349976929e-09, "prediction_time": 56.55742399230037}, "train": {"index": 55.40227696343514, "non_null": 9.217188939225629e-05, "recall": 0.9999892253617937}}