{"estimate": {"fullscore": 0.999585360010518}, "model": {"distinct": 575}, "product": {"weighted_avg": 5.8415556601024585}, "reports": {"index": 51.838600782507044, "meanscore": 0.9999510000488709}, "results": {"auc": 0.9999999999907814, "falsepos": 1.5619727733451327e-12, "prediction_time": 123.3765157620379}, "train": {"index": 161.29761886285905, "non_null": 1.562622682360626e-06, "recall": 0.9999999551901911}}