{"estimate": {"fullscore": 0.9609962675992857}, "model": {"distinct": 319}, "product": {"weighted_avg": 2.470110800885436}, "reports": {"index": 6.738741740221948, "meanscore": 0.984293824833421}, "results": {"auc": 0.9994453399715355, "falsepos": 0.0004590078050623614, "prediction_time": 10.513131769723085}, "train": {"index": 5.851186538587887, "non_null": 0.019863200956995786, "recall": 0.9885287735893636}}