{"estimate": {"fullscore": 0.9998041762279581}, "model": {"distinct": 619}, "product": {"weighted_avg": 6.443307688796283}, "reports": {"index": 76.47643666852343, "meanscore": 0.9999795743381951}, "results": {"auc": 0.9999999999995157, "falsepos": 2.142730437526552e-13, "prediction_time": 163.6154202850768}, "train": {"index": 284.1769064107424, "non_null": 7.801358115067103e-08, "recall": 0.9999999984071528}}