{"estimate": {"fullscore": 0.9997576016866987}, "model": {"distinct": 612}, "product": {"weighted_avg": 6.2276989759075825}, "reports": {"index": 59.71157671972861, "meanscore": 0.9999685196637446}, "results": {"auc": 0.9999999999984212, "falsepos": 7.989164885202626e-13, "prediction_time": 151.7985267726068}, "train": {"index": 218.4426622699534, "non_null": 3.784775590709444e-07, "recall": 0.9999999868734335}}