{"estimate": {"fullscore": 0.9881103892774774}, "model": {"distinct": 394}, "product": {"weighted_avg": 3.579269369152126}, "reports": {"index": 11.620167866938013, "meanscore": 0.9954324514344091}, "results": {"auc": 0.9999801936709265, "falsepos": 5.33790309820148e-06, "prediction_time": 21.499127227148747}, "train": {"index": 15.652555096695163, "non_null": 0.002828204882613594, "recall": 0.999097069572713}}