{"estimate": {"fullscore": 0.9936408132778155}, "model": {"distinct": 425}, "product": {"weighted_avg": 4.053956144150381}, "reports": {"index": 15.666085834405765, "meanscore": 0.9978840611441652}, "results": {"auc": 0.9999974044773632, "falsepos": 5.545541854612424e-07, "prediction_time": 30.860743462844127}, "train": {"index": 24.014888560226986, "non_null": 0.0006980953791249078, "recall": 0.9998210766037068}}