{"estimate": {"fullscore": 0.9998056475382731}, "model": {"distinct": 618}, "product": {"weighted_avg": 6.446558991264062}, "reports": {"index": 76.73626998220857, "meanscore": 0.9999796709341983}, "results": {"auc": 0.9999999999995067, "falsepos": 1.8984813721090177e-13, "prediction_time": 163.59291539554724}, "train": {"index": 284.2305614921659, "non_null": 8.243795557305589e-08, "recall": 0.9999999983372564}}