{"estimate": {"fullscore": 0.9850901297270025}, "model": {"distinct": 365}, "product": {"weighted_avg": 3.32760419214072}, "reports": {"index": 10.871868200535934, "meanscore": 0.9955961197013085}, "results": {"auc": 0.9999582775448788, "falsepos": 7.44887506320957e-06, "prediction_time": 19.43482037497268}, "train": {"index": 13.318956221974926, "non_null": 0.004173968451600341, "recall": 0.9986563196882043}}