{"estimate": {"fullscore": 0.9998199392026847}, "model": {"distinct": 617}, "product": {"weighted_avg": 6.447063251498413}, "reports": {"index": 79.7319066842103, "meanscore": 0.9999815872778556}, "results": {"auc": 0.999999999999609, "falsepos": 1.8707257964933888e-13, "prediction_time": 167.10456480358252}, "train": {"index": 289.21794325558653, "non_null": 8.466015311014985e-08, "recall": 0.9999999984068944}}