{"estimate": {"fullscore": 0.9999997641239008}, "model": {"distinct": 880}, "product": {"weighted_avg": 9.836417051200598}, "reports": {"index": 538.9656119257259, "meanscore": 0.9999999949968099}, "results": {"auc": 1.0, "falsepos": 0.0, "prediction_time": 1684.47948961}, "train": {"index": 7257.943690675627, "non_null": 1.7763568394002505e-15, "recall": 1.0}}