{"estimate": {"fullscore": 0.9999956099460936}, "model": {"distinct": 758}, "product": {"weighted_avg": 8.382496351367996}, "reports": {"index": 245.77060833458614, "meanscore": 0.9999997295419027}, "results": {"auc": 1.0, "falsepos": 0.0, "prediction_time": 601.0414527733165}, "train": {"index": 1963.7510684145905, "non_null": 2.4308333124167802e-12, "recall": 0.9999999999999936}}