{"estimate": {"fullscore": 0.913817475710046}, "model": {"distinct": 253}, "product": {"weighted_avg": 1.8703040225133205}, "reports": {"index": 3.51558193350427, "meanscore": 0.9652906878822594}, "results": {"auc": 0.9949737611476053, "falsepos": 0.003687216994584075, "prediction_time": 6.413957047539306}, "train": {"index": 2.842227879375546, "non_null": 0.0646771146089935, "recall": 0.9361033732032873}}