{"estimate": {"fullscore": 0.9838011419030736}, "model": {"distinct": 362}, "product": {"weighted_avg": 3.1918257202677096}, "reports": {"index": 9.61457528865238, "meanscore": 0.9929597191005628}, "results": {"auc": 0.9999366087668302, "falsepos": 1.262330561435654e-05, "prediction_time": 18.485130853848982}, "train": {"index": 12.179435254698651, "non_null": 0.005695284039495485, "recall": 0.9977249046578998}}