{"estimate": {"fullscore": 0.9941323255176497}, "model": {"distinct": 437}, "product": {"weighted_avg": 4.074290393319262}, "reports": {"index": 17.297640502574673, "meanscore": 0.9979608397344806}, "results": {"auc": 0.9999986254232065, "falsepos": 3.7594443580424297e-07, "prediction_time": 29.77355299759542}, "train": {"index": 26.22476372132847, "non_null": 0.00046602067338008535, "recall": 0.9998549100614477}}