{"estimate": {"fullscore": 0.8114890320364534}, "model": {"distinct": 170}, "product": {"weighted_avg": 0.8649058607722584}, "reports": {"index": 2.079846111629557, "meanscore": 0.8834800461963638}, "results": {"auc": 0.9300939196746145, "falsepos": 0.03413912436265898, "prediction_time": 2.936009715543442}, "train": {"index": 1.0945298795738505, "non_null": 0.20715980452174176, "recall": 0.7411456395156379}}