{"estimate": {"fullscore": 0.9984992694032425}, "model": {"distinct": 512}, "product": {"weighted_avg": 5.202183983490884}, "reports": {"index": 28.568423933586484, "meanscore": 0.9996027384199154}, "results": {"auc": 0.9999999971054174, "falsepos": 3.3325132653416745e-09, "prediction_time": 69.33573452064354}, "train": {"index": 75.53749675904984, "non_null": 3.964514020959875e-05, "recall": 0.9999964519613821}}