{"estimate": {"fullscore": 0.9976742436097056}, "model": {"distinct": 493}, "product": {"weighted_avg": 4.816660672938033}, "reports": {"index": 23.19895721002473, "meanscore": 0.9993110519587884}, "results": {"auc": 0.9999999840234108, "falsepos": 1.6368857269632997e-08, "prediction_time": 55.34209117177421}, "train": {"index": 54.593986347462035, "non_null": 0.0001011742548986394, "recall": 0.9999871834800462}}