{"estimate": {"fullscore": 0.9999995306142755}, "model": {"distinct": 870}, "product": {"weighted_avg": 9.565097382582987}, "reports": {"index": 552.6106551816005, "meanscore": 0.9999999958355804}, "results": {"auc": 1.0, "falsepos": 0.0, "prediction_time": 1420.2682714453508}, "train": {"index": 6716.487073656806, "non_null": 2.220446049250313e-15, "recall": 1.0}}