{"estimate": {"fullscore": 0.9900320787203036}, "model": {"distinct": 404}, "product": {"weighted_avg": 3.7734824895113683}, "reports": {"index": 12.333587752235445, "meanscore": 0.9966996871574761}, "results": {"auc": 0.999993736382481, "falsepos": 5.270404054402711e-06, "prediction_time": 24.585937433219993}, "train": {"index": 20.57723129268611, "non_null": 0.0012642069595485417, "recall": 0.9994409965663259}}