{"estimate": {"fullscore": 0.9999986827054175}, "model": {"distinct": 809}, "product": {"weighted_avg": 8.893830372241062}, "reports": {"index": 359.2465253038358, "meanscore": 0.9999999404832104}, "results": {"auc": 1.0, "falsepos": 0.0, "prediction_time": 939.458570507778}, "train": {"index": 3438.5566287270417, "non_null": 2.2715163083830703e-13, "recall": 0.9999999999999999}}