{"estimate": {"fullscore": 0.9989544164743047}, "model": {"distinct": 555}, "product": {"weighted_avg": 5.465702414355484}, "reports": {"index": 38.23832817245278, "meanscore": 0.9998527023494564}, "results": {"auc": 0.9999999998373756, "falsepos": 1.391829984598303e-10, "prediction_time": 94.43394098755253}, "train": {"index": 115.78023231532522, "non_null": 8.848689527551912e-06, "recall": 0.9999995624626572}}