{"estimate": {"fullscore": 0.9999020046661554}, "model": {"distinct": 647}, "product": {"weighted_avg": 6.771078467876053}, "reports": {"index": 87.9648562817526, "meanscore": 0.9999917166178693}, "results": {"auc": 0.9999999999999892, "falsepos": 5.440092820663267e-15, "prediction_time": 213.86526234086858}, "train": {"index": 426.400972123164, "non_null": 1.651974079752705e-08, "recall": 0.9999999996344107}}