{"estimate": {"fullscore": 0.888457699713583}, "model": {"distinct": 254}, "product": {"weighted_avg": 1.6372163850534047}, "reports": {"index": 3.8621151458347294, "meanscore": 0.9523213105724351}, "results": {"auc": 0.9888779307019449, "falsepos": 0.004444036652822447, "prediction_time": 5.111813310035707}, "train": {"index": 2.468148620239056, "non_null": 0.08857013568023064, "recall": 0.9286842093488368}}