{"estimate": {"fullscore": 0.7808814251180752}, "model": {"distinct": 155}, "product": {"weighted_avg": 0.5288247851011804}, "reports": {"index": 1.6948395018768796, "meanscore": 0.8619808985883299}, "results": {"auc": 0.8976181501208748, "falsepos": 0.06485112136064997, "prediction_time": 2.661654088210593}, "train": {"index": 0.8691981957838056, "non_null": 0.3307220413901266, "recall": 0.650677760225983}}